2.2127963875000e-02 -2.9718355872938e+01
2.2137963875000e-02 -2.7904414486055e+01
2.2147963875000e-02 -2.5715867544457e+01
2.2157963875000e-02 -2.2950082753637e+01
2.2167963875000e-02 -1.9707184609250e+01
2.2177963875000e-02 -1.6359134979771e+01
2.2187963875000e-02 -1.2852274373370e+01
2.2197963875000e-02 -8.1860277775401e+00
2.2207963875000e-02 -6.7738326874075e+00
2.2217963875000e-02 -6.3080831254556e+00
2.2227963875000e-02 -4.1190189475965e+00
2.2237963875000e-02 -2.4943113374800e+00
2.2247963875000e-02 -2.5819444488341e+00
2.2257963875000e-02 -3.7526863144973e+00
2.2267963875000e-02 -1.4840409051653e+00
2.2277963875000e-02 -1.8338741726178e+00
2.2287963875000e-02 -5.5558866405252e-01
2.2297963875000e-02 9.0919325218933e-01
2.2307963875000e-02 2.1082249875826e+00
2.2317963875000e-02 4.4134375341230e+00
2.2327963875000e-02 5.6219159655801e+00
2.2337963875000e-02 6.0354164787268e+00
2.2347963875000e-02 5.8115579026923e+00
2.2357963875000e-02 6.1102537010093e+00
2.2367963875000e-02 7.9221926535136e+00
2.2377963875000e-02 9.7788956289092e+00
2.2387963875000e-02 1.0518051610831e+01
2.2397963875000e-02 1.2364568842827e+01
2.2407963875000e-02 1.5962101599908e+01
2.2417963875000e-02 1.8776093166280e+01
2.2427963875000e-02 2.1131052425459e+01
2.2437963875000e-02 2.1115982150607e+01
2.2447963875000e-02 2.1293593105700e+01
2.2457963875000e-02 2.0764750042802e+01
2.2467963875000e-02 2.0838759590654e+01
2.2477963875000e-02 2.1528911569163e+01
2.2487963875000e-02 2.2781692725522e+01
2.2497963875000e-02 2.2711283440131e+01
2.2507963875000e-02 2.2646790910709e+01
2.2517963875000e-02 2.3685293696647e+01
2.2527963875000e-02 2.3818154165793e+01
2.2537963875000e-02 2.3356121967893e+01
2.2547963875000e-02 2.3719425294508e+01
2.2557963875000e-02 2.3023261920717e+01
2.2567963875000e-02 2.3439433436561e+01
2.2577963875000e-02 2.3469851492472e+01
2.2587963875000e-02 2.4603491871229e+01
2.2597963875000e-02 2.4049932016003e+01
2.2607963875000e-02 2.4590302168826e+01
2.2617963875000e-02 2.4692633962871e+01
2.2627963875000e-02 2.2343757799028e+01
2.2637963875000e-02 1.9105484393066e+01
2.2647963875000e-02 1.7121901015127e+01
2.2657963875000e-02 1.4310703789001e+01
2.2667963875000e-02 1.3553360702787e+01
2.2677963875000e-02 1.2267925379888e+01
2.2687963875000e-02 1.1029465096343e+01
2.2697963875000e-02 9.7591878767036e+00
2.2707963875000e-02 9.5483682726324e+00
2.2717963875000e-02 6.5894178066899e+00
2.2727963875000e-02 6.2975035071052e+00
2.2737963875000e-02 5.0526168662461e+00
2.2747963875000e-02 4.2580139559685e+00
2.2757963875000e-02 4.0962834515794e+00
2.2767963875000e-02 2.0619122996891e+00
2.2777963875000e-02 2.1372552409036e+00
2.2787963875000e-02 1.6230546600601e+00
2.2797963875000e-02 1.3438224067866e+00
2.2807963875000e-02 9.8287022271325e-01
2.2817963875000e-02 8.3814686959520e-01
2.2827963875000e-02 3.5932428624131e-01
2.2837963875000e-02 7.5113421561088e-01
2.2847963875000e-02 1.4163873727482e+00
2.2857963875000e-02 2.7305240923960e+00
2.2867963875000e-02 3.0444589047871e+00
2.2877963875000e-02 3.7342531238872e+00
2.2887963875000e-02 5.1738234369882e+00
2.2897963875000e-02 5.9961203733384e+00
2.2907963875000e-02 5.7893498486506e+00
2.2917963875000e-02 3.8344859981141e+00
2.2927963875000e-02 1.8220237694513e+00
2.2937963875000e-02 1.1541694359441e+00
2.2947963875000e-02 -6.4059595457117e-01
2.2957963875000e-02 -4.2867759101035e+00
2.2967963875000e-02 -8.1932899233906e+00
2.2977963875000e-02 -9.8688155904436e+00
2.2987963875000e-02 -1.1781491682531e+01
2.2997963875000e-02 -1.2120312909026e+01
2.3007963875000e-02 -1.3221966926458e+01
2.3017963875000e-02 -1.4332761619174e+01
2.3027963875000e-02 -1.4356942716782e+01
2.3037963875000e-02 -1.3504874552897e+01
2.3047963875000e-02 -1.3285892467813e+01
2.3057963875000e-02 -1.3604628841222e+01
2.3067963875000e-02 -1.2493750033980e+01
2.3077963875000e-02 -1.0050948461738e+01
2.3087963875000e-02 -8.5849787712310e+00
2.3097963875000e-02 -7.4981726070114e+00
2.3107963875000e-02 -4.6029434616246e+00
2.3117963875000e-02 -2.4703814435942e+00
2.3127963875000e-02 -1.3085585011089e+00
2.3137963875000e-02 -4.3491051857034e-01
2.3147963875000e-02 -1.7950610996166e+00
2.3157963875000e-02 -4.1676088090852e+00
2.3167963875000e-02 -6.8211383596791e+00
2.3177963875000e-02 -1.1936120828935e+01
2.3187963875000e-02 -1.7199913865526e+01
2.3197963875000e-02 -2.2962390028157e+01
2.3207963875000e-02 -2.9666017337916e+01
2.3217963875000e-02 -3.3958106210624e+01
2.3227963875000e-02 -3.7966418945444e+01
2.3237963875000e-02 -4.2265999762579e+01
2.3247963875000e-02 -4.3909014561211e+01
2.3257963875000e-02 -4.2896555565046e+01
2.3267963875000e-02 -4.0309165263775e+01
2.3277963875000e-02 -3.8393816460812e+01
2.3287963875000e-02 -3.5744446583675e+01
2.3297963875000e-02 -3.2864209804525e+01
2.3307963875000e-02 -2.9250054329411e+01
2.3317963875000e-02 -2.5808015076334e+01
2.3327963875000e-02 -2.2755638254553e+01
2.3337963875000e-02 -2.0362252074472e+01
2.3347963875000e-02 -1.8442717101593e+01
2.3357963875000e-02 -1.8050927953939e+01
2.3367963875000e-02 -1.6893688237266e+01
2.3377963875000e-02 -1.5029980691108e+01
2.3387963875000e-02 -1.4108423185347e+01
2.3397963875000e-02 -1.3050085620776e+01
2.3407963875000e-02 -1.1337252707828e+01
2.3417963875000e-02 -8.9869233343123e+00
2.3427963875000e-02 -5.7931133612783e+00
2.3437963875000e-02 -2.7502558094437e+00
2.3447963875000e-02 3.6932192917466e-01
2.3457963875000e-02 3.8118961400712e+00
2.3467963875000e-02 7.4922447563945e+00
2.3477963875000e-02 1.0511949444370e+01
2.3487963875000e-02 1.3182990438302e+01
2.3497963875000e-02 1.4593407340384e+01
2.3507963875000e-02 1.6317426596861e+01
2.3517963875000e-02 1.8615683218741e+01
2.3527963875000e-02 2.0104302857120e+01
2.3537963875000e-02 2.1608146745510e+01
2.3547963875000e-02 2.2627812815972e+01
2.3557963875000e-02 2.3022454533056e+01
2.3567963875000e-02 2.4095227331969e+01
2.3577963875000e-02 2.4940406564555e+01
2.3587963875000e-02 2.4796871835085e+01
2.3597963875000e-02 2.5796862014574e+01
2.3607963875000e-02 2.7570430258747e+01
2.3617963875000e-02 2.8942349511662e+01
2.3627963875000e-02 3.0466315201442e+01
2.3637963875000e-02 3.2343062117271e+01
2.3647963875000e-02 3.4299669973889e+01
2.3657963875000e-02 3.6003828764012e+01
2.3667963875000e-02 3.5737586898130e+01
2.3677963875000e-02 3.8127093005178e+01
2.3687963875000e-02 3.5020061312329e+01
2.3697963875000e-02 3.0117745059276e+01
2.3707963875000e-02 2.4859595884438e+01
2.3717963875000e-02 2.1529499518447e+01
2.3727963875000e-02 1.3892946429223e+01
2.3737963875000e-02 9.9077511534558e+00
2.3747963875000e-02 7.3598947310075e+00
2.3757963875000e-02 7.4037271174626e+00
2.3767963875000e-02 4.1236499250431e+00
2.3777963875000e-02 4.3192818220250e+00
2.3787963875000e-02 2.9563069364966e+00
2.3797963875000e-02 3.3061353990253e+00
2.3807963875000e-02 2.8589139656227e+00
2.3817963875000e-02 1.8963303583840e+00
2.3827963875000e-02 2.7303408977220e+00
2.3837963875000e-02 3.3961290690759e+00
2.3847963875000e-02 2.9509781721539e+00
2.3857963875000e-02 3.0093001606680e+00
2.3867963875000e-02 1.8913299585306e+00
2.3877963875000e-02 1.4894087096329e+00
2.3887963875000e-02 1.4854290810859e+00
2.3897963875000e-02 2.2926624681267e+00
2.3907963875000e-02 2.4274357213655e+00
2.3917963875000e-02 2.8942688859628e+00
2.3927963875000e-02 2.9579040551890e+00
2.3937963875000e-02 2.7679009373003e+00
2.3947963875000e-02 2.8935971160284e+00
2.3957963875000e-02 3.4165002308712e+00
2.3967963875000e-02 2.9259736208539e+00
2.3977963875000e-02 2.5411060488003e+00
2.3987963875000e-02 1.6876533273628e+00
2.3997963875000e-02 1.9461002318435e+00
2.4007963875000e-02 1.1208420935708e+00
2.4017963875000e-02 1.0229434839399e+00
2.4027963875000e-02 1.1568524322805e+00
2.4037963875000e-02 1.7399238639173e+00
2.4047963875000e-02 2.2327929463157e+00
2.4057963875000e-02 2.0704281724364e+00
2.4067963875000e-02 1.6985576062919e+00
2.4077963875000e-02 1.6391703441007e+00
2.4087963875000e-02 1.1140740475711e+00
2.4097963875000e-02 1.4396064169936e+00
2.4107963875000e-02 1.4200575955400e+00
2.4117963875000e-02 6.5103578914221e-01
2.4127963875000e-02 1.4899828968586e+00
2.4137963875000e-02 2.4329143625628e+00
2.4147963875000e-02 3.2311330770993e+00
2.4157963875000e-02 3.9108738431311e+00
2.4167963875000e-02 4.7637510410225e+00
2.4177963875000e-02 4.3020181140548e+00
2.4187963875000e-02 3.2583274816237e+00
2.4197963875000e-02 2.5727863761185e+00
2.4207963875000e-02 3.5254429710316e-01
2.4217963875000e-02 -2.2302546667912e+00
2.4227963875000e-02 -3.8948772868601e+00
2.4237963875000e-02 -5.9529427767027e+00
2.4247963875000e-02 -8.0195701755323e+00
2.4257963875000e-02 -1.0105352056235e+01
2.4267963875000e-02 -1.1968930834683e+01
2.4277963875000e-02 -1.3444583838451e+01
2.4287963875000e-02 -1.4416547868865e+01
2.4297963875000e-02 -1.4695522132169e+01
2.4307963875000e-02 -1.5655420592772e+01
2.4317963875000e-02 -1.5196623186008e+01
2.4327963875000e-02 -1.5488217049667e+01
2.4337963875000e-02 -1.4736916799454e+01
2.4347963875000e-02 -1.4583787398524e+01
2.4357963875000e-02 -1.5653836858137e+01
2.4367963875000e-02 -1.6914990972027e+01
2.4377963875000e-02 -1.8632704901670e+01
2.4387963875000e-02 -1.9449243717650e+01
2.4397963875000e-02 -2.1131419224612e+01
2.4407963875000e-02 -2.2302802815384e+01
2.4417963875000e-02 -2.2602745953924e+01
2.4427963875000e-02 -2.3290134577787e+01
2.4437963875000e-02 -2.3725366051510e+01
2.4447963875000e-02 -2.3271459606511e+01
2.4457963875000e-02 -2.3000684323021e+01
2.4467963875000e-02 -2.3113295475313e+01
2.4477963875000e-02 -2.2834304895232e+01
2.4487963875000e-02 -2.3072786701344e+01
2.4497963875000e-02 -2.4403018435365e+01
2.4507963875000e-02 -2.5171031786423e+01
2.4517963875000e-02 -2.6424750155533e+01
2.4527963875000e-02 -2.6756018119596e+01
2.4537963875000e-02 -2.7657899685329e+01
2.4547963875000e-02 -2.7443597233947e+01
2.4557963875000e-02 -2.6763426743597e+01
2.4567963875000e-02 -2.6117698896037e+01
2.4577963875000e-02 -2.5010980903457e+01
2.4587963875000e-02 -2.3311639944646e+01
2.4597963875000e-02 -2.1745985670865e+01
2.4607963875000e-02 -1.9292880465889e+01
2.4617963875000e-02 -1.7272233248141e+01
2.4627963875000e-02 -1.4585327188221e+01
2.4637963875000e-02 -1.2515925895971e+01
2.4647963875000e-02 -1.0794886844715e+01
2.4657963875000e-02 -8.7471693756965e+00
2.4667963875000e-02 -6.5720971856806e+00
2.4677963875000e-02 -5.7773281956273e+00
2.4687963875000e-02 -4.2671383276376e+00
2.4697963875000e-02 -2.6306535816458e+00
2.4707963875000e-02 -3.8554842412025e-01
2.4717963875000e-02 1.2438771939815e+00
2.4727963875000e-02 2.4450993959491e+00
2.4737963875000e-02 3.3113601073946e+00
2.4747963875000e-02 6.2775024887931e+00
2.4757963875000e-02 8.5222851355862e+00
2.4767963875000e-02 1.0026444953752e+01
2.4777963875000e-02 1.1705115610611e+01
2.4787963875000e-02 1.3916184510328e+01
2.4797963875000e-02 1.5597705609983e+01
2.4807963875000e-02 1.7782242959804e+01
2.4817963875000e-02 1.9911102786138e+01
2.4827963875000e-02 2.3485079783661e+01
2.4837963875000e-02 2.6547022588568e+01
2.4847963875000e-02 2.8766423149546e+01
2.4857963875000e-02 3.1455326637258e+01
2.4867963875000e-02 3.4061812079545e+01
2.4877963875000e-02 3.8022344725097e+01
2.4887963875000e-02 3.9980516867222e+01
2.4897963875000e-02 4.1928758681114e+01
2.4907963875000e-02 4.3928558788117e+01
2.4917963875000e-02 4.4271719543328e+01
2.4927963875000e-02 4.3898690446860e+01
2.4937963875000e-02 4.1365439623376e+01
2.4947963875000e-02 3.8027545139231e+01
2.4957963875000e-02 3.7652635542975e+01
2.4967963875000e-02 3.1023043904547e+01
2.4977963875000e-02 2.6073724032045e+01
2.4987963875000e-02 2.1505529507651e+01
2.4997963875000e-02 1.8205299054419e+01
2.5007963875000e-02 1.6925288747053e+01
2.5017963875000e-02 1.5559586937299e+01
2.5027963875000e-02 1.6147555680970e+01
2.5037963875000e-02 1.4221153986232e+01
2.5047963875000e-02 1.3471933440236e+01
2.5057963875000e-02 1.3536616318924e+01
2.5067963875000e-02 1.1855100650427e+01
2.5077963875000e-02 1.1064460877523e+01
2.5087963875000e-02 6.5178865047573e+00
2.5097963875000e-02 4.7629728919652e+00
2.5107963875000e-02 3.3038880956585e+00
2.5117963875000e-02 5.0619816757173e-01
2.5127963875000e-02 -1.5597900639873e+00
2.5137963875000e-02 -4.8738871625573e+00
2.5147963875000e-02 -7.2782536080333e+00
2.5157963875000e-02 -1.0103149176946e+01
2.5167963875000e-02 -1.2652125980959e+01
2.5177963875000e-02 -1.6966520558514e+01
2.5187963875000e-02 -2.0102932959372e+01
2.5197963875000e-02 -2.3596206761708e+01
2.5207963875000e-02 -2.7181550616007e+01
2.5217963875000e-02 -2.9994530937552e+01
2.5227963875000e-02 -3.1782175728806e+01
2.5237963875000e-02 -3.2683218261429e+01
2.5247963875000e-02 -3.3430641017996e+01
2.5257963875000e-02 -3.3385789757927e+01
2.5267963875000e-02 -3.2377760583405e+01
2.5277963875000e-02 -3.0639589800280e+01
2.5287963875000e-02 -2.9702443121368e+01
2.5297963875000e-02 -2.8519003359109e+01
2.5307963875000e-02 -2.7935387003279e+01
2.5317963875000e-02 -2.8302484649632e+01
2.5327963875000e-02 -2.8842648219669e+01
2.5337963875000e-02 -3.0417212966706e+01
2.5347963875000e-02 -3.0084453853562e+01
2.5357963875000e-02 -3.1061276387735e+01
2.5367963875000e-02 -2.9723047780130e+01
2.5377963875000e-02 -2.9386924679156e+01
2.5387963875000e-02 -2.8254592597520e+01
2.5397963875000e-02 -2.4163389122312e+01
2.5407963875000e-02 -2.1889790982593e+01
2.5417963875000e-02 -1.9508309286822e+01
2.5427963875000e-02 -1.5998629714427e+01
2.5437963875000e-02 -1.1990634029814e+01
2.5447963875000e-02 -8.1858238655017e+00
2.5457963875000e-02 -4.4659034617121e+00
2.5467963875000e-02 7.8716274398883e-01
2.5477963875000e-02 3.8637489081829e+00
2.5487963875000e-02 6.2122493276967e+00
2.5497963875000e-02 8.8781805748000e+00
2.5507963875000e-02 1.1358214593099e+01
2.5517963875000e-02 1.2622823024323e+01
2.5527963875000e-02 1.4618922495859e+01
2.5537963875000e-02 1.5824557254061e+01
2.5547963875000e-02 1.8317727535073e+01
2.5557963875000e-02 1.9711270304395e+01
2.5567963875000e-02 2.0846298429860e+01
2.5577963875000e-02 2.1438054757041e+01
2.5587963875000e-02 2.3982425517228e+01
2.5597963875000e-02 2.6535847744423e+01
2.5607963875000e-02 2.9741004374907e+01
2.5617963875000e-02 3.1025035387877e+01
2.5627963875000e-02 3.2073189892718e+01
2.5637963875000e-02 3.3881225276082e+01
2.5647963875000e-02 3.4451915226148e+01
2.5657963875000e-02 3.5783466895446e+01
2.5667963875000e-02 3.7305408516814e+01
2.5677963875000e-02 3.7896995728295e+01
2.5687963875000e-02 3.6486055045592e+01
2.5697963875000e-02 3.6192023511776e+01
2.5707963875000e-02 3.3149693686946e+01
2.5717963875000e-02 3.0982528418713e+01
2.5727963875000e-02 2.6033153445072e+01
2.5737963875000e-02 2.2081326476787e+01
2.5747963875000e-02 1.9237921529503e+01
2.5757963875000e-02 1.6715111159486e+01
2.5767963875000e-02 1.3203354143884e+01
2.5777963875000e-02 1.1680222092849e+01
2.5787963875000e-02 9.9647278806214e+00
2.5797963875000e-02 8.5230166424980e+00
2.5807963875000e-02 8.4861113356232e+00
2.5817963875000e-02 7.8568198508244e+00
2.5827963875000e-02 6.7345571268956e+00
2.5837963875000e-02 6.6260150287314e+00
2.5847963875000e-02 6.3820666747200e+00
2.5857963875000e-02 6.1939339169259e+00
2.5867963875000e-02 7.1242589698835e+00
2.5877963875000e-02 6.7622072283473e+00
2.5887963875000e-02 6.1618891186080e+00
2.5897963875000e-02 5.9540342913081e+00
2.5907963875000e-02 5.4362780568803e+00
2.5917963875000e-02 4.1073696991245e+00
2.5927963875000e-02 4.7205977294284e+00
2.5937963875000e-02 4.3376205077987e+00
2.5947963875000e-02 4.8151344874131e+00
2.5957963875000e-02 5.5491238823062e+00
2.5967963875000e-02 5.5446808047684e+00
2.5977963875000e-02 5.9311696672549e+00
2.5987963875000e-02 5.8416548022605e+00
2.5997963875000e-02 5.4363595712535e+00
2.6007963875000e-02 5.0325450310944e+00
2.6017963875000e-02 3.1859301223490e+00
2.6027963875000e-02 1.8267606956173e+00
2.6037963875000e-02 -2.4738857366083e-02
2.6047963875000e-02 -1.1335088052751e+00
2.6057963875000e-02 -3.0417906317096e+00
2.6067963875000e-02 -2.9720929371124e+00
2.6077963875000e-02 -2.9531556328810e+00
2.6087963875000e-02 -3.0757135539067e+00
2.6097963875000e-02 -4.2587078329452e+00
2.6107963875000e-02 -3.2330940150780e+00
2.6117963875000e-02 -2.8651382896408e+00
2.6127963875000e-02 -2.7890842508177e+00
2.6137963875000e-02 -2.3493906320795e+00
2.6147963875000e-02 -1.8799803042465e+00
2.6157963875000e-02 -1.0812480120181e+00
2.6167963875000e-02 -1.4262188371130e+00
2.6177963875000e-02 -1.8791465791601e+00
2.6187963875000e-02 -2.2990386101069e+00
2.6197963875000e-02 -2.7132708999905e+00
2.6207963875000e-02 -5.0514319868950e+00
2.6217963875000e-02 -8.7170303461643e+00
2.6227963875000e-02 -8.7211667590048e+00
2.6237963875000e-02 -8.6578009750368e+00
2.6247963875000e-02 -7.5357677867929e+00
2.6257963875000e-02 -8.6630735871097e+00
2.6267963875000e-02 -9.1337186782254e+00
2.6277963875000e-02 -1.2554965094255e+01
2.6287963875000e-02 -1.2882983044754e+01
2.6297963875000e-02 -1.4350869583317e+01
2.6307963875000e-02 -1.4743874041964e+01
2.6317963875000e-02 -1.5253478391611e+01
2.6327963875000e-02 -1.5568990903446e+01
2.6337963875000e-02 -1.7397412460858e+01
2.6347963875000e-02 -1.8347258328253e+01
2.6357963875000e-02 -2.0860787210985e+01
2.6367963875000e-02 -2.3392371754986e+01
2.6377963875000e-02 -2.5603471437140e+01
2.6387963875000e-02 -2.7609706226728e+01
2.6397963875000e-02 -3.0076211634934e+01
2.6407963875000e-02 -3.2428883929332e+01
2.6417963875000e-02 -3.4526481226205e+01
2.6427963875000e-02 -3.4987363060216e+01
2.6437963875000e-02 -3.6472572139976e+01
2.6447963875000e-02 -3.6329274416726e+01
2.6457963875000e-02 -3.6087151042544e+01
2.6467963875000e-02 -3.5117416054882e+01
2.6477963875000e-02 -3.6508187803572e+01
2.6487963875000e-02 -3.5259690594906e+01
2.6497963875000e-02 -3.3583547896708e+01
2.6507963875000e-02 -3.0891962586755e+01
2.6517963875000e-02 -2.9655135895835e+01
2.6527963875000e-02 -2.7480232348889e+01
2.6537963875000e-02 -2.5501008649146e+01
2.6547963875000e-02 -2.2503031045641e+01
2.6557963875000e-02 -1.8387025882924e+01
2.6567963875000e-02 -1.6655298948632e+01
2.6577963875000e-02 -1.5514957615373e+01
2.6587963875000e-02 -1.2316054464405e+01
2.6597963875000e-02 -8.3816717720551e+00
2.6607963875000e-02 -5.1463015459829e+00
2.6617963875000e-02 -1.8487286005652e+00
2.6627963875000e-02 4.8632301511404e-01
2.6637963875000e-02 4.1856669680415e+00
2.6647963875000e-02 8.8081124843028e+00
2.6657963875000e-02 1.0746974053866e+01
2.6667963875000e-02 1.1797280485045e+01
2.6677963875000e-02 1.3768159818830e+01
2.6687963875000e-02 1.7181253442805e+01
2.6697963875000e-02 1.6456828506894e+01
2.6707963875000e-02 1.6218941275744e+01
2.6717963875000e-02 1.8028231665357e+01
2.6727963875000e-02 1.8496561607352e+01
2.6737963875000e-02 1.9087867442278e+01
2.6747963875000e-02 2.0934923639654e+01
2.6757963875000e-02 2.1980833225439e+01
2.6767963875000e-02 2.1113861756749e+01
2.6777963875000e-02 2.2088936316149e+01
2.6787963875000e-02 2.2264536079822e+01
2.6797963875000e-02 2.3218401887108e+01
2.6807963875000e-02 2.5062589531686e+01
2.6817963875000e-02 3.0208983038450e+01
2.6827963875000e-02 3.3174380381882e+01
2.6837963875000e-02 3.7480246823171e+01
2.6847963875000e-02 4.1110566732269e+01
2.6857963875000e-02 4.2466973758191e+01
2.6867963875000e-02 4.1853879257952e+01
2.6877963875000e-02 3.7733341062512e+01
2.6887963875000e-02 3.4274086061349e+01
2.6897963875000e-02 2.8331218945397e+01
2.6907963875000e-02 2.3021943878306e+01
2.6917963875000e-02 1.9663522912842e+01
2.6927963875000e-02 1.6459895423622e+01
2.6937963875000e-02 1.4927447204620e+01
2.6947963875000e-02 1.4705950871535e+01
2.6957963875000e-02 1.4722818123502e+01
2.6967963875000e-02 1.4767190272866e+01
2.6977963875000e-02 1.5410132133912e+01
2.6987963875000e-02 1.4802373109770e+01
2.6997963875000e-02 1.5617101277049e+01
2.7007963875000e-02 1.5282088141150e+01
2.7017963875000e-02 1.4027459755622e+01
2.7027963875000e-02 1.0947726966300e+01
2.7037963875000e-02 1.0205378243730e+01
2.7047963875000e-02 8.1479034283029e+00
2.7057963875000e-02 8.0586390079743e+00
2.7067963875000e-02 6.4694709812273e+00
2.7077963875000e-02 5.6492744984790e+00
2.7087963875000e-02 3.6597604071327e+00
2.7097963875000e-02 4.0185588778543e+00
2.7107963875000e-02 3.0810082988999e+00
2.7117963875000e-02 2.3278475594866e+00
2.7127963875000e-02 1.3424412057180e+00
2.7137963875000e-02 2.2430018920680e+00
2.7147963875000e-02 5.6873295698794e-01
2.7157963875000e-02 -3.8778752827742e-01
2.7167963875000e-02 -2.7814218106211e+00
2.7177963875000e-02 -3.3426718070429e+00
2.7187963875000e-02 -6.1441732938479e+00
2.7197963875000e-02 -8.1399082398024e+00
2.7207963875000e-02 -1.0839031033265e+01
2.7217963875000e-02 -1.1908664084510e+01
2.7227963875000e-02 -1.3730288406398e+01
2.7237963875000e-02 -1.4184938208904e+01
2.7247963875000e-02 -1.4664201950305e+01
2.7257963875000e-02 -1.4106099514188e+01
2.7267963875000e-02 -1.3837525461410e+01
2.7277963875000e-02 -1.5161860489941e+01
2.7287963875000e-02 -1.7649740020939e+01
2.7297963875000e-02 -1.6343802738835e+01
2.7307963875000e-02 -1.6589382403119e+01
2.7317963875000e-02 -1.8519270989403e+01
2.7327963875000e-02 -2.3280829073791e+01
2.7337963875000e-02 -2.5984650633759e+01
2.7347963875000e-02 -2.9720415292702e+01
2.7357963875000e-02 -3.2777243318092e+01
2.7367963875000e-02 -3.2803891159636e+01
2.7377963875000e-02 -3.5040744427341e+01
2.7387963875000e-02 -3.7858908968046e+01
2.7397963875000e-02 -3.8743840255786e+01
2.7407963875000e-02 -3.7575608358507e+01
2.7417963875000e-02 -3.6680758727200e+01
2.7427963875000e-02 -3.5074886738445e+01
2.7437963875000e-02 -3.3240928862304e+01
2.7447963875000e-02 -3.1012395238780e+01
2.7457963875000e-02 -2.7256003556216e+01
2.7467963875000e-02 -2.4224520239223e+01
2.7477963875000e-02 -2.1544476334828e+01
2.7487963875000e-02 -1.6454518542540e+01
2.7497963875000e-02 -1.2516853453799e+01
2.7507963875000e-02 -8.2573503978914e+00
2.7517963875000e-02 -5.6114706390361e+00
2.7527963875000e-02 -7.7059006383058e-01
2.7537963875000e-02 1.7678732819538e+00
2.7547963875000e-02 1.8404845399150e+00
2.7557963875000e-02 2.4807425561055e+00
2.7567963875000e-02 4.6965901259122e+00
2.7577963875000e-02 4.6242759614397e+00
2.7587963875000e-02 5.2695758627370e+00
2.7597963875000e-02 6.3188158358250e+00
2.7607963875000e-02 7.4403843782954e+00
2.7617963875000e-02 8.5526337462493e+00
2.7627963875000e-02 1.1833414607222e+01
2.7637963875000e-02 1.4426692701831e+01
2.7647963875000e-02 1.6561318262659e+01
2.7657963875000e-02 1.9158623275418e+01
2.7667963875000e-02 2.0867376773162e+01
2.7677963875000e-02 2.2521088645431e+01
2.7687963875000e-02 2.4779071634259e+01
2.7697963875000e-02 2.7441645135066e+01
2.7707963875000e-02 2.9771033432269e+01
2.7717963875000e-02 3.1549289271356e+01
2.7727963875000e-02 3.3889642180147e+01
2.7737963875000e-02 3.4572167102285e+01
2.7747963875000e-02 3.5125132043353e+01
2.7757963875000e-02 3.6067780084057e+01
2.7767963875000e-02 3.4947683147493e+01
2.7777963875000e-02 3.0870928634907e+01
2.7787963875000e-02 2.8866574450948e+01
2.7797963875000e-02 2.6408338539184e+01
2.7807963875000e-02 2.4598310372461e+01
2.7817963875000e-02 2.3683587327068e+01
2.7827963875000e-02 2.2348722188929e+01
2.7837963875000e-02 2.1648436511620e+01
2.7847963875000e-02 2.1073693572125e+01
2.7857963875000e-02 2.0946786699171e+01
2.7867963875000e-02 1.9791976346328e+01
2.7877963875000e-02 1.6761448682040e+01
2.7887963875000e-02 1.4145545502250e+01
2.7897963875000e-02 1.1602559714987e+01
2.7907963875000e-02 8.2194552231596e+00
2.7917963875000e-02 3.8386944703573e+00
2.7927963875000e-02 2.1264850846141e+00
2.7937963875000e-02 -4.3147974022340e-01
2.7947963875000e-02 -2.4784439272855e+00
2.7957963875000e-02 -5.4065935483040e+00
2.7967963875000e-02 -8.7932945837295e+00
2.7977963875000e-02 -1.2909934056062e+01
2.7987963875000e-02 -1.5057154864076e+01
2.7997963875000e-02 -1.6651906262530e+01
2.8007963875000e-02 -1.7791127300919e+01
2.8017963875000e-02 -1.9261478084067e+01
2.8027963875000e-02 -2.2740938654820e+01
2.8037963875000e-02 -2.4659710161852e+01
2.8047963875000e-02 -2.5887806755507e+01
2.8057963875000e-02 -2.6558292975915e+01
2.8067963875000e-02 -2.6702790269515e+01
2.8077963875000e-02 -2.8008409084258e+01
2.8087963875000e-02 -2.7616785338644e+01
2.8097963875000e-02 -2.7571038226721e+01
2.8107963875000e-02 -2.5838549560793e+01
2.8117963875000e-02 -2.6776825430633e+01
2.8127963875000e-02 -2.8016818939218e+01
2.8137963875000e-02 -2.9217884994183e+01
2.8147963875000e-02 -2.8431346576317e+01
2.8157963875000e-02 -2.9553035741487e+01
2.8167963875000e-02 -3.1544030049709e+01
2.8177963875000e-02 -3.2851386682769e+01
2.8187963875000e-02 -3.2091704730940e+01
2.8197963875000e-02 -3.0220351427305e+01
2.8207963875000e-02 -2.8525080052643e+01
2.8217963875000e-02 -2.8060110006896e+01
2.8227963875000e-02 -2.4195885181901e+01
2.8237963875000e-02 -1.9972699889277e+01
2.8247963875000e-02 -1.8275266801396e+01
2.8257963875000e-02 -1.5949560444339e+01
2.8267963875000e-02 -1.1740055532310e+01
2.8277963875000e-02 -8.6281017397975e+00
2.8287963875000e-02 -4.4354619372910e+00
2.8297963875000e-02 -6.4494687864392e-01
2.8307963875000e-02 2.0833223651560e+00
2.8317963875000e-02 3.8048282165592e+00
2.8327963875000e-02 8.8098338815069e+00
2.8337963875000e-02 9.8711977392011e+00
2.8347963875000e-02 1.1994935049055e+01
2.8357963875000e-02 1.4558335929827e+01
2.8367963875000e-02 1.7772559282048e+01
2.8377963875000e-02 2.0727048143912e+01
2.8387963875000e-02 2.2537349370737e+01
2.8397963875000e-02 2.4360250699509e+01
2.8407963875000e-02 2.6455119477272e+01
2.8417963875000e-02 2.9552945834876e+01
2.8427963875000e-02 3.0995186634019e+01
2.8437963875000e-02 3.1803085486756e+01
2.8447963875000e-02 3.3185314997697e+01
2.8457963875000e-02 3.7017936634385e+01
2.8467963875000e-02 3.8624456874767e+01
2.8477963875000e-02 3.8954534789861e+01
2.8487963875000e-02 4.0949799038663e+01
2.8497963875000e-02 3.8404926040076e+01
2.8507963875000e-02 3.3514969723718e+01
2.8517963875000e-02 3.0446523093129e+01
2.8527963875000e-02 2.7071056655903e+01
2.8537963875000e-02 2.4141315156308e+01
2.8547963875000e-02 2.1138973421426e+01
2.8557963875000e-02 2.0137918992893e+01
2.8567963875000e-02 2.0823993360343e+01
2.8577963875000e-02 2.0115824277233e+01
2.8587963875000e-02 1.9001497050857e+01
2.8597963875000e-02 1.8724883193715e+01
2.8607963875000e-02 1.8369821241530e+01
2.8617963875000e-02 1.9430448680688e+01
2.8627963875000e-02 1.5907203349793e+01
2.8637963875000e-02 1.4831781884469e+01
2.8647963875000e-02 1.1334388298490e+01
2.8657963875000e-02 9.7791945379006e+00
2.8667963875000e-02 7.1050062324491e+00
2.8677963875000e-02 4.9800646766612e+00
2.8687963875000e-02 2.1269094838380e+00
2.8697963875000e-02 -3.4696406151019e-01
2.8707963875000e-02 -3.5458203176670e+00
2.8717963875000e-02 -6.2398244258732e+00
2.8727963875000e-02 -4.1545582449624e+00
2.8737963875000e-02 -4.6682699657594e+00
2.8747963875000e-02 6.6114149027070e-01
2.8757963875000e-02 2.9273553153817e+00
2.8767963875000e-02 6.8115721201165e+00
2.8777963875000e-02 4.7908747995377e+00
2.8787963875000e-02 7.5513834961903e+00
2.8797963875000e-02 2.3483970928093e+00
2.8807963875000e-02 1.1254353322847e+00
2.8817963875000e-02 -1.4751935612244e+00
2.8827963875000e-02 -4.8142340482597e+00
2.8837963875000e-02 -7.5639365260380e+00
2.8847963875000e-02 -8.5194637426383e+00
2.8857963875000e-02 -1.0424227385699e+01
2.8867963875000e-02 -1.2546532618807e+01
2.8877963875000e-02 -1.4145704827305e+01
2.8887963875000e-02 -1.4192628455578e+01
2.8897963875000e-02 -1.3947185913886e+01
2.8907963875000e-02 -1.2952180561064e+01
2.8917963875000e-02 -1.2182110706735e+01
2.8927963875000e-02 -1.0864168386834e+01
2.8937963875000e-02 -6.7151366097093e+00
2.8947963875000e-02 -5.0298655187156e+00
2.8957963875000e-02 -3.8782074468460e+00
2.8967963875000e-02 -1.2421405577700e+00
2.8977963875000e-02 -5.4082590368519e-01
2.8987963875000e-02 1.7824883128750e-01
2.8997963875000e-02 -5.8524373188763e-01
2.9007963875000e-02 -3.1261736690449e+00
2.9017963875000e-02 -5.5503013256610e+00
2.9027963875000e-02 -1.0016467968952e+01
2.9037963875000e-02 -1.5022191117804e+01
2.9047963875000e-02 -1.9129504291853e+01
2.9057963875000e-02 -2.3462979151373e+01
2.9067963875000e-02 -2.6768041413077e+01
2.9077963875000e-02 -3.0982938291866e+01
2.9087963875000e-02 -3.2435186737701e+01
2.9097963875000e-02 -3.4635140305770e+01
2.9107963875000e-02 -3.5808748051831e+01
2.9117963875000e-02 -3.6898371832978e+01
2.9127963875000e-02 -3.6920751735243e+01
2.9137963875000e-02 -3.8080856036036e+01
2.9147963875000e-02 -3.6754019338210e+01
2.9157963875000e-02 -3.4868099115566e+01
2.9167963875000e-02 -3.1886688372629e+01
2.9177963875000e-02 -2.9013449751530e+01
2.9187963875000e-02 -2.6102616238516e+01
2.9197963875000e-02 -2.4155127042327e+01
2.9207963875000e-02 -2.1052761359268e+01
2.9217963875000e-02 -1.7793163694119e+01
2.9227963875000e-02 -1.3361744531005e+01
2.9237963875000e-02 -1.1166445678393e+01
2.9247963875000e-02 -8.2159519306504e+00
2.9257963875000e-02 -5.3077682392498e+00
2.9267963875000e-02 -2.8049866636987e+00
2.9277963875000e-02 6.8739708038532e-01
2.9287963875000e-02 2.7172237133133e+00
2.9297963875000e-02 3.4558612813174e+00
2.9307963875000e-02 5.3304177224608e+00
2.9317963875000e-02 7.4701354350860e+00
2.9327963875000e-02 8.6401320573458e+00
2.9337963875000e-02 1.0848878385866e+01
2.9347963875000e-02 1.2399217205759e+01
2.9357963875000e-02 1.2536643363668e+01
2.9367963875000e-02 1.4171595670425e+01
2.9377963875000e-02 1.5087062496089e+01
2.9387963875000e-02 1.6389895965474e+01
2.9397963875000e-02 1.9150926133799e+01
2.9407963875000e-02 2.0287079950393e+01
2.9417963875000e-02 2.2338812919605e+01
2.9427963875000e-02 2.4075194322907e+01
2.9437963875000e-02 2.4941886896493e+01
2.9447963875000e-02 2.6492470647544e+01
2.9457963875000e-02 2.8528923969500e+01
2.9467963875000e-02 2.8104033334532e+01
2.9477963875000e-02 2.8031942162164e+01
2.9487963875000e-02 2.8713374809401e+01
2.9497963875000e-02 2.7785825038029e+01
2.9507963875000e-02 2.6206172696627e+01
2.9517963875000e-02 2.4095102246714e+01
2.9527963875000e-02 2.0319083638550e+01
2.9537963875000e-02 1.6221417786522e+01
2.9547963875000e-02 1.1946075931280e+01
2.9557963875000e-02 8.0673698461313e+00
2.9567963875000e-02 5.9239867015814e+00
2.9577963875000e-02 2.5057871094700e+00
2.9587963875000e-02 2.4322445997665e+00
2.9597963875000e-02 3.2367250173681e+00
2.9607963875000e-02 3.6669609879509e+00
2.9617963875000e-02 3.1184254533538e+00
2.9627963875000e-02 5.1293447354546e+00
2.9637963875000e-02 6.5082939445372e+00
2.9647963875000e-02 7.7361297272575e+00
2.9657963875000e-02 8.0120430488803e+00
2.9667963875000e-02 8.5702835766297e+00
2.9677963875000e-02 8.3855139354008e+00
2.9687963875000e-02 6.5143682132778e+00
2.9697963875000e-02 6.2406130458074e+00
2.9707963875000e-02 3.3220318171684e+00
2.9717963875000e-02 2.9803448937732e+00
2.9727963875000e-02 2.9464056191469e+00
2.9737963875000e-02 2.0363291454182e+00
2.9747963875000e-02 2.2381249528770e+00
2.9757963875000e-02 7.3115289831325e-01
2.9767963875000e-02 1.6806771950769e+00
2.9777963875000e-02 3.1199552700357e+00
2.9787963875000e-02 4.3325428144039e+00
2.9797963875000e-02 4.1392720097336e+00
2.9807963875000e-02 5.5364040290502e+00
2.9817963875000e-02 7.3655684350951e+00
2.9827963875000e-02 8.0995505689120e+00
2.9837963875000e-02 8.2374637665481e+00
2.9847963875000e-02 7.7030838122229e+00
2.9857963875000e-02 6.5566291349563e+00
2.9867963875000e-02 4.3698400057772e+00
2.9877963875000e-02 2.9836388033807e+00
2.9887963875000e-02 1.2652620891085e+00
2.9897963875000e-02 6.7540142187827e-02
2.9907963875000e-02 -1.0847119377508e+00
2.9917963875000e-02 -1.4911835316676e+00
2.9927963875000e-02 -1.6524537698722e+00
2.9937963875000e-02 -6.8789919215262e-01
2.9947963875000e-02 2.4564752588097e-04
2.9957963875000e-02 6.1053628757961e-01
2.9967963875000e-02 8.9484922166246e-01
2.9977963875000e-02 2.1987050329040e+00
2.9987963875000e-02 3.3967551554635e+00
2.9997963875000e-02 5.0881636551455e+00
3.0007963875000e-02 7.1936957739033e+00
3.0017963875000e-02 8.7022668132873e+00
3.0027963875000e-02 9.5136914086686e+00
3.0037963875000e-02 9.3259289144608e+00
3.0047963875000e-02 8.5309097915678e+00
3.0057963875000e-02 6.4643329640516e+00
3.0067963875000e-02 5.4002489037123e+00
3.0077963875000e-02 3.9634597612824e+00
3.0087963875000e-02 2.3763700881900e+00
3.0097963875000e-02 1.2788418068431e+00
3.0107963875000e-02 6.6247780224586e-01
3.0117963875000e-02 -3.4796568489729e-01
3.0127963875000e-02 -3.6660979030371e-01
3.0137963875000e-02 -1.5503561500814e-01
3.0147963875000e-02 2.4776631820326e-01
3.0157963875000e-02 5.1903636462892e-01
3.0167963875000e-02 1.0841967650404e+00
3.0177963875000e-02 1.7563249581745e+00
3.0187963875000e-02 2.5585462429313e+00
3.0197963875000e-02 3.0675072422083e+00
3.0207963875000e-02 4.2778037263661e+00
3.0217963875000e-02 4.6799954487500e+00
3.0227963875000e-02 4.5857492195514e+00
3.0237963875000e-02 4.1856477802732e+00
3.0247963875000e-02 3.2872723565590e+00
3.0257963875000e-02 2.2582322138972e+00
3.0267963875000e-02 1.4101336060583e+00
3.0277963875000e-02 3.6071785779181e-01
3.0287963875000e-02 -1.7592746798966e-01
3.0297963875000e-02 -6.1716885873650e-01
3.0307963875000e-02 -1.0529991966804e+00
3.0317963875000e-02 -1.1347837339717e+00
3.0327963875000e-02 -1.0049073416233e+00
3.0337963875000e-02 -1.5421609879052e+00
3.0347963875000e-02 -2.0046200653011e+00
3.0357963875000e-02 -2.0854390106501e+00
3.0367963875000e-02 -2.3784048996194e+00
3.0377963875000e-02 -2.9966980003156e+00
3.0387963875000e-02 -3.4343108943711e+00
3.0397963875000e-02 -3.8072547913273e+00
3.0407963875000e-02 -3.5636657295760e+00
3.0417963875000e-02 -3.7722487669512e+00
3.0427963875000e-02 -4.3953253502044e+00
3.0437963875000e-02 -7.1291938523237e+00
3.0447963875000e-02 -4.7883238406680e+00
3.0457963875000e-02 -5.3112084585286e+00
3.0467963875000e-02 -6.3422083574824e+00
3.0477963875000e-02 -5.7081596974111e+00
3.0487963875000e-02 -3.3575787512816e+00
3.0497963875000e-02 -6.8372271119231e+00
3.0507963875000e-02 -7.9300127138875e+00
3.0517963875000e-02 -8.5531977259092e+00
3.0527963875000e-02 -1.1159695760432e+01
3.0537963875000e-02 -1.2998243280513e+01
3.0547963875000e-02 -1.3965115731372e+01
3.0557963875000e-02 -1.5293728341771e+01
3.0567963875000e-02 -1.6731339234428e+01
3.0577963875000e-02 -1.7784167384699e+01
3.0587963875000e-02 -1.9322591928293e+01
3.0597963875000e-02 -1.9748883068798e+01
3.0607963875000e-02 -2.1169956981192e+01
3.0617963875000e-02 -2.1410501092433e+01
3.0627963875000e-02 -2.2985354030296e+01
3.0637963875000e-02 -2.4060561611113e+01
3.0647963875000e-02 -2.5080039489149e+01
3.0657963875000e-02 -2.5140015816233e+01
3.0667963875000e-02 -2.6422841429032e+01
3.0677963875000e-02 -2.5367264719432e+01
3.0687963875000e-02 -2.5279058442093e+01
3.0697963875000e-02 -2.5264023164822e+01
3.0707963875000e-02 -2.4502584356663e+01
3.0717963875000e-02 -2.4458178806365e+01
3.0727963875000e-02 -2.5137280908951e+01
3.0737963875000e-02 -2.5440764156632e+01
3.0747963875000e-02 -2.5077374502075e+01
3.0757963875000e-02 -2.5765046567072e+01
3.0767963875000e-02 -2.4965455045801e+01
3.0777963875000e-02 -2.3350287848553e+01
3.0787963875000e-02 -2.3463608344146e+01
3.0797963875000e-02 -2.2509205637651e+01
3.0807963875000e-02 -2.1881171026757e+01
3.0817963875000e-02 -2.0803120038850e+01
3.0827963875000e-02 -1.8525675880498e+01
3.0837963875000e-02 -1.6577871879959e+01
3.0847963875000e-02 -1.3768432913051e+01
3.0857963875000e-02 -1.0676321745061e+01
3.0867963875000e-02 -7.5918489212017e+00
3.0877963875000e-02 -5.6237178572139e+00
3.0887963875000e-02 -3.6272322396085e+00
3.0897963875000e-02 -1.4056219287748e+00
3.0907963875000e-02 1.4318824585257e+00
3.0917963875000e-02 2.5695133859774e+00
3.0927963875000e-02 3.7980821223091e+00
3.0937963875000e-02 4.4419915608088e+00
3.0947963875000e-02 6.4010095252170e+00
3.0957963875000e-02 8.2536698370495e+00
3.0967963875000e-02 1.0099579216419e+01
3.0977963875000e-02 1.0836788179867e+01
3.0987963875000e-02 1.2720405346839e+01
3.0997963875000e-02 1.4189357284204e+01
3.1007963875000e-02 1.6412777829722e+01
3.1017963875000e-02 1.8838423600361e+01
3.1027963875000e-02 2.1516475327710e+01
3.1037963875000e-02 2.4360405799641e+01
3.1047963875000e-02 2.6927624595402e+01
3.1057963875000e-02 2.9638549174373e+01
3.1067963875000e-02 3.1927795685031e+01
3.1077963875000e-02 3.5573266461454e+01
3.1087963875000e-02 3.7614312454494e+01
3.1097963875000e-02 3.8837697307070e+01
3.1107963875000e-02 4.0154942234400e+01
3.1117963875000e-02 4.0649178640714e+01
3.1127963875000e-02 4.1172612359559e+01
3.1137963875000e-02 3.9455488603485e+01
3.1147963875000e-02 3.6349803497347e+01
3.1157963875000e-02 3.3574001346505e+01
3.1167963875000e-02 3.1657765084416e+01
3.1177963875000e-02 2.7735066792996e+01
3.1187963875000e-02 2.2804148729196e+01
3.1197963875000e-02 1.8315862262051e+01
3.1207963875000e-02 1.5514223139763e+01
3.1217963875000e-02 1.3476660565281e+01
3.1227963875000e-02 1.3973252234148e+01
3.1237963875000e-02 1.2099303703026e+01
3.1247963875000e-02 1.2756098084594e+01
3.1257963875000e-02 1.3070471338792e+01
3.1267963875000e-02 1.4269335525137e+01
3.1277963875000e-02 1.3340683003885e+01
3.1287963875000e-02 1.2071033778222e+01
3.1297963875000e-02 1.2299250381298e+01
3.1307963875000e-02 1.1710426158228e+01
3.1317963875000e-02 1.0193526337017e+01
3.1327963875000e-02 7.6042286479732e+00
3.1337963875000e-02 6.3749331275837e+00
3.1347963875000e-02 4.7112127812815e+00
3.1357963875000e-02 2.6897544367896e+00
3.1367963875000e-02 5.0084581782765e-01
3.1377963875000e-02 -1.7959172148921e+00
3.1387963875000e-02 -3.9964868980599e+00
3.1397963875000e-02 -5.5854863673795e+00
3.1407963875000e-02 -7.3765389533151e+00
3.1417963875000e-02 -1.0057574045958e+01
3.1427963875000e-02 -1.1394084370156e+01
3.1437963875000e-02 -1.3047118637220e+01
3.1447963875000e-02 -1.3667521393772e+01
3.1457963875000e-02 -1.3845992680727e+01
3.1467963875000e-02 -1.4480333895294e+01
3.1477963875000e-02 -1.5219899056619e+01
3.1487963875000e-02 -1.6324867393787e+01
3.1497963875000e-02 -1.7701798695404e+01
3.1507963875000e-02 -1.9555108440760e+01
3.1517963875000e-02 -2.1605216880937e+01
3.1527963875000e-02 -2.4424054398380e+01
3.1537963875000e-02 -2.9144903000863e+01
3.1547963875000e-02 -3.1737417115215e+01
3.1557963875000e-02 -3.4390840138386e+01
3.1567963875000e-02 -3.7643176666727e+01
3.1577963875000e-02 -3.9905281900184e+01
3.1587963875000e-02 -4.0628146151229e+01
3.1597963875000e-02 -4.4009512938614e+01
3.1607963875000e-02 -4.4128848846746e+01
3.1617963875000e-02 -4.2881679130152e+01
3.1627963875000e-02 -3.9152777979830e+01
3.1637963875000e-02 -3.4912089835143e+01
3.1647963875000e-02 -3.1346652694417e+01
3.1657963875000e-02 -2.7314824378157e+01
3.1667963875000e-02 -2.2104536033002e+01
3.1677963875000e-02 -1.5965504841650e+01
3.1687963875000e-02 -1.2108381579607e+01
3.1697963875000e-02 -7.4788778132754e+00
3.1707963875000e-02 -1.3438449095733e+00
3.1717963875000e-02 2.6089916216752e+00
3.1727963875000e-02 4.9958892685607e+00
3.1737963875000e-02 8.0687980465972e+00
3.1747963875000e-02 1.0607300994580e+01
3.1757963875000e-02 1.2717648441833e+01
3.1767963875000e-02 1.5794912496927e+01
3.1777963875000e-02 1.7267350591891e+01
3.1787963875000e-02 1.7811656745334e+01
3.1797963875000e-02 1.7983148030508e+01
3.1807963875000e-02 2.0530818671113e+01
3.1817963875000e-02 2.1723460698001e+01
3.1827963875000e-02 2.3735358064159e+01
3.1837963875000e-02 2.5603136005769e+01
3.1847963875000e-02 2.6718503617598e+01
3.1857963875000e-02 2.7500265396452e+01
3.1867963875000e-02 2.7539480394110e+01
3.1877963875000e-02 2.8383066981878e+01
3.1887963875000e-02 3.0327120610501e+01
3.1897963875000e-02 3.0987226710865e+01
3.1907963875000e-02 3.2457666041273e+01
3.1917963875000e-02 3.3878303371882e+01
3.1927963875000e-02 3.5014884740768e+01
3.1937963875000e-02 3.6035786463884e+01
3.1947963875000e-02 3.3393163072310e+01
3.1957963875000e-02 3.0709751517798e+01
3.1967963875000e-02 3.0350863434895e+01
3.1977963875000e-02 2.7644444974455e+01
3.1987963875000e-02 2.5307805280529e+01
3.1997963875000e-02 2.3948899827672e+01
3.2007963875000e-02 1.9544153189049e+01
3.2017963875000e-02 1.8747743310383e+01
3.2027963875000e-02 1.7130886991214e+01
3.2037963875000e-02 1.5872229414516e+01
3.2047963875000e-02 1.3624097622229e+01
3.2057963875000e-02 1.2432718048268e+01
3.2067963875000e-02 9.0195879632395e+00
3.2077963875000e-02 6.2929256054489e+00
3.2087963875000e-02 2.4902120828379e+00
3.2097963875000e-02 1.0746737072049e-01
3.2107963875000e-02 -2.0850806323125e+00
3.2117963875000e-02 -4.5832323712316e+00
3.2127963875000e-02 -5.4471096779812e+00
3.2137963875000e-02 -7.7995934046147e+00
3.2147963875000e-02 -9.1589709181146e+00
3.2157963875000e-02 -1.0147137623462e+01
3.2167963875000e-02 -1.0021459353007e+01
3.2177963875000e-02 -1.0931351985957e+01
3.2187963875000e-02 -1.1867228212115e+01
3.2197963875000e-02 -1.1964974142298e+01
3.2207963875000e-02 -1.3926943852003e+01
3.2217963875000e-02 -1.6749735732880e+01
3.2227963875000e-02 -1.9987205942395e+01
3.2237963875000e-02 -2.2883432103979e+01
3.2247963875000e-02 -2.7245941268759e+01
3.2257963875000e-02 -3.0661575536149e+01
3.2267963875000e-02 -3.3725413654625e+01
3.2277963875000e-02 -3.6105317411937e+01
3.2287963875000e-02 -3.7937897096047e+01
3.2297963875000e-02 -3.7987017367167e+01
3.2307963875000e-02 -3.8920306501647e+01
3.2317963875000e-02 -4.0616285789659e+01
3.2327963875000e-02 -3.9509994173935e+01
3.2337963875000e-02 -3.7622041524656e+01
3.2347963875000e-02 -3.6786066401616e+01
3.2357963875000e-02 -3.6475328610065e+01
3.2367963875000e-02 -3.4641795964404e+01
3.2377963875000e-02 -3.5315956956935e+01
3.2387963875000e-02 -2.8286797442885e+01
3.2397963875000e-02 -2.1817556125411e+01
3.2407963875000e-02 -1.8303281382809e+01
3.2417963875000e-02 -9.5148176466220e+00
3.2427963875000e-02 -5.1761897286774e+00
3.2437963875000e-02 -3.3451262393263e+00
3.2447963875000e-02 -1.5149821542349e+00
3.2457963875000e-02 2.2572597558525e+00
3.2467963875000e-02 2.4280762682936e+00
3.2477963875000e-02 8.4612254964180e+00
3.2487963875000e-02 8.5087611226489e+00
3.2497963875000e-02 1.0164454369452e+01
3.2507963875000e-02 1.2093539630367e+01
3.2517963875000e-02 1.4682628591761e+01
3.2527963875000e-02 1.5933552636510e+01
3.2537963875000e-02 1.8861461604472e+01
3.2547963875000e-02 2.1496945455046e+01
3.2557963875000e-02 2.3713809918611e+01
3.2567963875000e-02 2.5259133646559e+01
3.2577963875000e-02 2.6000190434652e+01
3.2587963875000e-02 2.7498426224593e+01
3.2597963875000e-02 2.8422641308469e+01
3.2607963875000e-02 2.8989254614237e+01
3.2617963875000e-02 3.1720374668544e+01
3.2627963875000e-02 3.3490675086102e+01
3.2637963875000e-02 3.3286618797135e+01
3.2647963875000e-02 3.3609665632262e+01
3.2657963875000e-02 3.2415488147183e+01
3.2667963875000e-02 2.8662271997929e+01
3.2677963875000e-02 2.7006792687040e+01
3.2687963875000e-02 2.5600088370488e+01
3.2697963875000e-02 2.3297958123282e+01
3.2707963875000e-02 2.0663840613375e+01
3.2717963875000e-02 1.9411595934361e+01
3.2727963875000e-02 1.8187257271830e+01
3.2737963875000e-02 1.7206283173020e+01
3.2747963875000e-02 1.6093796963561e+01
3.2757963875000e-02 1.6169770531105e+01
3.2767963875000e-02 1.4875820714599e+01
3.2777963875000e-02 1.4837714341815e+01
3.2787963875000e-02 1.3124507389562e+01
3.2797963875000e-02 1.0802979759095e+01
3.2807963875000e-02 9.3759489387114e+00
3.2817963875000e-02 6.5068549378658e+00
3.2827963875000e-02 4.5318360479372e+00
3.2837963875000e-02 3.1396718472431e+00
3.2847963875000e-02 -7.6441967681231e-01
3.2857963875000e-02 -7.6593581661491e-01
3.2867963875000e-02 -7.4264168234765e-01
3.2877963875000e-02 -4.2711912504112e+00
3.2887963875000e-02 -5.0430923410476e+00
3.2897963875000e-02 -7.4901564866349e+00
3.2907963875000e-02 -6.6224082052364e+00
3.2917963875000e-02 -6.9330134117704e+00
3.2927963875000e-02 -5.8544978986259e+00
3.2937963875000e-02 -6.5901710969357e+00
3.2947963875000e-02 -5.1908326244945e+00
3.2957963875000e-02 -4.5038669508206e+00
3.2967963875000e-02 -6.2711289959559e+00
3.2977963875000e-02 -6.9130652443068e+00
3.2987963875000e-02 -9.7348823718737e+00
3.2997963875000e-02 -1.4046271504814e+01
3.3007963875000e-02 -1.5450988495423e+01
3.3017963875000e-02 -1.8134550795962e+01
3.3027963875000e-02 -2.0722021700382e+01
3.3037963875000e-02 -2.4308100529611e+01
3.3047963875000e-02 -2.7291623364657e+01
3.3057963875000e-02 -3.0367002995278e+01
3.3067963875000e-02 -3.2519191870220e+01
3.3077963875000e-02 -3.5441935459730e+01
3.3087963875000e-02 -3.6188291541194e+01
3.3097963875000e-02 -3.6453435376987e+01
3.3107963875000e-02 -3.5945478265597e+01
3.3117963875000e-02 -3.4874721475482e+01
3.3127963875000e-02 -3.3640705550219e+01
3.3137963875000e-02 -3.1564150856057e+01
3.3147963875000e-02 -2.8757090202022e+01
3.3157963875000e-02 -2.5192626908281e+01
3.3167963875000e-02 -2.0486187740359e+01
3.3177963875000e-02 -1.7911888906605e+01
3.3187963875000e-02 -1.5982096017474e+01
3.3197963875000e-02 -1.2880874296442e+01
3.3207963875000e-02 -1.2559101769110e+01
3.3217963875000e-02 -1.0723206205374e+01
3.3227963875000e-02 -9.1041835686960e+00
3.3237963875000e-02 -6.9076716760248e+00
3.3247963875000e-02 -5.4942739819417e+00
3.3257963875000e-02 -3.8759291353102e+00
3.3267963875000e-02 -2.3284460603947e+00
3.3277963875000e-02 -2.0852032371257e-01
3.3287963875000e-02 8.1427568027926e-01
3.3297963875000e-02 4.0509023026837e+00
3.3307963875000e-02 6.5705760503060e+00
3.3317963875000e-02 9.9077876196656e+00
3.3327963875000e-02 1.3287602994891e+01
3.3337963875000e-02 1.5445717224657e+01
3.3347963875000e-02 1.8677022960677e+01
3.3357963875000e-02 1.9859240058093e+01
3.3367963875000e-02 2.1872326973249e+01
3.3377963875000e-02 2.3692753850550e+01
3.3387963875000e-02 2.4924112467490e+01
3.3397963875000e-02 2.4098613142840e+01
3.3407963875000e-02 2.4490248920986e+01
3.3417963875000e-02 2.1586303425848e+01
3.3427963875000e-02 2.0086957573662e+01
3.3437963875000e-02 2.2092831447676e+01
3.3447963875000e-02 2.4037640291477e+01
3.3457963875000e-02 2.2243925676562e+01
3.3467963875000e-02 2.4066152045956e+01
3.3477963875000e-02 2.4036392980871e+01
3.3487963875000e-02 1.9503278942916e+01
3.3497963875000e-02 2.3550257023169e+01
3.3507963875000e-02 2.5912947487972e+01
3.3517963875000e-02 2.5272051110737e+01
3.3527963875000e-02 2.5646595056784e+01
3.3537963875000e-02 2.4776632516787e+01
3.3547963875000e-02 2.4194345139263e+01
3.3557963875000e-02 2.3383476802555e+01
3.3567963875000e-02 2.4254105146366e+01
3.3577963875000e-02 2.3718374150009e+01
3.3587963875000e-02 2.1023424531557e+01
3.3597963875000e-02 1.9861223886922e+01
3.3607963875000e-02 1.7603816855721e+01
3.3617963875000e-02 1.7484261001710e+01
3.3627963875000e-02 1.5835783086259e+01
3.3637963875000e-02 1.3630337322370e+01
3.3647963875000e-02 1.1756385129858e+01
3.3657963875000e-02 1.1057720441124e+01
3.3667963875000e-02 8.6353823726215e+00
3.3677963875000e-02 7.2258541292506e+00
3.3687963875000e-02 5.0119535538951e+00
3.3697963875000e-02 2.4472483056804e+00
3.3707963875000e-02 1.2962006589475e+00
3.3717963875000e-02 -1.3508481772768e+00
3.3727963875000e-02 -2.5212048041361e+00
3.3737963875000e-02 -2.6751749628748e+00
3.3747963875000e-02 -1.3348189045415e+00
3.3757963875000e-02 -5.0777834147952e+00
3.3767963875000e-02 -4.0983681961540e+00
3.3777963875000e-02 -5.6731445041412e+00
3.3787963875000e-02 -4.2895578152602e+00
3.3797963875000e-02 -5.2911416647116e+00
3.3807963875000e-02 -3.6432742182325e+00
3.3817963875000e-02 -2.0374070120721e+00
3.3827963875000e-02 -8.2664094625816e-01
3.3837963875000e-02 1.0831716917733e-02
3.3847963875000e-02 4.9286403170102e-01
3.3857963875000e-02 4.0470853554349e-01
3.3867963875000e-02 -9.4514312254622e-01
3.3877963875000e-02 -5.0627315135773e+00
3.3887963875000e-02 -4.8294165096505e+00
3.3897963875000e-02 -7.4172459785447e+00
3.3907963875000e-02 -1.0705900945540e+01
3.3917963875000e-02 -1.5104462371816e+01
3.3927963875000e-02 -1.4793423177481e+01
3.3937963875000e-02 -1.6857693720821e+01
3.3947963875000e-02 -1.9551412383873e+01
3.3957963875000e-02 -2.2214190861317e+01
3.3967963875000e-02 -2.2998757320173e+01
3.3977963875000e-02 -2.2726186470761e+01
3.3987963875000e-02 -2.1317666560501e+01
3.3997963875000e-02 -2.0378304185982e+01
3.4007963875000e-02 -2.0201591185071e+01
3.4017963875000e-02 -1.7359185230570e+01
3.4027963875000e-02 -1.5744595637310e+01
3.4037963875000e-02 -1.4402228591176e+01
3.4047963875000e-02 -1.5264108903467e+01
3.4057963875000e-02 -1.9358927285767e+01
3.4067963875000e-02 -2.4026157885602e+01
3.4077963875000e-02 -2.8782636094911e+01
3.4087963875000e-02 -3.4808976935913e+01
3.4097963875000e-02 -3.8353187599372e+01
3.4107963875000e-02 -4.1204151479883e+01
3.4117963875000e-02 -4.0554462495648e+01
3.4127963875000e-02 -3.8929943908305e+01
3.4137963875000e-02 -3.6860303168985e+01
3.4147963875000e-02 -3.3952579939153e+01
3.4157963875000e-02 -3.0615152678939e+01
3.4167963875000e-02 -2.8676626021545e+01
3.4177963875000e-02 -2.7510312861397e+01
3.4187963875000e-02 -2.5839291425630e+01
3.4197963875000e-02 -2.3465689667874e+01
3.4207963875000e-02 -2.1875726111094e+01
3.4217963875000e-02 -1.9000228115848e+01
3.4227963875000e-02 -1.6183387334942e+01
3.4237963875000e-02 -1.4357773294381e+01
3.4247963875000e-02 -9.2185472896855e+00
3.4257963875000e-02 -6.5160865995507e+00
3.4267963875000e-02 -4.8316110820866e+00
3.4277963875000e-02 -8.7799042099207e-01
3.4287963875000e-02 2.5561121537239e+00
3.4297963875000e-02 3.6334638041572e+00
3.4307963875000e-02 6.7943368266092e+00
3.4317963875000e-02 8.5582586798537e+00
3.4327963875000e-02 1.0938540687139e+01
3.4337963875000e-02 1.1869538169721e+01
3.4347963875000e-02 1.5275008130950e+01
3.4357963875000e-02 1.7485037313994e+01
3.4367963875000e-02 1.8667390171838e+01
3.4377963875000e-02 2.0390375748321e+01
3.4387963875000e-02 2.0380276996364e+01
3.4397963875000e-02 2.2371194943109e+01
3.4407963875000e-02 2.5837402337290e+01
3.4417963875000e-02 2.6768094441610e+01
3.4427963875000e-02 3.0064942692460e+01
3.4437963875000e-02 3.0744670434528e+01
3.4447963875000e-02 3.5244216918077e+01
3.4457963875000e-02 3.8986783438708e+01
3.4467963875000e-02 3.9555280900872e+01
3.4477963875000e-02 3.9503480619026e+01
3.4487963875000e-02 4.0272341905447e+01
3.4497963875000e-02 3.8641087335075e+01
3.4507963875000e-02 3.6300951941887e+01
3.4517963875000e-02 3.2688392118257e+01
3.4527963875000e-02 2.8542240502689e+01
3.4537963875000e-02 2.2509119933034e+01
3.4547963875000e-02 2.2378087181471e+01
3.4557963875000e-02 1.9294492853101e+01
3.4567963875000e-02 1.5795019911740e+01
3.4577963875000e-02 1.5713082377840e+01
3.4587963875000e-02 1.4629734514883e+01
3.4597963875000e-02 1.7072005340476e+01
3.4607963875000e-02 1.4462674099475e+01
3.4617963875000e-02 1.4487406222973e+01
3.4627963875000e-02 1.3551822477752e+01
3.4637963875000e-02 1.2275831969348e+01
3.4647963875000e-02 9.5356896338435e+00
3.4657963875000e-02 8.1643523480162e+00
3.4667963875000e-02 5.4055323340456e+00
3.4677963875000e-02 4.4705875871367e+00
3.4687963875000e-02 3.8864357384795e+00
3.4697963875000e-02 1.9066645389542e+00
3.4707963875000e-02 -1.2307651108695e+00
3.4717963875000e-02 -2.8984893706634e+00
3.4727963875000e-02 -6.6404103672792e+00
3.4737963875000e-02 -8.7029513055141e+00
3.4747963875000e-02 -1.2471271916155e+01
3.4757963875000e-02 -1.3904244170501e+01
3.4767963875000e-02 -1.6817794010713e+01
3.4777963875000e-02 -1.6710935185103e+01
3.4787963875000e-02 -1.7850984884270e+01
3.4797963875000e-02 -1.9303025808599e+01
3.4807963875000e-02 -2.0074391967262e+01
3.4817963875000e-02 -1.9741800743277e+01
3.4827963875000e-02 -2.0616490395505e+01
3.4837963875000e-02 -2.0461716280073e+01
3.4847963875000e-02 -2.1499558079860e+01
3.4857963875000e-02 -2.4063360668785e+01
3.4867963875000e-02 -2.4443728706786e+01
3.4877963875000e-02 -2.7359418149505e+01
3.4887963875000e-02 -3.2479702199662e+01
3.4897963875000e-02 -3.2912084385268e+01
3.4907963875000e-02 -3.2923345109181e+01
3.4917963875000e-02 -3.3219989657789e+01
3.4927963875000e-02 -3.5177451085658e+01
3.4937963875000e-02 -3.4847467386891e+01
3.4947963875000e-02 -3.1755388265100e+01
3.4957963875000e-02 -2.9214544982505e+01
3.4967963875000e-02 -2.6219862339303e+01
3.4977963875000e-02 -2.2569464458439e+01
3.4987963875000e-02 -1.9045582208403e+01
3.4997963875000e-02 -1.5993029129477e+01
3.5007963875000e-02 -1.2728601284558e+01
3.5017963875000e-02 -1.0659041933825e+01
3.5027963875000e-02 -1.0266753607054e+01
3.5037963875000e-02 -8.8121608432813e+00
3.5047963875000e-02 -6.0768998619372e+00
3.5057963875000e-02 -4.8651905202961e+00
3.5067963875000e-02 -2.9580831608391e+00
3.5077963875000e-02 -2.0485602603453e-01
3.5087963875000e-02 6.4731277479700e-01
3.5097963875000e-02 2.0239690488292e+00
3.5107963875000e-02 4.1742335070405e+00
3.5117963875000e-02 4.9336012969288e+00
3.5127963875000e-02 6.4206693803614e+00
3.5137963875000e-02 7.1517302991615e+00
3.5147963875000e-02 9.2632055667303e+00
3.5157963875000e-02 1.0111171363845e+01
3.5167963875000e-02 1.1644087416268e+01
3.5177963875000e-02 1.3168652936089e+01
3.5187963875000e-02 1.4592159616644e+01
3.5197963875000e-02 1.5975287299076e+01
3.5207963875000e-02 1.8979455662757e+01
3.5217963875000e-02 2.0380860279080e+01
3.5227963875000e-02 2.1737662417247e+01
3.5237963875000e-02 2.3265405299967e+01
3.5247963875000e-02 2.6921966061903e+01
3.5257963875000e-02 2.9463889564939e+01
3.5267963875000e-02 3.3721321674912e+01
3.5277963875000e-02 3.4356885549721e+01
3.5287963875000e-02 3.4818209948679e+01
3.5297963875000e-02 3.5426735251359e+01
3.5307963875000e-02 3.2627053408927e+01
3.5317963875000e-02 3.1658163634553e+01
3.5327963875000e-02 3.0245867891908e+01
3.5337963875000e-02 2.7247764120717e+01
3.5347963875000e-02 2.4944967022435e+01
3.5357963875000e-02 2.2175399527730e+01
3.5367963875000e-02 2.0640789388183e+01
3.5377963875000e-02 1.9524472410391e+01
3.5387963875000e-02 1.9099377739293e+01
3.5397963875000e-02 1.6555381014323e+01
3.5407963875000e-02 1.3754859540936e+01
3.5417963875000e-02 9.4252773868901e+00
3.5427963875000e-02 7.5848904657589e+00
3.5437963875000e-02 3.6490708850508e+00
3.5447963875000e-02 1.1067270678932e+00
3.5457963875000e-02 -1.3416320518667e+00
3.5467963875000e-02 -3.1351807208662e+00
3.5477963875000e-02 -6.5928029788822e+00
3.5487963875000e-02 -1.0588492539496e+01
3.5497963875000e-02 -1.3415693691009e+01
3.5507963875000e-02 -1.5720368528116e+01
3.5517963875000e-02 -1.9055989842040e+01
3.5527963875000e-02 -2.0881331059390e+01
3.5537963875000e-02 -2.1884648780917e+01
3.5547963875000e-02 -2.1961813509262e+01
3.5557963875000e-02 -2.3708968595666e+01
3.5567963875000e-02 -2.5438360453583e+01
3.5577963875000e-02 -2.7378521502763e+01
3.5587963875000e-02 -2.8572594588250e+01
3.5597963875000e-02 -2.9576742417869e+01
3.5607963875000e-02 -2.9608706454265e+01
3.5617963875000e-02 -3.0016786665588e+01
3.5627963875000e-02 -2.9372475542433e+01
3.5637963875000e-02 -2.8911128149472e+01
3.5647963875000e-02 -2.7220583633214e+01
3.5657963875000e-02 -2.6990606303166e+01
3.5667963875000e-02 -2.8768863167185e+01
3.5677963875000e-02 -2.7169581483602e+01
3.5687963875000e-02 -2.5444473633703e+01
3.5697963875000e-02 -2.5296257600378e+01
3.5707963875000e-02 -2.6284734189079e+01
3.5717963875000e-02 -2.6287131878565e+01
3.5727963875000e-02 -2.4857655073746e+01
3.5737963875000e-02 -2.2831958162232e+01
3.5747963875000e-02 -2.1313258527292e+01
3.5757963875000e-02 -2.0239369750777e+01
3.5767963875000e-02 -1.8243331406096e+01
3.5777963875000e-02 -1.7308555699407e+01
3.5787963875000e-02 -1.4616336358999e+01
3.5797963875000e-02 -1.1578010078959e+01
3.5807963875000e-02 -1.0196625504261e+01
3.5817963875000e-02 -8.5209792639945e+00
3.5827963875000e-02 -6.8937797278793e+00
3.5837963875000e-02 -4.1186254937337e+00
3.5847963875000e-02 -1.6233405688855e+00
3.5857963875000e-02 -1.7445646241195e-01
3.5867963875000e-02 2.4587833376681e+00
3.5877963875000e-02 4.5556567056778e+00
3.5887963875000e-02 7.0692979655512e+00
3.5897963875000e-02 9.8007846763077e+00
3.5907963875000e-02 1.2568977411025e+01
3.5917963875000e-02 1.4767380469999e+01
3.5927963875000e-02 1.7242139059734e+01
3.5937963875000e-02 1.9750043382490e+01
3.5947963875000e-02 2.3413053549389e+01
3.5957963875000e-02 2.5904756750751e+01
3.5967963875000e-02 2.7564614846620e+01
3.5977963875000e-02 2.9050016428877e+01
3.5987963875000e-02 2.8598100577122e+01
3.5997963875000e-02 3.0072880422022e+01
3.6007963875000e-02 2.9928297320482e+01
3.6017963875000e-02 3.3320816092295e+01
3.6027963875000e-02 3.4258697957840e+01
3.6037963875000e-02 3.4616218169769e+01
3.6047963875000e-02 3.6192110409299e+01
3.6057963875000e-02 3.5960364385158e+01
3.6067963875000e-02 3.5876779563164e+01
3.6077963875000e-02 3.5399695487904e+01
3.6087963875000e-02 3.1013388924266e+01
3.6097963875000e-02 2.8522245595525e+01
3.6107963875000e-02 2.3463989101594e+01
3.6117963875000e-02 1.7716470087449e+01
3.6127963875000e-02 1.2844163875907e+01
3.6137963875000e-02 9.5311457928249e+00
3.6147963875000e-02 6.9817200951959e+00
3.6157963875000e-02 3.7256097612699e+00
3.6167963875000e-02 2.5755527249525e+00
3.6177963875000e-02 1.1893082214114e+00
3.6187963875000e-02 1.2922116220807e+00
3.6197963875000e-02 3.4744600259656e+00
3.6207963875000e-02 5.1930482978457e+00
3.6217963875000e-02 5.2520155317656e+00
3.6227963875000e-02 6.2627594777647e+00
3.6237963875000e-02 6.2511207322254e+00
3.6247963875000e-02 4.3691052039080e+00
3.6257963875000e-02 4.5334329206273e+00
3.6267963875000e-02 4.1845719258415e+00
3.6277963875000e-02 2.7312324891745e+00
3.6287963875000e-02 1.5563171296739e+00
3.6297963875000e-02 -1.9361624142865e-02
3.6307963875000e-02 -8.0099310985473e-01
3.6317963875000e-02 -8.3926996329244e-01
3.6327963875000e-02 -2.4291065375008e+00
3.6337963875000e-02 -3.4685665743310e+00
3.6347963875000e-02 -4.6985572631838e+00
3.6357963875000e-02 -6.0411295762764e+00
3.6367963875000e-02 -5.8016677274477e+00
3.6377963875000e-02 -6.4701401065118e+00
3.6387963875000e-02 -5.7958766258712e+00
3.6397963875000e-02 -4.1397011457948e+00
3.6407963875000e-02 -4.2990236328865e+00
3.6417963875000e-02 -4.0243395643928e+00
3.6427963875000e-02 -6.1700595276402e+00
3.6437963875000e-02 -7.9997791638651e+00
3.6447963875000e-02 -1.0853929623789e+01
3.6457963875000e-02 -1.3109871385613e+01
3.6467963875000e-02 -1.5339483591396e+01
3.6477963875000e-02 -1.5752281700532e+01
3.6487963875000e-02 -1.7352079179309e+01
3.6497963875000e-02 -1.7912573582870e+01
3.6507963875000e-02 -1.7493931755266e+01
3.6517963875000e-02 -1.7089563124704e+01
3.6527963875000e-02 -1.7178580792509e+01
3.6537963875000e-02 -1.5503825865937e+01
3.6547963875000e-02 -1.3193389040466e+01
3.6557963875000e-02 -1.2547780472298e+01
3.6567963875000e-02 -1.3860026700048e+01
3.6577963875000e-02 -1.2922742885925e+01
3.6587963875000e-02 -1.3367136554771e+01
3.6597963875000e-02 -1.5078390628896e+01
3.6607963875000e-02 -1.7289895277761e+01
3.6617963875000e-02 -2.0354383996197e+01
3.6627963875000e-02 -2.2479158534539e+01
3.6637963875000e-02 -2.4512073181787e+01
3.6647963875000e-02 -2.6579705338270e+01
3.6657963875000e-02 -2.7474743578702e+01
3.6667963875000e-02 -2.8193310807063e+01
3.6677963875000e-02 -2.9437899517480e+01
3.6687963875000e-02 -3.1500866490748e+01
3.6697963875000e-02 -3.0033625831904e+01
3.6707963875000e-02 -2.9213340068721e+01
3.6717963875000e-02 -2.8707361380641e+01
3.6727963875000e-02 -2.7024175580399e+01
3.6737963875000e-02 -2.4863802866629e+01
3.6747963875000e-02 -2.2972297645229e+01
3.6757963875000e-02 -2.0301897207013e+01
3.6767963875000e-02 -1.8718410963347e+01
3.6777963875000e-02 -1.5710383785155e+01
3.6787963875000e-02 -1.2541951846309e+01
3.6797963875000e-02 -1.0420848803922e+01
3.6807963875000e-02 -7.4455496317332e+00
3.6817963875000e-02 -4.6444603736810e+00
3.6827963875000e-02 -1.1034410354107e+00
3.6837963875000e-02 1.8372040411927e+00
3.6847963875000e-02 4.6902957271994e+00
3.6857963875000e-02 7.3912369502700e+00
3.6867963875000e-02 9.7505902443974e+00
3.6877963875000e-02 1.2594499912389e+01
3.6887963875000e-02 1.4707207846855e+01
3.6897963875000e-02 1.6602535669054e+01
3.6907963875000e-02 1.7986235691229e+01
3.6917963875000e-02 1.8979076532084e+01
3.6927963875000e-02 1.9944711904157e+01
3.6937963875000e-02 2.1004952448084e+01
3.6947963875000e-02 2.1751377131866e+01
3.6957963875000e-02 2.3180091274959e+01
3.6967963875000e-02 2.2760220935773e+01
3.6977963875000e-02 2.2900032059080e+01
3.6987963875000e-02 2.4248937481381e+01
3.6997963875000e-02 2.5801475483710e+01
3.7007963875000e-02 2.6756705295032e+01
3.7017963875000e-02 2.8610045220965e+01
3.7027963875000e-02 3.1249119857554e+01
3.7037963875000e-02 3.4277596724429e+01
3.7047963875000e-02 3.5982290801627e+01
3.7057963875000e-02 3.6179459456939e+01
3.7067963875000e-02 3.5724275160828e+01
3.7077963875000e-02 3.3614404245240e+01
3.7087963875000e-02 3.1415927846485e+01
3.7097963875000e-02 2.3043083741255e+01
3.7107963875000e-02 1.7684993683998e+01
3.7117963875000e-02 1.0479035844858e+01
3.7127963875000e-02 7.1267872724689e+00
3.7137963875000e-02 5.8628610066502e+00
3.7147963875000e-02 4.8934743091634e+00
3.7157963875000e-02 5.0316722955106e+00
3.7167963875000e-02 3.8929364395744e+00
3.7177963875000e-02 3.0432837201373e+00
3.7187963875000e-02 8.3125049688155e-02
3.7197963875000e-02 -2.1460406920383e+00
3.7207963875000e-02 -3.3392961542425e+00
3.7217963875000e-02 -3.2471911992053e+00
3.7227963875000e-02 -7.0743985145685e+00
3.7237963875000e-02 -7.7110672366373e+00
3.7247963875000e-02 -7.0011956443898e+00
3.7257963875000e-02 -7.2800133664169e+00
3.7267963875000e-02 -7.1024594878872e+00
3.7277963875000e-02 -5.6664889999225e+00
3.7287963875000e-02 -5.2037305183871e+00
3.7297963875000e-02 -4.5746054564050e+00
3.7307963875000e-02 -4.5083418909964e+00
3.7317963875000e-02 -4.4579423983857e+00
3.7327963875000e-02 -4.4984260864367e+00
3.7337963875000e-02 -4.4624479977233e+00
3.7347963875000e-02 -5.9568954575192e+00
3.7357963875000e-02 -5.1408834980011e+00
3.7367963875000e-02 -4.1078549981630e+00
3.7377963875000e-02 -4.8780177891109e+00
3.7387963875000e-02 -4.7828988279531e+00
3.7397963875000e-02 -6.0554788452338e+00
3.7407963875000e-02 -5.7846412339930e+00
3.7417963875000e-02 -6.1082061900552e+00
3.7427963875000e-02 -6.8192845043393e+00
3.7437963875000e-02 -6.3409475105614e+00
3.7447963875000e-02 -5.8804855485143e+00
3.7457963875000e-02 -5.7363874418894e+00
3.7467963875000e-02 -4.9388072947763e+00
3.7477963875000e-02 -4.2927462720252e+00
3.7487963875000e-02 -3.8397803047225e+00
3.7497963875000e-02 -3.1996354507657e+00
3.7507963875000e-02 -3.9564917215759e+00
3.7517963875000e-02 -5.2191873392986e+00
3.7527963875000e-02 -5.8485960846433e+00
3.7537963875000e-02 -5.5120574242185e+00
3.7547963875000e-02 -6.2718348938653e+00
3.7557963875000e-02 -7.1947103376391e+00
3.7567963875000e-02 -6.7213160707751e+00
3.7577963875000e-02 -7.5137767962336e+00
3.7587963875000e-02 -4.9390119963120e+00
3.7597963875000e-02 -3.6769667286712e+00
3.7607963875000e-02 -2.7574435296516e+00
3.7617963875000e-02 -2.6208380579609e+00
3.7627963875000e-02 -3.1842542639486e+00
3.7637963875000e-02 -4.3555065763349e+00
3.7647963875000e-02 -5.5876411628123e+00
3.7657963875000e-02 -6.5788430224523e+00
3.7667963875000e-02 -8.2547036597782e+00
3.7677963875000e-02 -9.5777080853904e+00
3.7687963875000e-02 -1.1483536793271e+01
3.7697963875000e-02 -1.3375975506342e+01
3.7707963875000e-02 -1.4190775025523e+01
3.7717963875000e-02 -1.5211505566656e+01
3.7727963875000e-02 -1.6041913010074e+01
3.7737963875000e-02 -1.7222611622949e+01
3.7747963875000e-02 -1.7680837242906e+01
3.7757963875000e-02 -1.7184120674367e+01
3.7767963875000e-02 -1.7158055839379e+01
3.7777963875000e-02 -1.6250963423625e+01
3.7787963875000e-02 -1.5140720514525e+01
3.7797963875000e-02 -1.4343368681084e+01
3.7807963875000e-02 -1.2993862900814e+01
3.7817963875000e-02 -1.1619725107384e+01
3.7827963875000e-02 -1.1160046333400e+01
3.7837963875000e-02 -1.0488058148343e+01
3.7847963875000e-02 -1.0624102953107e+01
3.7857963875000e-02 -1.0687064383908e+01
3.7867963875000e-02 -1.1057753844955e+01
3.7877963875000e-02 -1.1731538480029e+01
3.7887963875000e-02 -1.1983912256018e+01
3.7897963875000e-02 -1.3589098674501e+01
3.7907963875000e-02 -1.4874349315528e+01
3.7917963875000e-02 -1.6752297126867e+01
3.7927963875000e-02 -1.8188461338772e+01
3.7937963875000e-02 -2.0433105070062e+01
3.7947963875000e-02 -1.9277896415570e+01
3.7957963875000e-02 -1.8959974093480e+01
3.7967963875000e-02 -1.7653353182278e+01
3.7977963875000e-02 -1.7505137043301e+01
3.7987963875000e-02 -1.5303356186619e+01
3.7997963875000e-02 -1.5877217758135e+01
3.8007963875000e-02 -1.3261435608358e+01
3.8017963875000e-02 -1.1690264179321e+01
3.8027963875000e-02 -9.1074407695031e+00
3.8037963875000e-02 -6.2416355785127e+00
3.8047963875000e-02 -3.7399033024867e+00
3.8057963875000e-02 -2.6676351420869e+00
3.8067963875000e-02 -4.7783571326326e-01
3.8077963875000e-02 1.0192238271817e+00
3.8087963875000e-02 2.4868883067004e+00
3.8097963875000e-02 2.9827137800786e+00
3.8107963875000e-02 3.4790951265448e+00
3.8117963875000e-02 3.2482595327207e+00
3.8127963875000e-02 2.6613646447203e+00
3.8137963875000e-02 2.8287555009873e+00
3.8147963875000e-02 2.2827357683672e+00
3.8157963875000e-02 1.8971089871370e+00
3.8167963875000e-02 2.5710931981266e+00
3.8177963875000e-02 3.8861224337159e+00
3.8187963875000e-02 4.3412473014939e+00
3.8197963875000e-02 5.8313513800732e+00
3.8207963875000e-02 7.9810946944575e+00
3.8217963875000e-02 8.8367142786140e+00
3.8227963875000e-02 1.0159599878502e+01
3.8237963875000e-02 1.3520963823902e+01
3.8247963875000e-02 1.7133081877041e+01
3.8257963875000e-02 1.9555154993540e+01
3.8267963875000e-02 2.1652020679278e+01
3.8277963875000e-02 2.5631720644034e+01
3.8287963875000e-02 2.9843633135388e+01
3.8297963875000e-02 3.2850779162788e+01
3.8307963875000e-02 3.5862862571610e+01
3.8317963875000e-02 3.9328032181070e+01
3.8327963875000e-02 4.0563911163652e+01
3.8337963875000e-02 4.2480173560238e+01
3.8347963875000e-02 4.2780514126249e+01
3.8357963875000e-02 4.2349351234583e+01
3.8367963875000e-02 4.0947388090970e+01
3.8377963875000e-02 3.8252182060433e+01
3.8387963875000e-02 3.5131612134010e+01
3.8397963875000e-02 3.0474693552664e+01
3.8407963875000e-02 2.5855207089479e+01
3.8417963875000e-02 2.1713166035945e+01
3.8427963875000e-02 1.9410025867910e+01
3.8437963875000e-02 1.9375985038471e+01
3.8447963875000e-02 1.7882964898416e+01
3.8457963875000e-02 1.6329709698076e+01
3.8467963875000e-02 1.5414568691076e+01
3.8477963875000e-02 1.4516153133000e+01
3.8487963875000e-02 1.3236386958787e+01
3.8497963875000e-02 1.1207739017156e+01
3.8507963875000e-02 7.4039064058790e+00
3.8517963875000e-02 5.3066809247900e+00
3.8527963875000e-02 1.7674506614998e+00
3.8537963875000e-02 -1.1462452465927e+00
3.8547963875000e-02 -4.1143464036872e+00
3.8557963875000e-02 -7.6237781375866e+00
3.8567963875000e-02 -1.0616983366213e+01
3.8577963875000e-02 -1.3213579704614e+01
3.8587963875000e-02 -1.5498481920279e+01
3.8597963875000e-02 -1.7988061999407e+01
3.8607963874999e-02 -2.0116738458888e+01
3.8617963875000e-02 -2.1460517506156e+01
3.8627963875000e-02 -2.3358089283407e+01
3.8637963875000e-02 -2.4885859050907e+01
3.8647963874999e-02 -2.5385002842326e+01
3.8657963875000e-02 -2.6472089454761e+01
3.8667963875000e-02 -2.6520942172930e+01
3.8677963874999e-02 -2.7831000313922e+01
3.8687963874999e-02 -2.7722583885044e+01
3.8697963874999e-02 -2.7047168909165e+01
3.8707963875000e-02 -2.6248457799805e+01
3.8717963874999e-02 -2.4041116189748e+01
3.8727963874999e-02 -2.2906311187812e+01
3.8737963874999e-02 -2.0757474612905e+01
3.8747963875000e-02 -1.6686234946363e+01
3.8757963874999e-02 -1.6171196935681e+01
3.8767963874999e-02 -1.4176794593704e+01
3.8777963874999e-02 -1.2611496536110e+01
3.8787963874999e-02 -1.0402572645956e+01
3.8797963874999e-02 -9.1741429541300e+00
3.8807963874999e-02 -8.2908298145571e+00
3.8817963874999e-02 -6.6638963063077e+00
3.8827963874999e-02 -5.8130226452136e+00
3.8837963874999e-02 -4.6640116059471e+00
3.8847963874999e-02 -2.4404169342124e+00
3.8857963874999e-02 -2.0098378478441e+00
3.8867963874999e-02 -6.7618824530577e-01
3.8877963874999e-02 1.5767975033976e+00
3.8887963874999e-02 2.1991001033764e+00
3.8897963874999e-02 3.2466701304848e+00
3.8907963874999e-02 5.9485530826015e+00
3.8917963874999e-02 7.4635929743441e+00
3.8927963874999e-02 8.2930807679520e+00
3.8937963874999e-02 9.9310334294566e+00
3.8947963874999e-02 1.1787558921424e+01
3.8957963874999e-02 1.3139944265977e+01
3.8967963874999e-02 1.3857666586961e+01
3.8977963874999e-02 1.4802840939807e+01
3.8987963874999e-02 1.6881362197877e+01
3.8997963874999e-02 1.8421302890725e+01
3.9007963874999e-02 1.9453133812372e+01
3.9017963874999e-02 1.9936974097043e+01
3.9027963874999e-02 2.0128372098280e+01
3.9037963874999e-02 1.9726574398654e+01
3.9047963874999e-02 1.9307182434662e+01
3.9057963874999e-02 2.0101409324301e+01
3.9067963874999e-02 2.0683546320125e+01
3.9077963874999e-02 2.1790490770230e+01
3.9087963874999e-02 2.3359350630873e+01
3.9097963874999e-02 2.4121062062268e+01
3.9107963874999e-02 2.4412920345994e+01
3.9117963874999e-02 2.3808084139882e+01
3.9127963874999e-02 2.2838098252111e+01
3.9137963874999e-02 2.1989957938707e+01
3.9147963874999e-02 2.2042838590695e+01
3.9157963874999e-02 2.1968806074708e+01
3.9167963874999e-02 2.1567861084329e+01
3.9177963874999e-02 2.1908422445549e+01
3.9187963874999e-02 2.2362446323031e+01
3.9197963874999e-02 2.1766271190358e+01
3.9207963874999e-02 2.0764816690041e+01
3.9217963874999e-02 2.0057892847801e+01
3.9227963874999e-02 1.9007847986249e+01
3.9237963874999e-02 1.7336272462177e+01
3.9247963874999e-02 1.5990115912253e+01
3.9257963874999e-02 1.5129114721859e+01
3.9267963874999e-02 1.4552106794837e+01
3.9277963874999e-02 1.2292017668122e+01
3.9287963874999e-02 1.0404325593206e+01
3.9297963874999e-02 9.3407292603545e+00
3.9307963874999e-02 7.1024095624158e+00
3.9317963874999e-02 4.8269517681063e+00
3.9327963874999e-02 2.6751066727471e+00
3.9337963874999e-02 1.7850219848111e-01
3.9347963874999e-02 -1.9595203206578e+00
3.9357963874999e-02 -3.2378219268531e+00
3.9367963874999e-02 -4.7604676349520e+00
3.9377963874999e-02 -6.5635300382774e+00
3.9387963874999e-02 -7.0502596252595e+00
3.9397963874999e-02 -5.9163940412570e+00
3.9407963874999e-02 -3.8969994180192e+00
3.9417963874999e-02 -3.1325853506169e+00
3.9427963874999e-02 -1.1653330736353e+00
3.9437963874999e-02 -7.3191694575008e-01
3.9447963874999e-02 6.7361057350668e-01
3.9457963874999e-02 -4.8538764435001e-02
3.9467963874999e-02 -6.1082596212729e-01
3.9477963874999e-02 -2.7068201633256e+00
3.9487963874999e-02 -7.0032432090330e+00
3.9497963874999e-02 -1.2367896663323e+01
3.9507963874999e-02 -1.3170160520288e+01
3.9517963874999e-02 -1.4275986117744e+01
3.9527963874999e-02 -1.3798907272474e+01
3.9537963874999e-02 -1.6699291084119e+01
3.9547963874999e-02 -1.8670361760073e+01
3.9557963874999e-02 -2.4269765278446e+01
3.9567963874999e-02 -2.5071978893223e+01
3.9577963874999e-02 -2.7562237246379e+01
3.9587963874999e-02 -2.6291683525596e+01
3.9597963874999e-02 -2.5806375571966e+01
3.9607963874999e-02 -2.5059653343478e+01
3.9617963874999e-02 -2.7284895565230e+01
3.9627963874999e-02 -2.6961793248125e+01
3.9637963874999e-02 -2.7725549338341e+01
3.9647963874999e-02 -2.7111448271883e+01
3.9657963874999e-02 -2.5933488698895e+01
3.9667963874999e-02 -2.4241214221864e+01
3.9677963874999e-02 -2.0827370941374e+01
3.9687963874999e-02 -1.8473564972075e+01
3.9697963874999e-02 -1.5630752832050e+01
3.9707963874999e-02 -1.1666230590607e+01
3.9717963874999e-02 -1.1055258713244e+01
3.9727963874999e-02 -7.9016732178990e+00
3.9737963874999e-02 -7.7954043367738e+00
3.9747963874999e-02 -9.1087656172017e+00
3.9757963874999e-02 -7.9165420327132e+00
3.9767963874999e-02 -7.1074308064411e+00
3.9777963874999e-02 -5.5551000382103e+00
3.9787963874999e-02 -4.2003047823662e+00
3.9797963874999e-02 -1.2790956861094e+00
3.9807963874999e-02 2.1297043425536e+00
3.9817963874999e-02 6.1464127094828e+00
3.9827963874999e-02 1.0582556587911e+01
3.9837963874999e-02 1.2861998137399e+01
3.9847963874999e-02 1.5751032775418e+01
3.9857963874999e-02 1.7367850258966e+01
3.9867963874999e-02 2.0272072900988e+01
3.9877963874999e-02 2.1788805952614e+01
3.9887963874999e-02 2.3981100355597e+01
3.9897963874999e-02 2.4801401461318e+01
3.9907963874999e-02 2.5815901276208e+01
3.9917963874999e-02 2.5845968504143e+01
3.9927963874999e-02 2.5120171793983e+01
3.9937963874999e-02 2.3902859713292e+01
3.9947963874999e-02 2.2188392274763e+01
3.9957963874999e-02 2.1382414026818e+01
3.9967963874999e-02 1.9327954936969e+01
3.9977963874999e-02 1.8536092513656e+01
3.9987963874999e-02 1.6488392457100e+01
3.9997963874999e-02 1.6680329665777e+01
4.0007963874999e-02 1.6685312948192e+01
4.0017963874999e-02 1.5639762636030e+01
4.0027963874999e-02 1.5423881323267e+01
4.0037963874999e-02 1.5106795469521e+01
4.0047963874999e-02 1.3611064121131e+01
4.0057963874999e-02 1.1115279457936e+01
4.0067963874999e-02 1.1534328142989e+01
4.0077963874999e-02 1.1786408548765e+01
4.0087963874999e-02 1.1617371300854e+01
4.0097963874999e-02 1.1837662936519e+01
4.0107963874999e-02 1.2560754676555e+01
4.0117963874999e-02 1.2391409472643e+01
4.0127963874999e-02 1.2322334640715e+01
4.0137963874999e-02 1.2793927180302e+01
4.0147963874999e-02 1.2743357283913e+01
4.0157963874999e-02 1.2947542150881e+01
4.0167963874999e-02 1.3322327635273e+01
4.0177963874999e-02 1.2375610871777e+01
4.0187963874999e-02 1.1072619762915e+01
4.0197963874999e-02 1.1658754947927e+01
4.0207963874999e-02 1.0427983538584e+01
4.0217963874999e-02 9.0960746551090e+00
4.0227963874999e-02 8.0347236491610e+00
4.0237963874999e-02 7.1254227188779e+00
4.0247963874999e-02 5.3807408321433e+00
4.0257963874999e-02 3.9357604329389e+00
4.0267963874999e-02 2.2874226107495e+00
4.0277963874999e-02 6.8409574952390e-01
4.0287963874999e-02 -1.6985804435762e+00
4.0297963874999e-02 -4.9689344880899e+00
4.0307963874999e-02 -7.6328155824579e+00
4.0317963874999e-02 -9.9078799286929e+00
4.0327963874999e-02 -1.2374190236779e+01
4.0337963874999e-02 -1.4874576382784e+01
4.0347963874999e-02 -1.6513564271431e+01
4.0357963874999e-02 -1.7961355155903e+01
4.0367963874999e-02 -1.9742204707747e+01
4.0377963874999e-02 -2.0746174745544e+01
4.0387963874999e-02 -2.0695476737024e+01
4.0397963874999e-02 -1.9659831246898e+01
4.0407963874999e-02 -1.8961703832995e+01
4.0417963874999e-02 -1.7341439750437e+01
4.0427963874999e-02 -1.6799133451021e+01
4.0437963874999e-02 -1.6280452658933e+01
4.0447963874999e-02 -1.5618923800006e+01
4.0457963874999e-02 -1.5281847099833e+01
4.0467963874999e-02 -1.5933436663189e+01
4.0477963874999e-02 -1.6631036542608e+01
4.0487963874999e-02 -1.8116663606123e+01
4.0497963874999e-02 -1.9843738422162e+01
4.0507963874999e-02 -2.1026275546866e+01
4.0517963874999e-02 -2.2643445835053e+01
4.0527963874999e-02 -2.5345974601609e+01
4.0537963874999e-02 -2.6846979753965e+01
4.0547963874999e-02 -2.7820395735711e+01
4.0557963874999e-02 -2.9529347816291e+01
4.0567963874999e-02 -3.0760132696545e+01
4.0577963874999e-02 -3.1013578477117e+01
4.0587963874999e-02 -3.0718962990188e+01
4.0597963874999e-02 -2.9973162241667e+01
4.0607963874999e-02 -2.8891844710745e+01
4.0617963874999e-02 -2.7183761374529e+01
4.0627963874999e-02 -2.5631480341892e+01
4.0637963874999e-02 -2.2731355594796e+01
4.0647963874999e-02 -2.1836791362864e+01
4.0657963874999e-02 -1.9679725241720e+01
4.0667963874999e-02 -1.6618405339054e+01
4.0677963874999e-02 -1.4606951342359e+01
4.0687963874999e-02 -1.2954632395943e+01
4.0697963874999e-02 -1.0486753299235e+01
4.0707963874999e-02 -8.5503951802368e+00
4.0717963874999e-02 -5.5315343136345e+00
4.0727963874999e-02 -3.3165728681323e+00
4.0737963874999e-02 -6.3833836462027e-01
4.0747963874999e-02 7.8023479308851e-01
4.0757963874999e-02 2.8527512380265e+00
4.0767963874999e-02 5.5792172054525e+00
4.0777963874999e-02 7.1319266044274e+00
4.0787963874999e-02 9.8276686229344e+00
4.0797963874999e-02 1.1569085142686e+01
4.0807963874999e-02 1.3258222955143e+01
4.0817963874999e-02 1.5996854541646e+01
4.0827963874999e-02 1.7584210848848e+01
4.0837963874999e-02 1.8417493033039e+01
4.0847963874999e-02 2.0004881857502e+01
4.0857963874999e-02 2.3285768934888e+01
4.0867963874999e-02 2.5683542193554e+01
4.0877963874999e-02 2.9033799892287e+01
4.0887963874999e-02 3.2998818142432e+01
4.0897963874999e-02 3.5374910050352e+01
4.0907963874999e-02 3.6760881665774e+01
4.0917963874999e-02 3.8049187555782e+01
4.0927963874999e-02 3.8603687003054e+01
4.0937963874999e-02 3.8423855833728e+01
4.0947963874999e-02 3.6790781616044e+01
4.0957963874999e-02 3.4232343015677e+01
4.0967963874999e-02 2.8574720988590e+01
4.0977963874999e-02 2.7911522869249e+01
4.0987963874999e-02 2.7778114894655e+01
4.0997963874999e-02 2.5618663204835e+01
4.1007963874999e-02 2.4314277851744e+01
4.1017963874999e-02 2.1489431811036e+01
4.1027963874999e-02 2.0640294293037e+01
4.1037963874999e-02 1.8489260944796e+01
4.1047963874999e-02 1.5690163003892e+01
4.1057963874999e-02 1.4370283581882e+01
4.1067963874999e-02 1.0840254942670e+01
4.1077963874999e-02 7.1714717873899e+00
4.1087963874999e-02 5.4231240173913e+00
4.1097963874999e-02 2.7877281985399e+00
4.1107963874999e-02 1.0010692259259e+00
4.1117963874999e-02 -8.5047762581881e-01
4.1127963874999e-02 -2.4807303990655e+00
4.1137963874999e-02 -4.6119511016237e+00
4.1147963874999e-02 -6.2802855642179e+00
4.1157963874999e-02 -8.5553920213243e+00
4.1167963874999e-02 -1.0314459031613e+01
4.1177963874999e-02 -1.2526321058023e+01
4.1187963874999e-02 -1.4299901369303e+01
4.1197963874999e-02 -1.5470078096721e+01
4.1207963874999e-02 -1.7308606028651e+01
4.1217963874999e-02 -1.9707911557852e+01
4.1227963874999e-02 -2.1818525754664e+01
4.1237963874999e-02 -2.1629160650781e+01
4.1247963874999e-02 -2.1431009447537e+01
4.1257963874999e-02 -2.1624198933297e+01
4.1267963874999e-02 -2.0274777784461e+01
4.1277963874999e-02 -2.0618666193903e+01
4.1287963874999e-02 -2.0809202690165e+01
4.1297963874999e-02 -2.0745053156190e+01
4.1307963874999e-02 -2.2330653259210e+01
4.1317963874999e-02 -2.3829248589684e+01
4.1327963874999e-02 -2.5381830098851e+01
4.1337963874999e-02 -2.8406458219123e+01
4.1347963874999e-02 -3.1721323775997e+01
4.1357963874999e-02 -3.4058192385612e+01
4.1367963874999e-02 -3.4362506990375e+01
4.1377963874999e-02 -3.3804341643958e+01
4.1387963874999e-02 -3.2207998478824e+01
4.1397963874999e-02 -3.1658475492985e+01
4.1407963874999e-02 -3.0547724911681e+01
4.1417963874999e-02 -2.7981410338723e+01
4.1427963874999e-02 -2.4751390759041e+01
4.1437963874999e-02 -2.0606157313599e+01
4.1447963874999e-02 -1.5313312428098e+01
4.1457963874999e-02 -1.0521781591497e+01
4.1467963874999e-02 -6.1614273091601e+00
4.1477963874999e-02 -1.8413111384872e+00
4.1487963874999e-02 1.4649161471776e+00
4.1497963874999e-02 4.6161036450756e+00
4.1507963874999e-02 5.8835259025476e+00
4.1517963874999e-02 8.6537881713044e+00
4.1527963874999e-02 1.0685149826685e+01
4.1537963874999e-02 1.1995995866114e+01
4.1547963874999e-02 1.3097970569906e+01
4.1557963874999e-02 1.5175851268452e+01
4.1567963874999e-02 1.7297079625475e+01
4.1577963874999e-02 1.9922963991547e+01
4.1587963874999e-02 2.0951343315054e+01
4.1597963874999e-02 2.5178651225500e+01
4.1607963874999e-02 2.7618067080558e+01
4.1617963874999e-02 2.9260475584076e+01
4.1627963874999e-02 3.0098419383425e+01
4.1637963874999e-02 3.0339193893927e+01
4.1647963874999e-02 3.0402620169185e+01
4.1657963874999e-02 2.9397530980770e+01
4.1667963874999e-02 3.0470951934760e+01
4.1677963874999e-02 2.9696444106385e+01
4.1687963874999e-02 2.7933521458740e+01
4.1697963874999e-02 2.8777978738618e+01
4.1707963874999e-02 2.8707935308455e+01
4.1717963874999e-02 2.8956365805052e+01
4.1727963874999e-02 2.7648800328006e+01
4.1737963874999e-02 2.7045187637351e+01
4.1747963874999e-02 2.4347670227696e+01
4.1757963874999e-02 2.2493569842845e+01
4.1767963874999e-02 1.9779528278247e+01
4.1777963874999e-02 1.7124020340200e+01
4.1787963874999e-02 1.1400642517937e+01
4.1797963874999e-02 8.9854460852800e+00
4.1807963874999e-02 3.9109910369802e+00
4.1817963874999e-02 7.3481317947886e-01
4.1827963874999e-02 -3.4046747393896e+00
4.1837963874999e-02 -4.8059831081202e+00
4.1847963874999e-02 -5.6555974572287e+00
4.1857963874999e-02 -8.0306699152846e+00
4.1867963874999e-02 -9.5398027484547e+00
4.1877963874999e-02 -1.1602863944860e+01
4.1887963874999e-02 -1.2462987414100e+01
4.1897963874999e-02 -1.2879496371993e+01
4.1907963874999e-02 -1.4036223209834e+01
4.1917963874999e-02 -1.5569660470443e+01
4.1927963874999e-02 -1.7292340342113e+01
4.1937963874999e-02 -2.0102411554072e+01
4.1947963874999e-02 -2.2025215120079e+01
4.1957963874999e-02 -2.2297983448621e+01
4.1967963874999e-02 -2.3443069712460e+01
4.1977963874999e-02 -2.6045343286661e+01
4.1987963874999e-02 -2.6966943649877e+01
4.1997963874999e-02 -2.6632126450536e+01
4.2007963874999e-02 -2.6372596759126e+01
4.2017963874999e-02 -2.6329140107147e+01
4.2027963874999e-02 -2.5177927609624e+01
4.2037963874999e-02 -2.5298485942862e+01
4.2047963874999e-02 -2.2529691436820e+01
4.2057963874999e-02 -2.2082746163183e+01
4.2067963874999e-02 -2.2707732872619e+01
4.2077963874999e-02 -2.3282890155620e+01
4.2087963874999e-02 -2.1060709086602e+01
4.2097963874999e-02 -2.4513773266453e+01
4.2107963874999e-02 -2.4114037279002e+01
4.2117963874999e-02 -2.5188950123406e+01
4.2127963874999e-02 -2.3118635325034e+01
4.2137963874999e-02 -2.3610948477549e+01
4.2147963874999e-02 -2.2562094647467e+01
4.2157963874999e-02 -2.1834709633338e+01
4.2167963874999e-02 -1.8842211704017e+01
4.2177963874999e-02 -1.6518898051474e+01
4.2187963874999e-02 -1.3408597082060e+01
4.2197963874999e-02 -1.3008320779115e+01
4.2207963874999e-02 -1.1187654218781e+01
4.2217963874999e-02 -9.5259323625872e+00
4.2227963874999e-02 -7.8957294524540e+00
4.2237963874999e-02 -6.9611550998153e+00
4.2247963874999e-02 -6.1472467650289e+00
4.2257963874999e-02 -4.6948491345691e+00
4.2267963874999e-02 -3.1196798573029e+00
4.2277963874999e-02 -2.1882689057967e+00
4.2287963874999e-02 -1.1515051597820e+00
4.2297963874999e-02 -4.5387132960277e-01
4.2307963874999e-02 -4.1703555979934e-01
4.2317963874999e-02 -3.4191530291711e-01
4.2327963874999e-02 4.5047297451285e-01
4.2337963874999e-02 -3.6189556349755e-01
4.2347963874999e-02 -1.4067985834881e+00
4.2357963874999e-02 -2.2465372675112e+00
4.2367963874999e-02 -3.9493244819905e+00
4.2377963874999e-02 -6.4524166924716e+00
4.2387963874999e-02 -7.5678581991421e+00
4.2397963874999e-02 -8.3047178952442e+00
4.2407963874999e-02 -7.9463359969666e+00
4.2417963874999e-02 -7.9315331445923e+00
4.2427963874999e-02 -7.2120682429826e+00
4.2437963874999e-02 -6.3785543495184e+00
4.2447963874999e-02 -3.5942174488869e+00
4.2457963874999e-02 4.1113002972770e-01
4.2467963874999e-02 4.1023744637097e+00
4.2477963874999e-02 6.7517673393031e+00
4.2487963874999e-02 1.0222480661132e+01
4.2497963874999e-02 1.3171107242004e+01
4.2507963874999e-02 1.5289891884276e+01
4.2517963874999e-02 1.6121543633446e+01
4.2527963874999e-02 1.4996397119137e+01
4.2537963874999e-02 1.2727210546767e+01
4.2547963874999e-02 9.6590241012515e+00
4.2557963874999e-02 8.3269907511661e+00
4.2567963874999e-02 6.4037796891462e+00
4.2577963874999e-02 3.5282557291031e+00
4.2587963874999e-02 1.9198455958200e+00
4.2597963874999e-02 2.8874702155650e-01
4.2607963874999e-02 -2.8955031158047e-01
4.2617963874999e-02 -2.8559258607818e-01
4.2627963874999e-02 7.1295920293693e-01
4.2637963874999e-02 2.6271375200250e+00
4.2647963874999e-02 4.4638676938298e+00
4.2657963874999e-02 7.1518134140276e+00
4.2667963874999e-02 1.0711021745094e+01
4.2677963874999e-02 1.3748233459303e+01
4.2687963874999e-02 1.8140372005214e+01
4.2697963874999e-02 2.1043787858946e+01
4.2707963874999e-02 2.3066327111270e+01
4.2717963874999e-02 2.3763467438066e+01
4.2727963874999e-02 2.3191403319870e+01
4.2737963874999e-02 2.1911677257528e+01
4.2747963874999e-02 2.0162287650370e+01
4.2757963874999e-02 1.9918166629363e+01
4.2767963874999e-02 2.1992152484927e+01
4.2777963874999e-02 2.4161036490803e+01
4.2787963874999e-02 2.6582579661816e+01
4.2797963874999e-02 2.9581219392459e+01
4.2807963874999e-02 3.1475376719038e+01
4.2817963874999e-02 3.2450419728675e+01
4.2827963874999e-02 3.2632555814540e+01
4.2837963874999e-02 3.2240692306852e+01
4.2847963874999e-02 3.1224691007043e+01
4.2857963874999e-02 3.0516880535519e+01
4.2867963874999e-02 2.8850208092187e+01
4.2877963874999e-02 2.8567537732903e+01
4.2887963874999e-02 2.7373572900883e+01
4.2897963874999e-02 2.5863672838417e+01
4.2907963874999e-02 2.5128486763833e+01
4.2917963874999e-02 2.3001679334045e+01
4.2927963874999e-02 2.0462082219850e+01
4.2937963874999e-02 1.8925269217479e+01
4.2947963874999e-02 1.7649000615130e+01
4.2957963874999e-02 1.5954974836872e+01
4.2967963874999e-02 1.3636038699358e+01
4.2977963874999e-02 1.2025857001574e+01
4.2987963874999e-02 9.5447515211772e+00
4.2997963874999e-02 7.6346294741718e+00
4.3007963874999e-02 4.8543515887737e+00
4.3017963874999e-02 2.3154959054839e+00
4.3027963874999e-02 7.8821262930238e-01
4.3037963874999e-02 -9.6903303437803e-01
4.3047963874999e-02 -3.2193450193568e+00
4.3057963874999e-02 -5.3193964343598e+00
4.3067963874999e-02 -8.0287593201755e+00
4.3077963874999e-02 -9.3304564299288e+00
4.3087963874999e-02 -1.1811526889119e+01
4.3097963874999e-02 -1.4032044794917e+01
4.3107963874999e-02 -1.6548870975759e+01
4.3117963874999e-02 -1.9135163269706e+01
4.3127963874999e-02 -2.2794333111825e+01
4.3137963874999e-02 -2.4689551983709e+01
4.3147963874999e-02 -2.7010146543733e+01
4.3157963874999e-02 -3.1252234982893e+01
4.3167963874999e-02 -3.2756376323187e+01
4.3177963874999e-02 -3.4221114494304e+01
4.3187963874999e-02 -3.4571098611038e+01
4.3197963874999e-02 -3.7103843717148e+01
4.3207963874999e-02 -3.7129956198067e+01
4.3217963874999e-02 -3.5341771397686e+01
4.3227963874999e-02 -3.2270489266198e+01
4.3237963874999e-02 -3.0343319666159e+01
4.3247963874999e-02 -2.6034336421627e+01
4.3257963874999e-02 -2.3800710841591e+01
4.3267963874999e-02 -1.9820273257487e+01
4.3277963874999e-02 -1.9539719513024e+01
4.3287963874999e-02 -1.7789917835004e+01
4.3297963874999e-02 -1.5195572094490e+01
4.3307963874999e-02 -1.2495996593134e+01
4.3317963874999e-02 -1.0896597210881e+01
4.3327963874999e-02 -8.7885316915241e+00
4.3337963874999e-02 -1.0791925154747e+01
4.3347963874999e-02 -8.0234685239410e+00
4.3357963874999e-02 -7.1457403930965e+00
4.3367963874999e-02 -4.1918338320627e+00
4.3377963874999e-02 -3.8188649062613e+00
4.3387963874999e-02 -1.6051556641288e+00
4.3397963874999e-02 -6.1444765754778e-01
4.3407963874999e-02 6.8662379746057e-01
4.3417963874999e-02 2.0625094591153e+00
4.3427963874999e-02 4.9245141343360e+00
4.3437963874999e-02 6.3425431186723e+00
4.3447963874999e-02 7.3263226319845e+00
4.3457963874999e-02 7.4916916135518e+00
4.3467963874999e-02 8.8959531510765e+00
4.3477963874999e-02 9.1152459249265e+00
4.3487963874999e-02 1.0202285359679e+01
4.3497963874999e-02 1.0438768277302e+01
4.3507963874999e-02 1.0333073101115e+01
4.3517963874999e-02 1.0100643364477e+01
4.3527963874999e-02 1.0141358844866e+01
4.3537963874999e-02 8.1863779117984e+00
4.3547963874999e-02 7.3334095303191e+00
4.3557963874999e-02 8.8071266553198e+00
4.3567963874999e-02 8.0764985173551e+00
4.3577963874999e-02 8.5554922127373e+00
4.3587963874999e-02 9.9019731494970e+00
4.3597963874999e-02 1.2390930042554e+01
4.3607963874999e-02 1.4989272166796e+01
4.3617963874999e-02 1.7873301601849e+01
4.3627963874999e-02 2.0116212229162e+01
4.3637963874999e-02 2.1554529877959e+01
4.3647963874999e-02 2.2835261526702e+01
4.3657963874999e-02 2.2892733266756e+01
4.3667963874999e-02 2.0594278447869e+01
4.3677963874999e-02 1.8759265870515e+01
4.3687963874999e-02 1.7863160235009e+01
4.3697963874999e-02 1.6403850679943e+01
4.3707963874999e-02 1.6693540062787e+01
4.3717963874999e-02 1.8097563881255e+01
4.3727963874999e-02 1.9712457471993e+01
4.3737963874999e-02 2.0025416159063e+01
4.3747963874999e-02 2.0674751169214e+01
4.3757963874999e-02 2.2052450796217e+01
4.3767963874999e-02 2.1364289939270e+01
4.3777963874999e-02 2.1367245820341e+01
4.3787963874999e-02 2.0539690371148e+01
4.3797963874999e-02 1.9558001384230e+01
4.3807963874999e-02 1.7880994704003e+01
4.3817963874999e-02 1.7143360032605e+01
4.3827963874999e-02 1.5621546469557e+01
4.3837963874999e-02 1.5471905035448e+01
4.3847963874999e-02 1.5649214270627e+01
4.3857963874999e-02 1.4497134428639e+01
4.3867963874999e-02 1.2915665837805e+01
4.3877963874999e-02 1.1332967939525e+01
4.3887963874999e-02 1.0628596131978e+01
4.3897963874999e-02 9.2967826700393e+00
4.3907963874999e-02 7.6233781748767e+00
4.3917963874999e-02 5.7623265870458e+00
4.3927963874999e-02 4.4870940621087e+00
4.3937963874999e-02 2.8861363652150e+00
4.3947963874999e-02 2.4424649535128e+00
4.3957963874999e-02 1.0919417468478e+00
4.3967963874999e-02 6.1765292562226e-01
4.3977963874999e-02 -3.4709138578428e-01
4.3987963874999e-02 -1.6575862678176e+00
4.3997963874999e-02 -2.3746204304138e+00
4.4007963874999e-02 -3.2622128848552e+00
4.4017963874999e-02 -5.3356014362119e+00
4.4027963874999e-02 -6.9958430758129e+00
4.4037963874999e-02 -9.8170503470197e+00
4.4047963874999e-02 -1.2490958838206e+01
4.4057963874999e-02 -1.4734733533068e+01
4.4067963874999e-02 -1.7238275787235e+01
4.4077963874999e-02 -1.9498007740638e+01
4.4087963874999e-02 -2.2405236320707e+01
4.4097963874999e-02 -2.5624722520305e+01
4.4107963874999e-02 -2.9455377940715e+01
4.4117963874999e-02 -3.1517585285978e+01
4.4127963874999e-02 -3.4833141701307e+01
4.4137963874999e-02 -3.7019240571061e+01
4.4147963874999e-02 -3.9192959231938e+01
4.4157963874999e-02 -3.9063246987261e+01
4.4167963874999e-02 -3.9506872380863e+01
4.4177963874999e-02 -3.8547753310073e+01
4.4187963874999e-02 -3.5756110161468e+01
4.4197963874999e-02 -3.4099529634142e+01
4.4207963874999e-02 -3.0933411021444e+01
4.4217963874999e-02 -2.8323142314801e+01
4.4227963874999e-02 -2.6634400499916e+01
4.4237963874999e-02 -2.4927184835941e+01
4.4247963874999e-02 -2.2760169498193e+01
4.4257963874999e-02 -2.0723901821550e+01
4.4267963874999e-02 -1.8007822918937e+01
4.4277963874999e-02 -1.6161890427495e+01
4.4287963874999e-02 -1.4390313718497e+01
4.4297963874999e-02 -1.2593332812722e+01
4.4307963874999e-02 -9.2079121759549e+00
4.4317963874999e-02 -7.2306660636788e+00
4.4327963874999e-02 -6.7703520939942e+00
4.4337963874999e-02 -3.1819900487750e+00
4.4347963874999e-02 -6.9979722735119e-01
4.4357963874999e-02 9.3544917261137e-01
4.4367963874999e-02 3.4305206088207e+00
4.4377963874999e-02 4.9665328709552e+00
4.4387963874999e-02 7.9516858160146e+00
4.4397963874999e-02 9.1403516088083e+00
4.4407963874999e-02 8.7406833486337e+00
4.4417963874999e-02 8.9839381973780e+00
4.4427963874999e-02 9.2343115813194e+00
4.4437963874999e-02 8.6385739831414e+00
4.4447963874999e-02 8.5308655341191e+00
4.4457963874999e-02 7.8543626598096e+00
4.4467963874999e-02 6.8861763417968e+00
4.4477963874999e-02 6.9865449666566e+00
4.4487963874999e-02 6.4759352454829e+00
4.4497963874999e-02 7.0973462361291e+00
4.4507963874999e-02 8.0389332545963e+00
4.4517963874999e-02 7.9599209967068e+00
4.4527963874999e-02 7.3914351441320e+00
4.4537963874999e-02 1.0321247118149e+01
4.4547963874999e-02 1.3827393600148e+01
4.4557963874999e-02 1.6795865957828e+01
4.4567963874999e-02 1.9721131431377e+01
4.4577963874999e-02 2.2945001677952e+01
4.4587963874999e-02 2.5909022416356e+01
4.4597963874999e-02 2.6447217267098e+01
4.4607963874999e-02 2.5137029450648e+01
4.4617963874999e-02 2.3764455389777e+01
4.4627963874999e-02 2.0633849352611e+01
4.4637963874999e-02 1.8217009086877e+01
4.4647963874999e-02 1.7546583529858e+01
4.4657963874999e-02 1.5506153524444e+01
4.4667963874999e-02 1.5618797976889e+01
4.4677963874999e-02 1.6116902914784e+01
4.4687963874999e-02 1.6352115463676e+01
4.4697963874999e-02 1.7663076099377e+01
4.4707963874999e-02 1.9424073059971e+01
4.4717963874999e-02 2.1130228567401e+01
4.4727963874999e-02 2.2549992704944e+01
4.4737963874999e-02 2.6569493998064e+01
4.4747963874999e-02 2.6517194470910e+01
4.4757963874999e-02 2.6240398536498e+01
4.4767963874999e-02 2.5152245461798e+01
4.4777963874999e-02 2.3866294880563e+01
4.4787963874999e-02 2.3286154826037e+01
4.4797963874999e-02 2.2213042539311e+01
4.4807963874999e-02 1.9139627083007e+01
4.4817963874999e-02 1.8029643132887e+01
4.4827963874999e-02 1.6735084092023e+01
4.4837963874999e-02 1.5786043594879e+01
4.4847963874999e-02 1.5326208497828e+01
4.4857963874999e-02 1.4209982152676e+01
4.4867963874999e-02 1.2386096511289e+01
4.4877963874999e-02 1.1094092684752e+01
4.4887963874999e-02 9.6693131298295e+00
4.4897963874999e-02 8.6160231525451e+00
4.4907963874999e-02 8.3498349529601e+00
4.4917963874999e-02 5.7292565839493e+00
4.4927963874999e-02 4.4767100100398e+00
4.4937963874999e-02 3.0732960602290e+00
4.4947963874999e-02 2.5912574872581e+00
4.4957963874999e-02 6.1168960244410e-01
4.4967963874999e-02 -1.5873450952146e+00
4.4977963874999e-02 -5.0055098851421e+00
4.4987963874999e-02 -7.1019578413678e+00
4.4997963874999e-02 -8.9795015706006e+00
4.5007963874999e-02 -1.1554702348218e+01
4.5017963874999e-02 -1.1923531610969e+01
4.5027963874999e-02 -1.5863933137504e+01
4.5037963874999e-02 -1.7885257735721e+01
4.5047963874999e-02 -1.7332335364716e+01
4.5057963874999e-02 -1.9912622154409e+01
4.5067963874999e-02 -2.1243452393381e+01
4.5077963874999e-02 -1.8667433878040e+01
4.5087963874999e-02 -1.8604306878448e+01
4.5097963874999e-02 -2.0056606932625e+01
4.5107963874999e-02 -1.7829358199965e+01
4.5117963874999e-02 -1.5034703340952e+01
4.5127963874999e-02 -1.7742627196531e+01
4.5137963874999e-02 -1.7033589341860e+01
4.5147963874999e-02 -1.7788490823710e+01
4.5157963874999e-02 -1.7547368496150e+01
4.5167963874999e-02 -1.9376327949520e+01
4.5177963874999e-02 -2.1492774178550e+01
4.5187963874999e-02 -2.5867376954739e+01
4.5197963874999e-02 -2.7321097725842e+01
4.5207963874999e-02 -2.7611279588387e+01
4.5217963874999e-02 -2.9847366421312e+01
4.5227963874999e-02 -3.0810877790662e+01
4.5237963874999e-02 -3.1427553054662e+01
4.5247963874999e-02 -3.1468031781985e+01
4.5257963874999e-02 -3.1193734632097e+01
4.5267963874999e-02 -3.2072283350702e+01
4.5277963874999e-02 -3.1023699351052e+01
4.5287963874999e-02 -2.9145691028608e+01
4.5297963874999e-02 -2.8219810421218e+01
4.5307963874999e-02 -2.5222885075107e+01
4.5317963874999e-02 -2.2683286171278e+01
4.5327963874999e-02 -1.9929310945419e+01
4.5337963874999e-02 -1.7727042970499e+01
4.5347963874999e-02 -1.5595791014557e+01
4.5357963874999e-02 -1.3308895334759e+01
4.5367963874999e-02 -1.0898352673199e+01
4.5377963874999e-02 -8.7907016152456e+00
4.5387963874999e-02 -6.9067495821612e+00
4.5397963874999e-02 -5.7955713685613e+00
4.5407963874999e-02 -4.4141981339980e+00
4.5417963874999e-02 -2.7454827259885e+00
4.5427963874999e-02 -1.0526614621113e+00
4.5437963874999e-02 -2.9882557898041e-01
4.5447963874999e-02 7.2255300291454e-02
4.5457963874999e-02 7.8297479350565e-01
4.5467963874999e-02 9.3505998105720e-01
4.5477963874999e-02 1.0995450360573e+00
4.5487963874999e-02 -8.7264401229430e-01
4.5497963874999e-02 -6.8083627797640e-01
4.5507963874999e-02 -9.7102250747019e-01
4.5517963874999e-02 -3.2503295939952e-01
4.5527963874999e-02 1.2453856649506e+00
4.5537963874999e-02 1.7958052653872e+00
4.5547963874999e-02 9.1400781211481e-01
4.5557963874999e-02 1.0556657355870e+00
4.5567963874999e-02 1.4581672004191e+00
4.5577963874999e-02 2.0706035764974e+00
4.5587963874999e-02 2.3426067302116e+00
4.5597963874999e-02 4.2434650249796e+00
4.5607963874999e-02 3.5484449420947e+00
4.5617963874999e-02 3.4292273505332e+00
4.5627963874999e-02 6.2082363782690e+00
4.5637963874999e-02 8.2768907074165e+00
4.5647963874999e-02 9.3582165737865e+00
4.5657963874999e-02 1.0298571060859e+01
4.5667963874999e-02 1.3709374068821e+01
4.5677963874999e-02 1.6580976854928e+01
4.5687963874999e-02 1.9450455505296e+01
4.5697963874999e-02 2.1750842890821e+01
4.5707963874999e-02 2.3952988117536e+01
4.5717963874999e-02 2.5769845301252e+01
4.5727963874999e-02 2.5307489044557e+01
4.5737963874999e-02 2.3508604086816e+01
4.5747963874999e-02 2.1846480845199e+01
4.5757963874999e-02 2.1330956758249e+01
4.5767963874999e-02 2.1047861840009e+01
4.5777963874999e-02 2.0971359711087e+01
4.5787963874999e-02 2.0393884446025e+01
4.5797963874999e-02 2.1709377525600e+01
4.5807963874999e-02 2.4172344132194e+01
4.5817963874999e-02 2.6138590410642e+01
4.5827963874999e-02 2.8384915264510e+01
4.5837963874999e-02 3.0120238559603e+01
4.5847963874999e-02 2.6842651663750e+01
4.5857963874999e-02 2.3021025502100e+01
4.5867963874999e-02 2.3455727428653e+01
4.5877963874999e-02 2.5309033119915e+01
4.5887963874999e-02 2.3590928971325e+01
4.5897963874999e-02 2.3979202438396e+01
4.5907963874999e-02 2.4658240367691e+01
4.5917963874999e-02 2.0358769467021e+01
4.5927963874999e-02 1.3297992366385e+01
4.5937963874999e-02 1.4147936372971e+01
4.5947963874999e-02 1.2105817342106e+01
4.5957963874999e-02 1.0104353822470e+01
4.5967963874999e-02 9.9682616665714e+00
4.5977963874999e-02 9.8748976985738e+00
4.5987963874999e-02 7.3253077061456e+00
4.5997963874999e-02 5.0358597414804e+00
4.6007963874999e-02 4.4764908247444e+00
4.6017963874999e-02 3.6095872814055e+00
4.6027963874999e-02 2.8994810989189e+00
4.6037963874999e-02 2.0846239850220e+00
4.6047963874999e-02 1.7539262800202e+00
4.6057963874999e-02 5.8154567418314e-01
4.6067963874999e-02 -9.8157745292448e-01
4.6077963874999e-02 -1.4340603593471e+00
4.6087963874999e-02 -1.6271489101740e+00
4.6097963874999e-02 -4.6410116562719e+00
4.6107963874999e-02 -8.2972600082868e+00
4.6117963874999e-02 -1.1166379694474e+01
4.6127963874999e-02 -1.3393228768852e+01
4.6137963874999e-02 -1.4638099409317e+01
4.6147963874999e-02 -1.7793133965460e+01
4.6157963874999e-02 -2.0663146165221e+01
4.6167963874999e-02 -2.2070402067291e+01
4.6177963874999e-02 -2.3489759046656e+01
4.6187963874999e-02 -2.4686708070757e+01
4.6197963874999e-02 -2.5544420738315e+01
4.6207963874999e-02 -2.6717203088487e+01
4.6217963874999e-02 -2.7048419039767e+01
4.6227963874999e-02 -2.6627064623547e+01
4.6237963874999e-02 -2.6562336722466e+01
4.6247963874999e-02 -2.6027062920886e+01
4.6257963874999e-02 -2.5018337909581e+01
4.6267963874999e-02 -2.4376045695977e+01
4.6277963874999e-02 -2.3266189560266e+01
4.6287963874999e-02 -2.3180056047719e+01
4.6297963874999e-02 -2.3235314823085e+01
4.6307963874999e-02 -2.3305910001750e+01
4.6317963874999e-02 -2.3183737691633e+01
4.6327963874999e-02 -2.3481200594577e+01
4.6337963874999e-02 -2.2339038981875e+01
4.6347963874999e-02 -2.1850246296784e+01
4.6357963874999e-02 -2.0746216125747e+01
4.6367963874999e-02 -1.9035312542687e+01
4.6377963874999e-02 -1.7827238478767e+01
4.6387963874999e-02 -1.6622298451441e+01
4.6397963874999e-02 -1.6232649028112e+01
4.6407963874999e-02 -1.4554667818484e+01
4.6417963874999e-02 -1.3891461415232e+01
4.6427963874999e-02 -1.3126098774622e+01
4.6437963874999e-02 -1.3499480085589e+01
4.6447963874999e-02 -1.2725626306951e+01
4.6457963874999e-02 -1.0748749768016e+01
4.6467963874999e-02 -1.1013381069089e+01
4.6477963874999e-02 -8.5553428871607e+00
4.6487963874999e-02 -8.9289024255343e+00
4.6497963874999e-02 -8.1064112381339e+00
4.6507963874999e-02 -8.2150695758194e+00
4.6517963874999e-02 -5.3181239022543e+00
4.6527963874999e-02 -5.4616519353694e+00
4.6537963874999e-02 -2.5733433335503e+00
4.6547963874999e-02 -8.7050883034877e-01
4.6557963874999e-02 1.3668264768376e+00
4.6567963874999e-02 3.5848187604428e+00
4.6577963874999e-02 6.5673988091813e+00
4.6587963874999e-02 9.3674260650569e+00
4.6597963874999e-02 1.2183078018469e+01
4.6607963874999e-02 1.3564057269435e+01
4.6617963874999e-02 1.5316811458619e+01
4.6627963874999e-02 1.7762575270676e+01
4.6637963874999e-02 2.0393514703621e+01
4.6647963874999e-02 2.3803730427914e+01
4.6657963874999e-02 2.8143384721339e+01
4.6667963874999e-02 3.0449805607733e+01
4.6677963874999e-02 3.4011523387748e+01
4.6687963874999e-02 3.7395988150775e+01
4.6697963874999e-02 3.9025964386961e+01
4.6707963874999e-02 4.1211588884671e+01
4.6717963874999e-02 4.0349676813765e+01
4.6727963874999e-02 3.8140178323376e+01
4.6737963874999e-02 3.6065689634491e+01
4.6747963874999e-02 3.2322415339788e+01
4.6757963874999e-02 3.1160757714065e+01
4.6767963874999e-02 3.0984084692033e+01
4.6777963874999e-02 2.7989810915288e+01
4.6787963874999e-02 2.4941506739414e+01
4.6797963874999e-02 2.2691167362903e+01
4.6807963874999e-02 2.0995499328882e+01
4.6817963874999e-02 1.7236656215788e+01
4.6827963874999e-02 1.4650333330144e+01
4.6837963874999e-02 1.2289250220945e+01
4.6847963874999e-02 9.1197864452626e+00
4.6857963874999e-02 8.3288508175507e+00
4.6867963874999e-02 2.5374507251729e+00
4.6877963874999e-02 -2.3770272303780e-01
4.6887963874999e-02 -4.0336069949414e+00
4.6897963874999e-02 -1.0056159277546e+01
4.6907963874999e-02 -1.2550881796209e+01
4.6917963874999e-02 -1.6461739166228e+01
4.6927963874999e-02 -1.8351588402331e+01
4.6937963874999e-02 -1.9373026032364e+01
4.6947963874999e-02 -1.9260809154795e+01
4.6957963874999e-02 -1.8939002995889e+01
4.6967963874999e-02 -1.8515227544634e+01
4.6977963874999e-02 -1.8641075172124e+01
4.6987963874999e-02 -2.0040707514098e+01
4.6997963874999e-02 -2.1741167944182e+01
4.7007963874999e-02 -2.3366299967082e+01
4.7017963874999e-02 -2.5425998423554e+01
4.7027963874999e-02 -2.5987128340858e+01
4.7037963874999e-02 -2.5407829147426e+01
4.7047963874999e-02 -2.4514082519324e+01
4.7057963874999e-02 -2.5694705104642e+01
4.7067963874999e-02 -2.6079419627570e+01
4.7077963874999e-02 -2.6447242202212e+01
4.7087963874999e-02 -2.6931046558626e+01
4.7097963874999e-02 -2.7628424386454e+01
4.7107963874999e-02 -2.9317328770238e+01
4.7117963874999e-02 -3.3211358154738e+01
4.7127963874999e-02 -3.0705968819174e+01
4.7137963874999e-02 -3.0014525767046e+01
4.7147963874999e-02 -2.9653057049252e+01
4.7157963874999e-02 -2.7241172758329e+01
4.7167963874999e-02 -2.6181275007059e+01
4.7177963874999e-02 -2.2284286475107e+01
4.7187963874999e-02 -1.8100697174607e+01
4.7197963874999e-02 -1.3041504565491e+01
4.7207963874999e-02 -8.4649685152861e+00
4.7217963874999e-02 -1.7908009655966e+00
4.7227963874999e-02 2.7190242965691e+00
4.7237963874999e-02 7.0540737570334e+00
4.7247963874999e-02 1.0334176486214e+01
4.7257963874999e-02 1.3231299462975e+01
4.7267963874999e-02 1.6369003139717e+01
4.7277963874999e-02 1.8102008911610e+01
4.7287963874999e-02 1.8693829660562e+01
4.7297963874999e-02 1.8804779926317e+01
4.7307963874999e-02 2.0701139345298e+01
4.7317963874999e-02 2.2162856611934e+01
4.7327963874999e-02 2.2648868680248e+01
4.7337963874999e-02 2.3150774410458e+01
4.7347963874999e-02 2.4443236124880e+01
4.7357963874999e-02 2.3104221349991e+01
4.7367963874999e-02 2.3074638557288e+01
4.7377963874999e-02 2.3631702032357e+01
4.7387963874999e-02 2.6063879223944e+01
4.7397963874999e-02 2.6027835514701e+01
4.7407963874999e-02 2.5682227365902e+01
4.7417963874999e-02 2.5665166781723e+01
4.7427963874999e-02 2.5268259665353e+01
4.7437963874999e-02 2.6568838104349e+01
4.7447963874999e-02 2.7869116764705e+01
4.7457963874999e-02 2.9017270451024e+01
4.7467963874999e-02 2.6743259401769e+01
4.7477963874999e-02 2.8297842036823e+01
4.7487963874999e-02 2.5944099038549e+01
4.7497963874999e-02 2.5253366747846e+01
4.7507963874999e-02 2.2546611753495e+01
4.7517963874999e-02 2.1664259151364e+01
4.7527963874999e-02 1.8683828260404e+01
4.7537963874999e-02 1.6802102114008e+01
4.7547963874999e-02 1.3470708336036e+01
4.7557963874999e-02 1.3839506435374e+01
4.7567963874999e-02 1.2597134275468e+01
4.7577963874999e-02 9.6838607074935e+00
4.7587963874999e-02 1.1026078709731e+01
4.7597963874999e-02 8.6102971269033e+00
4.7607963874999e-02 7.7778442736415e+00
4.7617963874999e-02 6.2162836378990e+00
4.7627963874999e-02 5.5235822904792e+00
4.7637963874999e-02 3.0957017746419e+00
4.7647963874999e-02 3.8313997429433e+00
4.7657963874999e-02 2.5594636372695e+00
4.7667963874999e-02 2.8768560028747e+00
4.7677963874999e-02 2.7432709532028e+00
4.7687963874999e-02 3.7104299722193e+00
4.7697963874999e-02 1.7706555899741e+00
4.7707963874999e-02 9.0043213754952e-01
4.7717963874999e-02 1.5855075328858e+00
4.7727963874999e-02 7.6753690099454e-01
4.7737963874999e-02 3.0991966726906e+00
4.7747963874999e-02 4.4335567218907e+00
4.7757963874999e-02 4.8848174083695e+00
4.7767963874999e-02 4.6928697345049e+00
4.7777963874999e-02 3.7497032600932e+00
4.7787963874999e-02 2.8855069258826e+00
4.7797963874999e-02 2.2818139862945e+00
4.7807963874999e-02 1.7310340045777e+00
4.7817963874999e-02 5.7179861549852e-01
4.7827963874999e-02 -6.3515994280152e-01
4.7837963874999e-02 -2.7573800757653e+00
4.7847963874999e-02 -5.5460579892086e+00
4.7857963874999e-02 -7.5744885188834e+00
4.7867963874999e-02 -1.0324961029302e+01
4.7877963874999e-02 -1.2112923190408e+01
4.7887963874999e-02 -1.2524199973786e+01
4.7897963874999e-02 -1.3152573346122e+01
4.7907963874999e-02 -1.5184738827232e+01
4.7917963874999e-02 -1.5808892699792e+01
4.7927963874999e-02 -1.5853624338659e+01
4.7937963874999e-02 -1.6642923576601e+01
4.7947963874999e-02 -1.4451489774614e+01
4.7957963874999e-02 -1.2163509440462e+01
4.7967963874999e-02 -1.0648320033290e+01
4.7977963874999e-02 -7.6705396780384e+00
4.7987963874999e-02 -7.4428211141462e+00
4.7997963874999e-02 -6.5629457348324e+00
4.8007963874999e-02 -8.5830830819193e+00
4.8017963874999e-02 -1.1665957649332e+01
4.8027963874999e-02 -1.5616221026837e+01
4.8037963874999e-02 -1.8869002234511e+01
4.8047963874999e-02 -2.1866765040061e+01
4.8057963874999e-02 -2.4328663439108e+01
4.8067963874999e-02 -2.7112118310468e+01
4.8077963874999e-02 -2.7700096644819e+01
4.8087963874999e-02 -2.8109461185296e+01
4.8097963874999e-02 -2.8289265988168e+01
4.8107963874999e-02 -2.8553338741453e+01
4.8117963874999e-02 -2.9487138290086e+01
4.8127963874999e-02 -3.0522668143287e+01
4.8137963874999e-02 -3.2303612195326e+01
4.8147963874999e-02 -3.2736601403204e+01
4.8157963874999e-02 -3.1667690519268e+01
4.8167963874999e-02 -3.1355521179149e+01
4.8177963874999e-02 -3.0477324761801e+01
4.8187963874999e-02 -2.8662942915982e+01
4.8197963874999e-02 -2.6801023531955e+01
4.8207963874999e-02 -2.4533372987229e+01
4.8217963874999e-02 -2.2490294881571e+01
4.8227963874999e-02 -1.8417586935242e+01
4.8237963874999e-02 -1.4503704878218e+01
4.8247963874999e-02 -1.1592931795993e+01
4.8257963874999e-02 -9.2947824374747e+00
4.8267963874999e-02 -4.6815390631886e+00
4.8277963874999e-02 -2.4742445604507e+00
4.8287963874999e-02 1.0850859518138e+00
4.8297963874999e-02 2.9237241379431e+00
4.8307963874999e-02 6.0818060447309e+00
4.8317963874999e-02 7.2254634061802e+00
4.8327963874999e-02 8.1161484667563e+00
4.8337963874999e-02 9.1080692541728e+00
4.8347963874999e-02 1.0319426287134e+01
4.8357963874999e-02 1.1197811074382e+01
4.8367963874999e-02 1.1740649563159e+01
4.8377963874999e-02 1.3420350828686e+01
4.8387963874999e-02 1.4843664382472e+01
4.8397963874999e-02 1.5573713718300e+01
4.8407963874999e-02 1.7077932773104e+01
4.8417963874999e-02 1.9273752015612e+01
4.8427963874999e-02 2.3284542560056e+01
4.8437963874999e-02 2.5395302218029e+01
4.8447963874999e-02 3.0720600346074e+01
4.8457963874999e-02 3.3474823140358e+01
4.8467963874999e-02 3.5970085979824e+01
4.8477963874999e-02 3.7309569852954e+01
4.8487963874999e-02 3.9255867421900e+01
4.8497963874999e-02 4.0843416971537e+01
4.8507963874999e-02 4.1201923181948e+01
4.8517963874999e-02 4.0534678480655e+01
4.8527963874999e-02 3.8081820597958e+01
4.8537963874999e-02 3.5313739893566e+01
4.8547963874999e-02 3.0407975487317e+01
4.8557963874999e-02 2.6252250112757e+01
4.8567963874999e-02 2.0438429682407e+01
4.8577963874999e-02 1.4269269539252e+01
4.8587963874999e-02 5.2088341236724e+00
4.8597963874999e-02 1.7352040852435e+00
4.8607963874999e-02 -1.1064546318119e+00
4.8617963874999e-02 -4.6876947316208e+00
4.8627963874999e-02 -5.6478662193030e+00
4.8637963874999e-02 -5.1905700615087e+00
4.8647963874999e-02 -6.4996142464034e+00
4.8657963874999e-02 -6.1496438417684e+00
4.8667963874999e-02 -5.7361628220242e+00
4.8677963874999e-02 -5.8172581881060e+00
4.8687963874999e-02 -5.8730874175971e+00
4.8697963874999e-02 -8.7936307129551e+00
4.8707963874999e-02 -1.0376066067739e+01
4.8717963874999e-02 -1.1730244011280e+01
4.8727963874999e-02 -1.3976035758545e+01
4.8737963874999e-02 -1.5983781670212e+01
4.8747963874999e-02 -1.7916677047303e+01
4.8757963874999e-02 -1.9951304724371e+01
4.8767963874999e-02 -2.0773735574670e+01
4.8777963874999e-02 -2.1802691461002e+01
4.8787963874999e-02 -2.2448339925114e+01
4.8797963874999e-02 -2.4163485809544e+01
4.8807963874999e-02 -2.6677621747338e+01
4.8817963874999e-02 -2.6559791113622e+01
4.8827963874999e-02 -2.7581882113050e+01
4.8837963874999e-02 -2.6897388073386e+01
4.8847963874999e-02 -2.6482614637979e+01
4.8857963874999e-02 -2.7786497440635e+01
4.8867963874999e-02 -2.8334497673521e+01
4.8877963874999e-02 -2.5604450420952e+01
4.8887963874999e-02 -2.2847316501205e+01
4.8897963874999e-02 -2.3683284733708e+01
4.8907963874999e-02 -2.2614240024711e+01
4.8917963874999e-02 -2.3212795921803e+01
4.8927963874999e-02 -2.2515811144451e+01
4.8937963874999e-02 -2.2323043978133e+01
4.8947963874999e-02 -2.3454696654267e+01
4.8957963874999e-02 -2.1990789930771e+01
4.8967963874999e-02 -2.1872227240281e+01
4.8977963874999e-02 -2.0880032191770e+01
4.8987963874999e-02 -1.6553523301544e+01
4.8997963874999e-02 -1.5443110867866e+01
4.9007963874999e-02 -1.2036404300681e+01
4.9017963874999e-02 -9.1247926068581e+00
4.9027963874999e-02 -6.7645255558325e+00
4.9037963874999e-02 -4.7688979685396e+00
4.9047963874999e-02 -2.2296837639757e+00
4.9057963874999e-02 5.0460012810084e-01
4.9067963874999e-02 1.6373553223184e+00
4.9077963874999e-02 4.0223884307040e+00
4.9087963874999e-02 6.3350507827196e+00
4.9097963874999e-02 9.4780542825954e+00
4.9107963874999e-02 1.2094811837093e+01
4.9117963874999e-02 1.3021274032461e+01
4.9127963874999e-02 1.2064466302674e+01
4.9137963874999e-02 1.2971501806100e+01
4.9147963874999e-02 1.4677970007078e+01
4.9157963874999e-02 1.6037469890026e+01
4.9167963874999e-02 1.5766243670694e+01
4.9177963874999e-02 1.6598220493119e+01
4.9187963874999e-02 1.6769555367863e+01
4.9197963874999e-02 1.8382375700138e+01
4.9207963874999e-02 1.8618195336983e+01
4.9217963874999e-02 1.9677534599144e+01
4.9227963874999e-02 2.1783424511146e+01
4.9237963874999e-02 2.4997809153229e+01
4.9247963874999e-02 2.8539650071313e+01
4.9257963874999e-02 3.2899353180727e+01
4.9267963874999e-02 3.6120647043739e+01
4.9277963874999e-02 3.9134721143331e+01
4.9287963874999e-02 3.8950984918957e+01
4.9297963874999e-02 3.7792396393702e+01
4.9307963874999e-02 3.6689241384812e+01
4.9317963874999e-02 3.6889940026255e+01
4.9327963874999e-02 3.7629347270018e+01
4.9337963874999e-02 3.4858825690391e+01
4.9347963874999e-02 3.2611452639789e+01
4.9357963874999e-02 2.9132249132843e+01
4.9367963874999e-02 2.6253092818366e+01
4.9377963874999e-02 2.3114556510978e+01
4.9387963874999e-02 1.9389621986633e+01
4.9397963874999e-02 1.7442889652040e+01
4.9407963874999e-02 1.4170159508237e+01
4.9417963874999e-02 1.2772899214183e+01
4.9427963874999e-02 9.6461368531189e+00
4.9437963874999e-02 8.0787606406418e+00
4.9447963874999e-02 7.5824848600344e+00
4.9457963874999e-02 5.4577509948219e+00
4.9467963874999e-02 3.8924699928808e+00
4.9477963874999e-02 1.5911776216332e+00
4.9487963874999e-02 -7.8896198317609e-01
4.9497963874999e-02 -2.8758498049210e+00
4.9507963874999e-02 -3.3891560629673e+00
4.9517963874999e-02 -4.9039864114790e+00
4.9527963874999e-02 -6.4112871107210e+00
4.9537963874999e-02 -7.7793811983619e+00
4.9547963874999e-02 -9.8048938712144e+00
4.9557963874999e-02 -1.2047932467709e+01
4.9567963874999e-02 -1.4270554786363e+01
4.9577963874999e-02 -1.6613258289364e+01
4.9587963874999e-02 -1.8868979624940e+01
4.9597963874999e-02 -2.2295717216755e+01
4.9607963874999e-02 -2.4670225288192e+01
4.9617963874999e-02 -2.6810270009362e+01
4.9627963874999e-02 -2.7910722540649e+01
4.9637963874999e-02 -2.8949105063470e+01
4.9647963874999e-02 -2.9604485694517e+01
4.9657963874999e-02 -3.0211736495579e+01
4.9667963874999e-02 -3.1444102803352e+01
4.9677963874999e-02 -3.1684485435728e+01
4.9687963874999e-02 -3.0356317295081e+01
4.9697963874999e-02 -2.9335641961218e+01
4.9707963874999e-02 -3.0059494986841e+01
4.9717963874999e-02 -3.1445976206318e+01
4.9727963874999e-02 -2.9573630747117e+01
4.9737963874999e-02 -2.9518168226625e+01
4.9747963874999e-02 -2.8008209011867e+01
4.9757963874999e-02 -2.5560334537569e+01
4.9767963874999e-02 -2.6149555947035e+01
4.9777963874999e-02 -2.6036596366363e+01
4.9787963874999e-02 -2.3939464322219e+01
4.9797963874999e-02 -2.1126946657178e+01
4.9807963874999e-02 -1.8414780544885e+01
4.9817963874999e-02 -1.5260607559224e+01
4.9827963874999e-02 -1.0434982137852e+01
4.9837963874999e-02 -8.4901601503007e+00
4.9847963874999e-02 -5.1581116256256e+00
4.9857963874999e-02 -2.0413747297411e+00
4.9867963874999e-02 -1.6332146467573e+00
4.9877963874999e-02 6.6815750408292e-01
4.9887963874999e-02 8.4165297347130e-01
4.9897963874999e-02 4.4104886561545e-01
4.9907963874999e-02 -7.1007881237555e-01
4.9917963874999e-02 -1.4218764175952e+00
4.9927963874999e-02 -2.5437995386861e+00
4.9937963874999e-02 -2.5654904859585e+00
4.9947963874999e-02 -2.7898509553571e+00
4.9957963874999e-02 -2.7233568264242e+00
4.9967963874999e-02 -2.2212164124479e+00
4.9977963874999e-02 -6.1514028984338e-01
4.9987963874999e-02 1.1975180142955e+00
4.9997963874999e-02 3.4655954338506e+00
5.0007963874999e-02 5.9849080718062e+00
5.0017963874999e-02 9.2683893213175e+00
5.0027963874999e-02 1.1793199015282e+01
5.0037963874999e-02 1.2768026374262e+01
5.0047963874999e-02 1.4298250960921e+01
5.0057963874999e-02 1.6033068918776e+01
5.0067963874999e-02 1.7268296251709e+01
5.0077963874999e-02 1.6335918334846e+01
5.0087963874999e-02 1.6483023837586e+01
5.0097963874999e-02 1.6855893060678e+01
5.0107963874999e-02 1.5242199614877e+01
5.0117963874999e-02 1.5921640044317e+01
5.0127963874999e-02 1.6737224095587e+01
5.0137963874999e-02 1.8064528738497e+01
5.0147963874999e-02 1.8441679745256e+01
5.0157963874999e-02 2.1927397315206e+01
5.0167963874999e-02 2.3302269960943e+01
5.0177963874999e-02 2.6020775637624e+01
5.0187963874999e-02 2.5993227073962e+01
5.0197963874999e-02 2.5968629137120e+01
5.0207963874999e-02 2.5320504318488e+01
5.0217963874999e-02 2.7865213558646e+01
5.0227963874999e-02 2.8562717151008e+01
5.0237963874999e-02 2.9293189628422e+01
5.0247963874999e-02 3.1866319361078e+01
5.0257963874999e-02 3.2309433594135e+01
5.0267963874999e-02 3.2697157646354e+01
5.0277963874999e-02 3.1997294230185e+01
5.0287963874999e-02 3.1356607050769e+01
5.0297963874999e-02 2.8665327564039e+01
5.0307963874999e-02 2.7283256548853e+01
5.0317963874999e-02 2.4732446609252e+01
5.0327963874999e-02 2.3205662609215e+01
5.0337963874999e-02 2.0723577666625e+01
5.0347963874999e-02 1.8355550102956e+01
5.0357963874999e-02 1.5617642948188e+01
5.0367963874999e-02 1.3020313331275e+01
5.0377963874999e-02 1.0731685578575e+01
5.0387963874999e-02 7.5993252745451e+00
5.0397963874999e-02 4.4073395901689e+00
5.0407963874999e-02 1.0976092483771e+00
5.0417963874999e-02 -1.7894055368013e+00
5.0427963874999e-02 -4.7260320083690e+00
5.0437963874999e-02 -8.3650319971136e+00
5.0447963874999e-02 -1.1233803341984e+01
5.0457963874999e-02 -1.3443665994456e+01
5.0467963874999e-02 -1.6377793171372e+01
5.0477963874999e-02 -2.0539406857224e+01
5.0487963874999e-02 -2.3153510044911e+01
5.0497963874999e-02 -2.3777188179804e+01
5.0507963874999e-02 -2.5463500795120e+01
5.0517963874999e-02 -2.8350541287537e+01
5.0527963874999e-02 -3.1026266588123e+01
5.0537963874999e-02 -3.2758607226110e+01
5.0547963874999e-02 -3.3415962675755e+01
5.0557963874999e-02 -3.3478266470415e+01
5.0567963874999e-02 -3.3598071441870e+01
5.0577963874999e-02 -3.4250080607195e+01
5.0587963874999e-02 -3.2649757546050e+01
5.0597963874999e-02 -3.0257828451146e+01
5.0607963874999e-02 -3.1086054833049e+01
5.0617963874999e-02 -2.8029841992845e+01
5.0627963874999e-02 -2.6590215618707e+01
5.0637963874999e-02 -2.2853549551039e+01
5.0647963874999e-02 -1.8650757423939e+01
5.0657963874999e-02 -1.6839726080242e+01
5.0667963874999e-02 -1.8124144398549e+01
5.0677963874999e-02 -1.7204169464025e+01
5.0687963874999e-02 -1.9540037553040e+01
5.0697963874999e-02 -1.9311171632484e+01
5.0707963874999e-02 -1.4461087467912e+01
5.0717963874999e-02 -1.4329701551174e+01
5.0727963874999e-02 -1.0919181771808e+01
5.0737963874999e-02 -9.9925807265853e+00
5.0747963874999e-02 -8.5811785654302e+00
5.0757963874999e-02 -6.9627845003264e+00
5.0767963874999e-02 -3.6042008905950e+00
5.0777963874999e-02 -2.2162530095405e+00
5.0787963874999e-02 -1.2070770041202e-01
5.0797963874999e-02 1.5705447314797e+00
5.0807963874999e-02 2.5534130751393e+00
5.0817963874999e-02 3.3411323622480e+00
5.0827963874999e-02 4.1342090394196e+00
5.0837963874999e-02 4.2686645781241e+00
5.0847963874999e-02 4.1121004061829e+00
5.0857963874999e-02 3.7817169072154e+00
5.0867963874999e-02 3.6058689114591e+00
5.0877963874999e-02 2.8479365078161e+00
5.0887963874999e-02 1.7364336476854e+00
5.0897963874999e-02 1.9559607582777e+00
5.0907963874999e-02 5.2298005489499e-01
5.0917963874999e-02 1.9103627598281e+00
5.0927963874999e-02 3.2464000668912e+00
5.0937963874999e-02 3.5569613683563e+00
5.0947963874999e-02 4.3842571817699e+00
5.0957963874999e-02 7.4817924279050e+00
5.0967963874999e-02 9.6239748435500e+00
5.0977963874999e-02 1.2279844981563e+01
5.0987963874999e-02 1.2380716426900e+01
5.0997963874999e-02 1.2010265679274e+01
5.1007963874999e-02 1.0939773463100e+01
5.1017963874999e-02 8.8282868611727e+00
5.1027963874999e-02 7.7289583140268e+00
5.1037963874999e-02 6.4331540345864e+00
5.1047963874999e-02 7.1067722554629e+00
5.1057963874999e-02 5.8666333734480e+00
5.1067963874999e-02 5.3934007374928e+00
5.1077963874999e-02 5.4789116320443e+00
5.1087963874999e-02 6.8063256459883e+00
5.1097963874999e-02 1.0406865048308e+01
5.1107963874999e-02 1.1938555964283e+01
5.1117963874999e-02 1.3308914956313e+01
5.1127963874999e-02 1.1021237659873e+01
5.1137963874999e-02 9.3503145891844e+00
5.1147963874999e-02 7.2321520271814e+00
5.1157963874999e-02 5.9252004429031e+00
5.1167963874999e-02 4.8082141011995e+00
5.1177963874999e-02 9.0793849381620e+00
5.1187963874999e-02 1.2284451646535e+01
5.1197963874999e-02 1.3530920418210e+01
5.1207963874999e-02 1.5383555241135e+01
5.1217963874999e-02 1.8158100066875e+01
5.1227963874999e-02 2.0720064474351e+01
5.1237963874999e-02 2.3099342828799e+01
5.1247963874999e-02 2.4341894987556e+01
5.1257963874999e-02 2.5002692621622e+01
5.1267963874999e-02 2.5875152449717e+01
5.1277963874999e-02 2.6166730983544e+01
5.1287963874999e-02 2.5370996133507e+01
5.1297963874999e-02 2.4505898822079e+01
5.1307963874999e-02 2.4074723991288e+01
5.1317963874999e-02 2.3263668490896e+01
5.1327963874999e-02 2.2295529537754e+01
5.1337963874999e-02 2.0754311676622e+01
5.1347963874999e-02 1.9734356373445e+01
5.1357963874999e-02 1.8268265111662e+01
5.1367963874999e-02 1.6610385741720e+01
5.1377963874999e-02 1.4919335602438e+01
5.1387963874999e-02 1.4450410964376e+01
5.1397963874999e-02 1.2618183968382e+01
5.1407963874999e-02 1.0943752669434e+01
5.1417963874999e-02 9.2666582526895e+00
5.1427963874999e-02 6.4684179874988e+00
5.1437963874999e-02 4.8408984289334e+00
5.1447963874999e-02 3.0205691271371e+00
5.1457963874999e-02 1.0497934090030e+00
5.1467963874999e-02 -3.3229607463870e-01
5.1477963874999e-02 -1.3428045339011e+00
5.1487963874999e-02 -3.7584008323508e+00
5.1497963874999e-02 -4.6021962043324e+00
5.1507963874999e-02 -5.5951298193093e+00
5.1517963874999e-02 -7.4878477475112e+00
5.1527963874999e-02 -1.0547117939734e+01
5.1537963874999e-02 -1.1981207344490e+01
5.1547963874999e-02 -1.3993031788013e+01
5.1557963874999e-02 -1.5414383059723e+01
5.1567963874999e-02 -1.8298648615660e+01
5.1577963874999e-02 -2.0498203529850e+01
5.1587963874999e-02 -2.2642114164056e+01
5.1597963874999e-02 -2.5143409562276e+01
5.1607963874999e-02 -2.7860137668588e+01
5.1617963874999e-02 -3.0227718052527e+01
5.1627963874999e-02 -3.1964254213079e+01
5.1637963874999e-02 -3.3474308582573e+01
5.1647963874999e-02 -3.5088932260893e+01
5.1657963874999e-02 -3.5427156528144e+01
5.1667963874999e-02 -3.5994153304153e+01
5.1677963874999e-02 -3.6686207199324e+01
5.1687963874999e-02 -3.3932457790322e+01
5.1697963874999e-02 -3.2194227714863e+01
5.1707963874999e-02 -2.9883801850071e+01
5.1717963874999e-02 -2.7834847136986e+01
5.1727963874999e-02 -2.2626531345546e+01
5.1737963874999e-02 -1.7639674760748e+01
5.1747963874999e-02 -1.6280801985327e+01
5.1757963874999e-02 -1.0604060741793e+01
5.1767963874999e-02 -8.1736003433493e+00
5.1777963874999e-02 -4.2569328660465e+00
5.1787963874999e-02 -2.0699674387594e-01
5.1797963874999e-02 6.3371908625990e+00
5.1807963874999e-02 6.7048782580242e+00
5.1817963874999e-02 5.8181805857741e+00
5.1827963874999e-02 8.5644158359808e+00
5.1837963874999e-02 1.0027912766517e+01
5.1847963874999e-02 1.2721557220985e+01
5.1857963874999e-02 1.6526996751746e+01
5.1867963874999e-02 2.2259074520243e+01
5.1877963874999e-02 2.4682356024765e+01
5.1887963874999e-02 2.7439968704874e+01
5.1897963874999e-02 2.7241779695687e+01
5.1907963874999e-02 2.8507793703872e+01
5.1917963874999e-02 2.6395536354934e+01
5.1927963874999e-02 2.6901860474169e+01
5.1937963874999e-02 2.6129372250587e+01
5.1947963874999e-02 2.4037724196601e+01
5.1957963874999e-02 2.3702453427340e+01
5.1967963874999e-02 2.0852234385440e+01
5.1977963874999e-02 1.7532349765180e+01
5.1987963874999e-02 1.4836881797541e+01
5.1997963874999e-02 1.2323045831206e+01
5.2007963874999e-02 9.7143634301177e+00
5.2017963874999e-02 1.2113418007253e+01
5.2027963874999e-02 1.1731197890067e+01
5.2037963874999e-02 1.1269521350826e+01
5.2047963874999e-02 1.1812583255372e+01
5.2057963874999e-02 1.2673106395705e+01
5.2067963874999e-02 1.3647171607912e+01
5.2077963874999e-02 1.4304712843999e+01
5.2087963874999e-02 1.4397644902733e+01
5.2097963874999e-02 1.4547280197909e+01
5.2107963874999e-02 1.3668007515669e+01
5.2117963874999e-02 1.3967808370004e+01
5.2127963874999e-02 1.5707375573023e+01
5.2137963874999e-02 1.3830559724811e+01
5.2147963874999e-02 1.4354065615202e+01
5.2157963874999e-02 1.5049570324185e+01
5.2167963874999e-02 1.4775152023021e+01
5.2177963874999e-02 1.4210093703760e+01
5.2187963874999e-02 1.3781659279180e+01
5.2197963874999e-02 1.2476263854967e+01
5.2207963874999e-02 1.0557981679770e+01
5.2217963874999e-02 9.2173315228736e+00
5.2227963874999e-02 8.8918406855709e+00
5.2237963874999e-02 6.7725904953510e+00
5.2247963874999e-02 4.4891868532590e+00
5.2257963874999e-02 2.9829595692623e+00
5.2267963874999e-02 1.0134238721929e+00
5.2277963874999e-02 -1.2524899501637e+00
5.2287963874999e-02 -2.7689224363356e+00
5.2297963874999e-02 -2.9693592346665e+00
5.2307963874999e-02 -4.7581195701916e+00
5.2317963874999e-02 -4.0251492469760e+00
5.2327963874999e-02 -3.3264635612105e+00
5.2337963874999e-02 -1.9905232303933e+00
5.2347963874999e-02 -2.2833714244370e-01
5.2357963874999e-02 -3.1314239792549e-01
5.2367963874999e-02 5.0014811132494e-01
5.2377963874999e-02 7.9646986790081e-01
5.2387963874999e-02 -8.6683674984450e-01
5.2397963874999e-02 -2.7451596457081e+00
5.2407963874999e-02 -3.6758662565641e+00
5.2417963874999e-02 -6.9827404397318e+00
5.2427963874999e-02 -9.7226188108207e+00
5.2437963874999e-02 -1.2816481178909e+01
5.2447963874999e-02 -1.8041152272417e+01
5.2457963874999e-02 -2.2671814799132e+01
5.2467963874999e-02 -2.5453611386249e+01
5.2477963874999e-02 -2.8577284544570e+01
5.2487963874999e-02 -3.2229524569583e+01
5.2497963874999e-02 -3.5284286528160e+01
5.2507963874999e-02 -3.8196316407319e+01
5.2517963874999e-02 -4.0039299713704e+01
5.2527963874999e-02 -4.0517434675152e+01
5.2537963874999e-02 -4.0133417218787e+01
5.2547963874999e-02 -3.7213434728920e+01
5.2557963874999e-02 -3.6199892472371e+01
5.2567963874999e-02 -3.3109978533489e+01
5.2577963874999e-02 -2.9231831125191e+01
5.2587963874999e-02 -2.4665490260911e+01
5.2597963874999e-02 -2.0229647282057e+01
5.2607963874999e-02 -1.5798678659895e+01
5.2617963874999e-02 -1.3071682008442e+01
5.2627963874999e-02 -8.7746884297442e+00
5.2637963874999e-02 -6.6988957915494e+00
5.2647963874999e-02 -3.0728006726641e+00
5.2657963874999e-02 -1.3358369273624e-01
5.2667963874999e-02 1.6380029923381e+00
5.2677963874999e-02 2.8317210720731e+00
5.2687963874999e-02 5.6122635354193e+00
5.2697963874999e-02 4.0678856331231e+00
5.2707963874999e-02 5.7920479878375e+00
5.2717963874999e-02 5.2729422017114e+00
5.2727963874999e-02 7.0208099623301e+00
5.2737963874999e-02 6.0022126673171e+00
5.2747963874999e-02 1.0642631554110e+01
5.2757963874999e-02 6.3714357578313e+00
5.2767963874999e-02 7.8324179634286e+00
5.2777963874999e-02 6.4831756836918e+00
5.2787963874999e-02 6.8607627470605e+00
5.2797963874999e-02 5.3728497896594e+00
5.2807963874999e-02 5.6699068810257e+00
5.2817963874999e-02 3.9715189800821e+00
5.2827963874999e-02 5.9304506402157e+00
5.2837963874999e-02 6.3672524934143e+00
5.2847963874999e-02 7.9623158032048e+00
5.2857963874999e-02 6.5214747203829e+00
5.2867963874999e-02 7.3622351223332e+00
5.2877963874999e-02 8.3054506247796e+00
5.2887963874999e-02 1.1694726159363e+01
5.2897963874999e-02 1.1215291814120e+01
5.2907963874999e-02 1.3057891134714e+01
5.2917963874999e-02 1.1400032409061e+01
5.2927963874999e-02 1.0524238051197e+01
5.2937963874999e-02 9.5498981356747e+00
5.2947963874999e-02 9.2431511528581e+00
5.2957963874999e-02 8.6325255744485e+00
5.2967963874999e-02 7.7623603505598e+00
5.2977963874999e-02 9.0647018088542e+00
5.2987963874999e-02 8.0702572605752e+00
5.2997963874999e-02 9.8895651075822e+00
5.3007963874999e-02 1.1809385156355e+01
5.3017963874999e-02 1.1963531411590e+01
5.3027963874999e-02 1.0611341427697e+01
5.3037963874999e-02 1.0814481705885e+01
5.3047963874999e-02 1.2101346690608e+01
5.3057963874999e-02 1.1974718662990e+01
5.3067963874999e-02 1.1687968577258e+01
5.3077963874999e-02 1.3273761337612e+01
5.3087963874999e-02 1.3734916753974e+01
5.3097963874999e-02 1.3535873494335e+01
5.3107963874999e-02 1.5629552732409e+01
5.3117963874999e-02 1.6574989326505e+01
5.3127963874999e-02 1.7438649218316e+01
5.3137963874999e-02 1.7029682824114e+01
5.3147963874999e-02 1.6964076905225e+01
5.3157963874999e-02 1.6501153932913e+01
5.3167963874999e-02 1.6417086744482e+01
5.3177963874999e-02 1.5975876316920e+01
5.3187963874999e-02 1.5582477023990e+01
5.3197963874999e-02 1.5868860183107e+01
5.3207963874999e-02 1.6526005850182e+01
5.3217963874999e-02 1.6366265665586e+01
5.3227963874999e-02 1.6497338828763e+01
5.3237963874999e-02 1.6751735121376e+01
5.3247963874999e-02 1.5456924492676e+01
5.3257963874999e-02 1.4933428354734e+01
5.3267963874999e-02 1.2763583951912e+01
5.3277963874999e-02 1.1439075047345e+01
5.3287963874999e-02 9.5199732582894e+00
5.3297963874999e-02 8.6223009119577e+00
5.3307963874999e-02 7.6592156852849e+00
5.3317963874999e-02 7.8717399647713e+00
5.3327963874999e-02 7.1319501204661e+00
5.3337963874999e-02 6.4841048840532e+00
5.3347963874999e-02 5.7520705841031e+00
5.3357963874999e-02 3.8739767541065e+00
5.3367963874999e-02 2.8896978945253e+00
5.3377963874999e-02 2.4585457888097e+00
5.3387963874999e-02 1.0473125308288e+00
5.3397963874999e-02 5.2232110372880e-02
5.3407963874999e-02 -9.9116214047933e-01
5.3417963874999e-02 -2.3848763973295e+00
5.3427963874999e-02 -3.0073991299786e+00
5.3437963874999e-02 -5.7479207771289e+00
5.3447963874999e-02 -7.5436721879260e+00
5.3457963874999e-02 -1.0065718391117e+01
5.3467963874999e-02 -1.1858964539909e+01
5.3477963874999e-02 -1.2975705976285e+01
5.3487963874999e-02 -1.5014986035812e+01
5.3497963874999e-02 -1.6282446558062e+01
5.3507963874999e-02 -1.7052882066620e+01
5.3517963874999e-02 -1.7770405416027e+01
5.3527963874999e-02 -1.8982486542459e+01
5.3537963874999e-02 -1.9339472678790e+01
5.3547963874999e-02 -2.0759150780625e+01
5.3557963874999e-02 -2.3326961220401e+01
5.3567963874999e-02 -2.3658378464425e+01
5.3577963874999e-02 -2.4151712951559e+01
5.3587963874999e-02 -2.4561295024458e+01
5.3597963874999e-02 -2.6372345903821e+01
5.3607963874999e-02 -2.7206141299151e+01
5.3617963874999e-02 -2.8557617030061e+01
5.3627963874999e-02 -2.9952833844070e+01
5.3637963874999e-02 -2.9449005392487e+01
5.3647963874999e-02 -2.7488076011635e+01
5.3657963874999e-02 -2.7133402937759e+01
5.3667963874999e-02 -2.8362286591713e+01
5.3677963874999e-02 -2.5557114713528e+01
5.3687963874999e-02 -2.4271013897553e+01
5.3697963874999e-02 -2.5590216949316e+01
5.3707963874999e-02 -2.2907109799876e+01
5.3717963874999e-02 -2.0841507360112e+01
5.3727963874999e-02 -2.0706386161262e+01
5.3737963874999e-02 -1.7232000856369e+01
5.3747963874999e-02 -1.4148950288684e+01
5.3757963874999e-02 -1.3448576225021e+01
5.3767963874999e-02 -1.2693673976275e+01
5.3777963874999e-02 -1.1522914502183e+01
5.3787963874999e-02 -9.5089157730861e+00
5.3797963874999e-02 -9.9081343403715e+00
5.3807963874999e-02 -7.7838665168234e+00
5.3817963874999e-02 -5.7311503234076e+00
5.3827963874999e-02 -4.2423254586089e+00
5.3837963874999e-02 -3.4035799436276e+00
5.3847963874999e-02 -3.0260756604140e+00
5.3857963874999e-02 -2.6750949536483e+00
5.3867963874999e-02 -3.0503497606833e+00
5.3877963874999e-02 -2.8988969607017e+00
5.3887963874999e-02 -3.0898895214812e+00
5.3897963874999e-02 -3.8234297051887e+00
5.3907963874999e-02 -4.8487696063852e+00
5.3917963874999e-02 -7.1752788153739e+00
5.3927963874999e-02 -8.8565864905106e+00
5.3937963874999e-02 -9.8432648940693e+00
5.3947963874999e-02 -1.1165591265961e+01
5.3957963874999e-02 -1.2282676942148e+01
5.3967963874999e-02 -1.2365923966901e+01
5.3977963874999e-02 -1.2051708365761e+01
5.3987963874999e-02 -1.0856280840093e+01
5.3997963874999e-02 -1.0354318786514e+01
5.4007963874999e-02 -9.2962352679337e+00
5.4017963874999e-02 -7.7146932140281e+00
5.4027963874999e-02 -5.8560954512205e+00
5.4037963874999e-02 -4.3822178431073e+00
5.4047963874999e-02 -2.4596686364858e+00
5.4057963874999e-02 -1.4428310382973e+00
5.4067963874999e-02 -4.9891668821022e-01
5.4077963874999e-02 -4.6259700224928e-01
5.4087963874999e-02 -1.5701808881938e+00
5.4097963874999e-02 -2.0740709028537e+00
5.4107963874999e-02 -3.5852344256351e+00
5.4117963874999e-02 -4.1827995191821e+00
5.4127963874999e-02 -4.5486622254391e+00
5.4137963874999e-02 -5.8019225989286e+00
5.4147963874999e-02 -7.5215113180170e+00
5.4157963874999e-02 -7.5345320193237e+00
5.4167963874999e-02 -7.5439619135718e+00
5.4177963874999e-02 -8.1713395023815e+00
5.4187963874999e-02 -8.6249047445414e+00
5.4197963874999e-02 -7.9709831409956e+00
5.4207963874999e-02 -6.1831234171421e+00
5.4217963874999e-02 -4.3862914261328e+00
5.4227963874999e-02 -1.8930846648535e+00
5.4237963874999e-02 3.2847612969096e+00
5.4247963874999e-02 5.9740532226833e+00
5.4257963874999e-02 7.4977970024141e+00
5.4267963874999e-02 1.1072861194585e+01
5.4277963874999e-02 1.4572071506941e+01
5.4287963874999e-02 1.7000120168004e+01
5.4297963874999e-02 2.1395511652011e+01
5.4307963874999e-02 2.4867893423753e+01
5.4317963874999e-02 2.7318382314834e+01
5.4327963874999e-02 2.7598474319581e+01
5.4337963874999e-02 2.7614675737833e+01
5.4347963874999e-02 2.7714156100793e+01
5.4357963874999e-02 2.7630431546511e+01
5.4367963874999e-02 2.6044129720285e+01
5.4377963874999e-02 2.8596819037030e+01
5.4387963874999e-02 2.8370859275026e+01
5.4397963874999e-02 2.8490968073155e+01
5.4407963874999e-02 2.9829844618420e+01
5.4417963874999e-02 3.0568884059807e+01
5.4427963874999e-02 2.9874007052840e+01
5.4437963874999e-02 2.7995193334386e+01
5.4447963874999e-02 2.5473191314939e+01
5.4457963874999e-02 2.2919143674051e+01
5.4467963874999e-02 1.8206951361118e+01
5.4477963874999e-02 1.4125232741725e+01
5.4487963874999e-02 9.8192101704052e+00
5.4497963874999e-02 5.7215564866652e+00
5.4507963874999e-02 1.1963255242017e+00
5.4517963874999e-02 -9.1144710738383e-01
5.4527963874999e-02 -3.2225603213898e+00
5.4537963874999e-02 -3.2320520815353e+00
5.4547963874999e-02 -3.4754767952915e+00
5.4557963874999e-02 -3.2142660022655e+00
5.4567963874999e-02 -2.4108286754727e+00
5.4577963874999e-02 -1.1294788694023e+00
5.4587963874999e-02 -2.0024220255758e+00
5.4597963874999e-02 -1.1506970815268e+00
5.4607963874999e-02 4.8585094099196e-01
5.4617963874999e-02 4.3683982464465e-01
5.4627963874999e-02 -3.8041597246629e-01
5.4637963874999e-02 3.9490916961807e-01
5.4647963874999e-02 1.3819760125023e+00
5.4657963874999e-02 1.8974299154188e+00
5.4667963874999e-02 2.5973391551392e+00
5.4677963874999e-02 3.1343648537660e+00
5.4687963874999e-02 4.2026156410137e+00
5.4697963874999e-02 4.5986359776250e+00
5.4707963874999e-02 4.2120252222814e+00
5.4717963874999e-02 3.7235227671547e+00
5.4727963874999e-02 2.6134846198870e+00
5.4737963874999e-02 2.8355226164299e+00
5.4747963874999e-02 1.4620279003961e+00
5.4757963874999e-02 7.2878917595308e-01
5.4767963874999e-02 -1.2855194698160e+00
5.4777963874999e-02 -2.3661406591293e+00
5.4787963874999e-02 -4.1972985184413e+00
5.4797963874999e-02 -4.5443316846754e+00
5.4807963874999e-02 -6.7626140980226e+00
5.4817963874999e-02 -6.9355364398744e+00
5.4827963874999e-02 -7.0475357724317e+00
5.4837963874999e-02 -5.5098577652802e+00
5.4847963874999e-02 -4.2372218840483e+00
5.4857963874999e-02 -2.0493486493504e+00
5.4867963874999e-02 -7.5768062399530e-01
5.4877963874999e-02 -2.0407063010309e-01
5.4887963874999e-02 3.0867251221966e-01
5.4897963874999e-02 5.1444471166902e-01
5.4907963874999e-02 3.6853345572057e-01
5.4917963874999e-02 6.8860738112870e-01
5.4927963874999e-02 1.2374230914333e+00
5.4937963874999e-02 3.2591358370209e+00
5.4947963874999e-02 3.8253189007736e+00
5.4957963874999e-02 5.0911740515088e+00
5.4967963874999e-02 4.8028441894832e+00
5.4977963874999e-02 3.5108477033902e+00
5.4987963874999e-02 3.0851398889666e+00
5.4997963874999e-02 2.2307623797255e+00
5.5007963874999e-02 -5.3674462729895e-01
5.5017963874999e-02 -3.6340124587717e+00
5.5027963874999e-02 -5.5000938829020e+00
5.5037963874999e-02 -6.6472620417043e+00
5.5047963874999e-02 -7.0040631995574e+00
5.5057963874999e-02 -8.0768530615470e+00
5.5067963874999e-02 -9.4913090195221e+00
5.5077963874999e-02 -9.9392530189327e+00
5.5087963874999e-02 -1.0039840202061e+01
5.5097963874999e-02 -9.4403560433522e+00
5.5107963874999e-02 -9.6269053982937e+00
5.5117963874999e-02 -1.1215074075459e+01
5.5127963874999e-02 -1.2587167339622e+01
5.5137963874999e-02 -1.2214573139531e+01
5.5147963874999e-02 -1.1399304904250e+01
5.5157963874999e-02 -1.2715939012133e+01
5.5167963874999e-02 -1.2540453314321e+01
5.5177963874999e-02 -1.1025864830750e+01
5.5187963874999e-02 -1.2245979657012e+01
5.5197963874999e-02 -1.1739271180253e+01
5.5207963874999e-02 -8.8404230285230e+00
5.5217963874999e-02 -8.5551075817352e+00
5.5227963874999e-02 -9.1681073217869e+00
5.5237963874999e-02 -8.9700103454352e+00
5.5247963874999e-02 -9.1468199970785e+00
5.5257963874999e-02 -9.2898649536482e+00
5.5267963874999e-02 -1.0000512958297e+01
5.5277963874999e-02 -1.0655913895048e+01
5.5287963874999e-02 -1.1492250068962e+01
5.5297963874999e-02 -1.2272455066382e+01
5.5307963874999e-02 -1.3287229447559e+01
5.5317963874999e-02 -1.4673203541311e+01
5.5327963874999e-02 -1.6214818784352e+01
5.5337963874999e-02 -1.7613014888863e+01
5.5347963874999e-02 -1.8318714778421e+01
5.5357963874999e-02 -1.8407650206777e+01
5.5367963874999e-02 -1.8406562663356e+01
5.5377963874999e-02 -1.8910697181306e+01
5.5387963874999e-02 -1.9126957107521e+01
5.5397963874999e-02 -1.8667738719866e+01
5.5407963874999e-02 -1.8137244059730e+01
5.5417963874999e-02 -1.7464101985835e+01
5.5427963874999e-02 -1.5816157562619e+01
5.5437963874999e-02 -1.4498939726748e+01
5.5447963874999e-02 -1.2149842376563e+01
5.5457963874999e-02 -1.1137427602013e+01
5.5467963874999e-02 -9.9244574217741e+00
5.5477963874999e-02 -9.6158296741837e+00
5.5487963874999e-02 -9.4513101845925e+00
5.5497963874999e-02 -1.0381375711771e+01
5.5507963874999e-02 -1.0956735900225e+01
5.5517963874999e-02 -1.1038936441262e+01
5.5527963874999e-02 -9.9774379547388e+00
5.5537963874999e-02 -7.9314964341581e+00
5.5547963874999e-02 -6.4093782082350e+00
5.5557963874999e-02 -4.6817855503268e+00
5.5567963874999e-02 -2.5243520288953e+00
5.5577963874999e-02 -7.4314881697366e-01
5.5587963874999e-02 2.3498428218505e-01
5.5597963874999e-02 1.9579840149544e+00
5.5607963874999e-02 4.1581693781573e+00
5.5617963874999e-02 6.0448213529034e+00
5.5627963874999e-02 6.9969369378731e+00
5.5637963874999e-02 7.5860276257937e+00
5.5647963874999e-02 7.8701795107393e+00
5.5657963874999e-02 7.7326137301713e+00
5.5667963874999e-02 9.0373917267259e+00
5.5677963874999e-02 1.1706603894305e+01
5.5687963874999e-02 1.3683851470330e+01
5.5697963874999e-02 1.4547717195748e+01
5.5707963874999e-02 1.6643636630047e+01
5.5717963874999e-02 1.8153173685819e+01
5.5727963874999e-02 1.8928779287250e+01
5.5737963874999e-02 2.0731063821428e+01
5.5747963874999e-02 2.2553047521023e+01
5.5757963874999e-02 2.4709482584588e+01
5.5767963874999e-02 2.6372166236768e+01
5.5777963874999e-02 2.9758492551290e+01
5.5787963874999e-02 3.1860213485314e+01
5.5797963874999e-02 3.3728315554841e+01
5.5807963874999e-02 3.3849997315036e+01
5.5817963874999e-02 3.4591490542867e+01
5.5827963874999e-02 3.3232199686253e+01
5.5837963874999e-02 3.0804688831830e+01
5.5847963874999e-02 2.7975698593302e+01
5.5857963874999e-02 2.3243335637971e+01
5.5867963874999e-02 2.0677972224313e+01
5.5877963874999e-02 1.6471658681387e+01
5.5887963874999e-02 1.5054940750040e+01
5.5897963874999e-02 1.3836925201119e+01
5.5907963874999e-02 1.3814253452137e+01
5.5917963874999e-02 1.3611440325587e+01
5.5927963874999e-02 1.4357693348048e+01
5.5937963874999e-02 1.4364887610257e+01
5.5947963874999e-02 1.6663661074018e+01
5.5957963874999e-02 1.6712423261441e+01
5.5967963874999e-02 1.8133227905265e+01
5.5977963874999e-02 1.9294543042735e+01
5.5987963874999e-02 2.0364039888029e+01
5.5997963874999e-02 2.1178684756874e+01
5.6007963874999e-02 2.1188888018236e+01
5.6017963874999e-02 1.9330914547608e+01
5.6027963874999e-02 1.7206916471097e+01
5.6037963874999e-02 1.4265827377791e+01
5.6047963874999e-02 9.8472671808527e+00
5.6057963874999e-02 5.8577890464874e+00
5.6067963874999e-02 2.1992223607881e+00
5.6077963874999e-02 -9.0337158702491e-01
5.6087963874999e-02 -2.0774055838048e+00
5.6097963874999e-02 -2.4334260603339e+00
5.6107963874999e-02 -2.4675944336742e+00
5.6117963874999e-02 -3.3027870445800e+00
5.6127963874999e-02 -2.9858251512111e+00
5.6137963874999e-02 -2.6230617152827e+00
5.6147963874999e-02 -2.4941976556472e+00
5.6157963874999e-02 -3.3151509714844e+00
5.6167963874999e-02 -3.9970453086682e+00
5.6177963874999e-02 -3.5195443413006e+00
5.6187963874999e-02 -3.8956313112788e+00
5.6197963874999e-02 -4.8611952226499e+00
5.6207963874999e-02 -6.4821606210021e+00
5.6217963874999e-02 -8.8723504503599e+00
5.6227963874999e-02 -1.2606759510488e+01
5.6237963874999e-02 -1.5924949091619e+01
5.6247963874999e-02 -2.0253148738934e+01
5.6257963874999e-02 -2.4314265500457e+01
5.6267963874999e-02 -2.6080421855489e+01
5.6277963874999e-02 -2.9056784244009e+01
5.6287963874999e-02 -3.2901289081280e+01
5.6297963874999e-02 -3.5443308009979e+01
5.6307963874999e-02 -3.6148140552740e+01
5.6317963874999e-02 -3.7763556396854e+01
5.6327963874999e-02 -3.8985583002283e+01
5.6337963874999e-02 -3.7384701893469e+01
5.6347963874999e-02 -3.6598988940389e+01
5.6357963874999e-02 -3.3812741085018e+01
5.6367963874999e-02 -3.2456783495457e+01
5.6377963874999e-02 -2.9503631139976e+01
5.6387963874999e-02 -2.5109711805269e+01
5.6397963874999e-02 -2.0217064935280e+01
5.6407963874999e-02 -1.4645563406972e+01
5.6417963874999e-02 -1.1696520257145e+01
5.6427963874999e-02 -7.8762478748760e+00
5.6437963874999e-02 -6.4610952834423e+00
5.6447963874999e-02 -8.4624249770883e-01
5.6457963874999e-02 1.1951037467352e+00
5.6467963874999e-02 3.1985070318278e+00
5.6477963874999e-02 5.6708035371302e+00
5.6487963874999e-02 9.2124018998842e+00
5.6497963874999e-02 1.0943198083369e+01
5.6507963874999e-02 1.2738421866070e+01
5.6517963874999e-02 1.4870340830621e+01
5.6527963874999e-02 1.7964014627177e+01
5.6537963874999e-02 2.0612758287029e+01
5.6547963874999e-02 2.1584593254987e+01
5.6557963874999e-02 2.2790234908126e+01
5.6567963874999e-02 2.3082833182581e+01
5.6577963874999e-02 2.2243488947969e+01
5.6587963874999e-02 2.0694126572742e+01
5.6597963874999e-02 2.1849228088911e+01
5.6607963874999e-02 2.3127067772252e+01
5.6617963874999e-02 2.3466509709858e+01
5.6627963874999e-02 2.3804026976167e+01
5.6637963874999e-02 2.6094882414456e+01
5.6647963874999e-02 2.6533611223337e+01
5.6657963874999e-02 2.6535673053959e+01
5.6667963874999e-02 2.6473046121229e+01
5.6677963874999e-02 2.7410320542432e+01
5.6687963874999e-02 2.8623698380658e+01
5.6697963874999e-02 2.9083775634307e+01
5.6707963874999e-02 2.6710966182939e+01
5.6717963874999e-02 2.5728610452347e+01
5.6727963874999e-02 2.5294813604430e+01
5.6737963874999e-02 2.4900764967108e+01
5.6747963874999e-02 2.3948996739702e+01
5.6757963874999e-02 2.1850854399089e+01
5.6767963874999e-02 1.9208574912962e+01
5.6777963874999e-02 1.7272208036991e+01
5.6787963874999e-02 1.4858487869693e+01
5.6797963874999e-02 1.1885406649628e+01
5.6807963874999e-02 8.2891597292369e+00
5.6817963874999e-02 4.2543851960154e+00
5.6827963874999e-02 6.5492928950337e-01
5.6837963874999e-02 -2.1995179213990e+00
5.6847963874999e-02 -5.4822066930877e+00
5.6857963874999e-02 -8.2848472860990e+00
5.6867963874999e-02 -9.5210368143524e+00
5.6877963874999e-02 -1.2314068060557e+01
5.6887963874999e-02 -1.2641423991556e+01
5.6897963874999e-02 -1.4113142207768e+01
5.6907963874999e-02 -1.2887117487061e+01
5.6917963874999e-02 -1.5182483534196e+01
5.6927963874999e-02 -1.4565656562297e+01
5.6937963874999e-02 -1.2496783204438e+01
5.6947963874999e-02 -1.2984359387946e+01
5.6957963874999e-02 -1.4598973510169e+01
5.6967963874999e-02 -1.7178805638149e+01
5.6977963874999e-02 -1.8520284653552e+01
5.6987963874999e-02 -2.2513010755397e+01
5.6997963874999e-02 -2.5747162228806e+01
5.7007963874999e-02 -2.9337935768061e+01
5.7017963874999e-02 -3.1499519069860e+01
5.7027963874999e-02 -3.4968326984065e+01
5.7037963874999e-02 -3.8166604856018e+01
5.7047963874999e-02 -3.9052727771585e+01
5.7057963874999e-02 -3.8841558571864e+01
5.7067963874999e-02 -3.8853343294941e+01
5.7077963874999e-02 -3.8657649094581e+01
5.7087963874999e-02 -3.8281395389268e+01
5.7097963874999e-02 -3.7205635406933e+01
5.7107963874999e-02 -3.5568383578527e+01
5.7117963874999e-02 -3.3079795340226e+01
5.7127963874999e-02 -2.6099985998850e+01
5.7137963874999e-02 -1.8967026813283e+01
5.7147963874999e-02 -1.7566327255724e+01
5.7157963874999e-02 -1.1612468584112e+01
5.7167963874999e-02 -4.9681251315015e+00
5.7177963874999e-02 -2.0214652203256e+00
5.7187963874999e-02 2.6168943941477e+00
5.7197963874999e-02 5.5749878522585e+00
5.7207963874999e-02 9.3798190847851e+00
5.7217963874999e-02 9.8302361974006e+00
5.7227963874999e-02 1.1345202533231e+01
5.7237963874999e-02 1.2975431664464e+01
5.7247963874999e-02 1.6933904514302e+01
5.7257963874999e-02 1.6353035746366e+01
5.7267963874999e-02 1.8269705093388e+01
5.7277963874999e-02 2.1135246748912e+01
5.7287963874999e-02 2.4925151975584e+01
5.7297963874999e-02 2.6221065366274e+01
5.7307963874999e-02 2.9479035820997e+01
5.7317963874999e-02 3.0776623541320e+01
5.7327963874999e-02 3.1342307412763e+01
5.7337963874999e-02 3.1005436417729e+01
5.7347963874999e-02 3.1900897463141e+01
5.7357963874999e-02 3.4510173690022e+01
5.7367963874999e-02 3.6710792036818e+01
5.7377963874999e-02 3.6049116705915e+01
5.7387963874999e-02 3.9703787749319e+01
5.7397963874999e-02 3.8529572151815e+01
5.7407963874999e-02 3.4646594572215e+01
5.7417963874999e-02 3.0749493027325e+01
5.7427963874999e-02 2.6783573517100e+01
5.7437963874999e-02 2.3816429729766e+01
5.7447963874999e-02 2.1489457386909e+01
5.7457963874999e-02 1.9313514213099e+01
5.7467963874999e-02 1.6738973864082e+01
5.7477963874999e-02 1.3545809321423e+01
5.7487963874999e-02 1.2287462281209e+01
5.7497963874999e-02 9.7073592612665e+00
5.7507963874999e-02 8.0125281999759e+00
5.7517963874999e-02 8.1826847639921e+00
5.7527963874999e-02 7.1266208508755e+00
5.7537963874999e-02 6.3101345108973e+00
5.7547963874999e-02 3.5620413957408e+00
5.7557963874999e-02 1.5678328136167e+00
5.7567963874999e-02 2.0231745658202e-01
5.7577963874999e-02 -4.1414485711114e-01
5.7587963874999e-02 -8.5520447862922e-01
5.7597963874999e-02 -2.7120725985274e+00
5.7607963874999e-02 -3.0807427271591e+00
5.7617963874999e-02 -3.7689260822363e+00
5.7627963874999e-02 -3.3237086054718e+00
5.7637963874999e-02 -2.6336723098218e+00
5.7647963874999e-02 -2.5891215061729e+00
5.7657963874999e-02 -4.5538408300943e+00
5.7667963874999e-02 -3.0361987397562e+00
5.7677963874999e-02 -5.7275275202137e+00
5.7687963874999e-02 -8.6533459679869e+00
5.7697963874999e-02 -1.1708013499263e+01
5.7707963874999e-02 -1.4609389524730e+01
5.7717963874999e-02 -1.8221161656878e+01
5.7727963874999e-02 -1.9047329888690e+01
5.7737963874999e-02 -2.0502417385039e+01
5.7747963874999e-02 -2.2954311298064e+01
5.7757963874999e-02 -2.3939856179823e+01
5.7767963874999e-02 -2.5779340818529e+01
5.7777963874999e-02 -2.6782993302764e+01
5.7787963874999e-02 -2.8341948044565e+01
5.7797963874999e-02 -2.8047357291137e+01
5.7807963874999e-02 -2.6962672755048e+01
5.7817963874999e-02 -2.8072697156445e+01
5.7827963874999e-02 -2.6399169165342e+01
5.7837963874999e-02 -2.4649387667842e+01
5.7847963874999e-02 -2.3210581883860e+01
5.7857963874999e-02 -2.0958863923296e+01
5.7867963874999e-02 -2.1011064363131e+01
5.7877963874999e-02 -2.3354352959251e+01
5.7887963874999e-02 -2.3655317306607e+01
5.7897963874999e-02 -2.5245061434431e+01
5.7907963874999e-02 -2.6865681087206e+01
5.7917963874999e-02 -2.6451298494090e+01
5.7927963874999e-02 -2.5538982185911e+01
5.7937963874999e-02 -2.2324287190591e+01
5.7947963874999e-02 -2.1767431326126e+01
5.7957963874999e-02 -2.1454269146312e+01
5.7967963874999e-02 -1.8746374372640e+01
5.7977963874999e-02 -1.4266965902226e+01
5.7987963874999e-02 -1.2446646912587e+01
5.7997963874999e-02 -1.0689353030676e+01
5.8007963874999e-02 -7.1850398881566e+00
5.8017963874999e-02 -5.0953583426821e+00
5.8027963874999e-02 -3.9430696528273e+00
5.8037963874999e-02 -5.2665833757929e-01
5.8047963874999e-02 -1.8083785810963e+00
5.8057963874999e-02 -1.1802390579215e+00
5.8067963874999e-02 -7.0492292900951e-01
5.8077963874999e-02 -1.5087574286670e+00
5.8087963874999e-02 -1.5861272283617e+00
5.8097963874999e-02 -2.7385808090921e+00
5.8107963874999e-02 -4.6393580899220e+00
5.8117963874999e-02 -5.4750818022963e+00
5.8127963874999e-02 -4.6687952454533e+00
5.8137963874999e-02 -4.9011856136744e+00
5.8147963874999e-02 -4.3457041773353e+00
5.8157963874999e-02 -1.9901650278917e+00
5.8167963874999e-02 -9.0907060263540e-01
5.8177963874999e-02 1.2896873920551e+00
5.8187963874999e-02 4.8065402570923e+00
5.8197963874999e-02 7.0774138326303e+00
5.8207963874999e-02 9.8535032365703e+00
5.8217963874999e-02 1.2755582691249e+01
5.8227963874999e-02 1.3475921018661e+01
5.8237963874999e-02 1.3685515564808e+01
5.8247963874999e-02 1.3118501299179e+01
5.8257963874999e-02 1.1319519279876e+01
5.8267963874999e-02 1.0274392859353e+01
5.8277963874999e-02 7.6466356271086e+00
5.8287963874999e-02 6.3067001278230e+00
5.8297963874999e-02 6.2238040098084e+00
5.8307963874999e-02 6.3598216773498e+00
5.8317963874999e-02 7.6691921559334e+00
5.8327963874999e-02 7.9559237338556e+00
5.8337963874999e-02 1.1760910257962e+01
5.8347963874999e-02 1.5039264608819e+01
5.8357963874999e-02 1.8807713100393e+01
5.8367963874999e-02 2.1278148572050e+01
5.8377963874999e-02 2.5464111980047e+01
5.8387963874999e-02 2.6878776954471e+01
5.8397963874999e-02 2.8132372378112e+01
5.8407963874999e-02 2.9591942066812e+01
5.8417963874999e-02 2.9274344040840e+01
5.8427963874999e-02 2.8763541150582e+01
5.8437963874999e-02 2.7584400738476e+01
5.8447963874999e-02 2.6997419581925e+01
5.8457963874999e-02 2.6342352033976e+01
5.8467963874999e-02 2.6382614217310e+01
5.8477963874999e-02 2.6059238054651e+01
5.8487963874999e-02 2.4993324833657e+01
5.8497963874999e-02 2.4908402345129e+01
5.8507963874999e-02 2.4388983474923e+01
5.8517963874999e-02 2.4250136942907e+01
5.8527963874999e-02 2.3965098754576e+01
5.8537963874999e-02 2.2955242232897e+01
5.8547963874999e-02 2.3130988768198e+01
5.8557963874999e-02 2.2097831545534e+01
5.8567963874999e-02 2.1414539320315e+01
5.8577963874999e-02 1.8626651871608e+01
5.8587963874999e-02 1.5780463635037e+01
5.8597963874999e-02 1.1211472455949e+01
5.8607963874999e-02 7.2369238605971e+00
5.8617963874999e-02 1.7022149671688e-01
5.8627963874999e-02 -3.8370489415055e+00
5.8637963874999e-02 -8.5207749598219e+00
5.8647963874999e-02 -1.3210794188667e+01
5.8657963874999e-02 -1.6617886276030e+01
5.8667963874999e-02 -1.7996606752249e+01
5.8677963874999e-02 -2.1243670371789e+01
5.8687963874999e-02 -2.2115704991150e+01
5.8697963874999e-02 -2.3460389237233e+01
5.8707963874999e-02 -2.4429234500887e+01
5.8717963874999e-02 -2.4230310122372e+01
5.8727963874999e-02 -2.4596480063844e+01
5.8737963874999e-02 -2.5528599122100e+01
5.8747963874999e-02 -2.6642400862750e+01
5.8757963874999e-02 -2.7034753385339e+01
5.8767963874999e-02 -2.8355345350219e+01
5.8777963874999e-02 -3.1192415559568e+01
5.8787963874999e-02 -3.2017287024294e+01
5.8797963874999e-02 -3.2988110796459e+01
5.8807963874999e-02 -3.2417996240077e+01
5.8817963874999e-02 -3.1930548761039e+01
5.8827963874999e-02 -3.1634109909336e+01
5.8837963874999e-02 -3.1499884685847e+01
5.8847963874999e-02 -2.6604736161549e+01
5.8857963874999e-02 -2.3150653196989e+01
5.8867963874999e-02 -1.9561393300129e+01
5.8877963874999e-02 -1.6611127139955e+01
5.8887963874999e-02 -1.4421742598372e+01
5.8897963874999e-02 -1.1205904859803e+01
5.8907963874999e-02 -8.6073043748804e+00
5.8917963874999e-02 -7.8548100975051e+00
5.8927963874999e-02 -5.9096546631880e+00
5.8937963874999e-02 -4.2304478339139e+00
5.8947963874999e-02 -9.9115699972506e-01
5.8957963874999e-02 -3.5809142341451e-01
5.8967963874999e-02 1.6147519781251e+00
5.8977963874999e-02 3.6116189775569e+00
5.8987963874999e-02 5.4163630761592e+00
5.8997963874999e-02 7.9439860223798e+00
5.9007963874999e-02 9.9284887524752e+00
5.9017963874999e-02 1.2126418620735e+01
5.9027963874999e-02 1.4768377825814e+01
5.9037963874999e-02 1.6357884603473e+01
5.9047963874999e-02 1.6837838004371e+01
5.9057963874999e-02 1.9756267510677e+01
5.9067963874999e-02 2.0142990221165e+01
5.9077963874999e-02 2.1309201828745e+01
5.9087963874999e-02 2.2647096925899e+01
5.9097963874999e-02 2.3495140089188e+01
5.9107963874999e-02 2.3616429319353e+01
5.9117963874999e-02 2.5308055919734e+01
5.9127963874999e-02 2.6480116796544e+01
5.9137963874999e-02 2.8307479733664e+01
5.9147963874999e-02 3.0874630320300e+01
5.9157963874999e-02 3.2844352285486e+01
5.9167963874999e-02 3.2351897200226e+01
5.9177963874999e-02 3.0627544130398e+01
5.9187963874999e-02 3.1075962619482e+01
5.9197963874999e-02 3.0438240014012e+01
5.9207963874999e-02 3.0503355370157e+01
5.9217963874999e-02 2.5399399819596e+01
5.9227963874999e-02 2.6502813998647e+01
5.9237963874999e-02 1.8727721154796e+01
5.9247963874999e-02 1.8217658208946e+01
5.9257963874999e-02 1.5329414548756e+01
5.9267963874999e-02 1.7793230260237e+01
5.9277963874999e-02 1.3710132113647e+01
5.9287963874999e-02 1.5612806224351e+01
5.9297963874999e-02 1.3208559108658e+01
5.9307963874999e-02 8.4538989107952e+00
5.9317963874999e-02 4.8643655185474e+00
5.9327963874999e-02 1.9337777243099e-01
5.9337963874999e-02 -2.7403750711246e+00
5.9347963874999e-02 -4.2912189069351e+00
5.9357963874999e-02 -6.6359733313243e+00
5.9367963874999e-02 -1.0299954763874e+01
5.9377963874999e-02 -1.2535685937553e+01
5.9387963874999e-02 -1.3248738836135e+01
5.9397963874999e-02 -1.5674130780352e+01
5.9407963874999e-02 -1.8338799308820e+01
5.9417963874999e-02 -2.0382683315288e+01
5.9427963874999e-02 -2.0909744880231e+01
5.9437963874999e-02 -2.3604916432992e+01
5.9447963874999e-02 -2.4051619132055e+01
5.9457963874999e-02 -2.4237172419010e+01
5.9467963874999e-02 -2.3007849877158e+01
5.9477963874999e-02 -2.3535380583694e+01
5.9487963874999e-02 -2.4478069285065e+01
5.9497963874999e-02 -2.5744576898724e+01
5.9507963874999e-02 -2.7779042768393e+01
5.9517963874999e-02 -2.8544866077047e+01
5.9527963874999e-02 -3.1689023596992e+01
5.9537963874999e-02 -3.2888054719079e+01
5.9547963874999e-02 -3.3601830347026e+01
5.9557963874999e-02 -3.5348235812232e+01
5.9567963874999e-02 -3.5419138658404e+01
5.9577963874999e-02 -3.3848461090680e+01
5.9587963874999e-02 -3.4637328756305e+01
5.9597963874999e-02 -3.3970788894809e+01
5.9607963874999e-02 -3.1705719982474e+01
5.9617963874999e-02 -2.8095624583824e+01
5.9627963874999e-02 -2.2702568397146e+01
5.9637963874999e-02 -1.9268727548011e+01
5.9647963874999e-02 -1.5895967607254e+01
5.9657963874999e-02 -1.1830665215607e+01
5.9667963874999e-02 -6.5261783761114e+00
5.9677963874999e-02 -2.7405779684677e+00
5.9687963874999e-02 -4.1670128186113e-01
5.9697963874999e-02 4.6797994736794e+00
5.9707963874999e-02 5.8898069917505e+00
5.9717963874999e-02 7.1166127984649e+00
5.9727963874999e-02 9.0686805005933e+00
5.9737963874999e-02 1.0584327291323e+01
5.9747963874999e-02 1.0355542014077e+01
5.9757963874999e-02 1.2898009854528e+01
5.9767963874999e-02 1.3338785263551e+01
5.9777963874999e-02 1.4210100590561e+01
5.9787963874999e-02 1.5785035679601e+01
5.9797963874999e-02 1.8092662571972e+01
5.9807963874999e-02 2.1351186757230e+01
5.9817963874999e-02 2.2262241487576e+01
5.9827963874999e-02 2.4492632690434e+01
5.9837963874999e-02 3.0087547178386e+01
5.9847963874999e-02 3.3367972124864e+01
5.9857963874999e-02 3.6187179156084e+01
5.9867963874999e-02 4.0792525001640e+01
5.9877963874999e-02 4.2401686914750e+01
5.9887963874999e-02 4.2406907004176e+01
5.9897963874999e-02 3.9425889682478e+01
5.9907963874999e-02 3.2472962157523e+01
5.9917963874999e-02 2.6276883502196e+01
5.9927963874999e-02 1.6696578181458e+01
5.9937963874999e-02 7.5654515725089e+00
5.9947963874999e-02 -1.5883428659679e+00
5.9957963874999e-02 -4.0081673189677e+00
5.9967963874999e-02 -1.9677475453612e+00
5.9977963874999e-02 2.7429730955211e-01
5.9987963874999e-02 2.9732245362149e+00
5.9997963874999e-02 8.6830323992135e+00
6.0007963874999e-02 1.2535479238926e+01
6.0017963874999e-02 1.5286032984449e+01
6.0027963874999e-02 1.7494015281856e+01
6.0037963874999e-02 1.6748530629489e+01
6.0047963874999e-02 1.5361653498705e+01
6.0057963874999e-02 1.3178122930979e+01
6.0067963874999e-02 1.2314955714493e+01
6.0077963874999e-02 1.2338406921643e+01
6.0087963874999e-02 1.1537847985030e+01
6.0097963874999e-02 9.7671714152283e+00
6.0107963874999e-02 8.6333002887713e+00
6.0117963874999e-02 7.2589303285910e+00
6.0127963874999e-02 6.9929803016194e+00
6.0137963874999e-02 5.1137205946842e+00
6.0147963874999e-02 4.0580826975559e+00
6.0157963874999e-02 3.7936599388869e+00
6.0167963874999e-02 4.2051156512436e+00
6.0177963874999e-02 4.4685877234591e+00
6.0187963874999e-02 4.8696583087887e+00
6.0197963874999e-02 5.5307139582705e+00
6.0207963874999e-02 6.5150100615664e+00
6.0217963874999e-02 6.3782432568355e+00
6.0227963874999e-02 4.8804333264951e+00
6.0237963874999e-02 3.4822278724825e+00
6.0247963874999e-02 1.4350990141946e+00
6.0257963874999e-02 -1.4663922415238e+00
6.0267963874999e-02 -4.6367624883097e+00
6.0277963874999e-02 -7.0368481073176e+00
6.0287963874999e-02 -1.0340670308877e+01
6.0297963874999e-02 -1.2483269064897e+01
6.0307963874999e-02 -1.5251702784114e+01
6.0317963874999e-02 -1.6159052064663e+01
6.0327963874999e-02 -1.7329367893722e+01
6.0337963874999e-02 -1.9440401412664e+01
6.0347963874999e-02 -1.9850537615395e+01
6.0357963874999e-02 -1.9664586448981e+01
6.0367963874999e-02 -1.8806505157314e+01
6.0377963874999e-02 -1.7588485599778e+01
6.0387963874999e-02 -1.5462059232655e+01
6.0397963874999e-02 -1.4060859760745e+01
6.0407963874999e-02 -1.2766693966272e+01
6.0417963874999e-02 -1.1839297952638e+01
6.0427963874999e-02 -1.2118834526325e+01
6.0437963874999e-02 -1.3722142771367e+01
6.0447963874999e-02 -1.6779451446640e+01
6.0457963874999e-02 -1.9792038491063e+01
6.0467963874999e-02 -2.3327973695011e+01
6.0477963874999e-02 -2.6458648928992e+01
6.0487963874999e-02 -2.9631062941806e+01
6.0497963874999e-02 -3.2551840611250e+01
6.0507963874999e-02 -3.5152227937429e+01
6.0517963874999e-02 -3.6103527234600e+01
6.0527963874999e-02 -3.7722470872293e+01
6.0537963874999e-02 -3.6899430478942e+01
6.0547963874999e-02 -3.5634146687277e+01
6.0557963874999e-02 -3.4189585152975e+01
6.0567963874999e-02 -3.1998220948836e+01
6.0577963874999e-02 -2.8150408483986e+01
6.0587963874999e-02 -2.5770727115788e+01
6.0597963874999e-02 -2.1791975373327e+01
6.0607963874999e-02 -1.8823974221178e+01
6.0617963874999e-02 -1.4725988790137e+01
6.0627963874999e-02 -1.0586289897041e+01
6.0637963874999e-02 -6.2260372132886e+00
6.0647963874999e-02 -3.1562664280965e+00
6.0657963874999e-02 -9.9614604151830e-01
6.0667963874999e-02 1.1203600548943e+00
6.0677963874999e-02 3.1016733789526e+00
6.0687963874999e-02 4.0963414862557e+00
6.0697963874999e-02 5.4803427951392e+00
6.0707963874999e-02 3.3425192479947e+00
6.0717963874999e-02 5.7308016910920e+00
6.0727963874999e-02 6.8091983626248e+00
6.0737963874999e-02 1.0301447259384e+01
6.0747963874999e-02 1.2361505286420e+01
6.0757963874999e-02 1.6641068562024e+01
6.0767963874999e-02 1.5010749064320e+01
6.0777963874999e-02 1.5206609409768e+01
6.0787963874999e-02 1.4460376547039e+01
6.0797963874999e-02 1.6696086982599e+01
6.0807963874999e-02 1.9193117790310e+01
6.0817963874999e-02 2.1419505059990e+01
6.0827963874999e-02 2.5235268807217e+01
6.0837963874999e-02 2.9238104934504e+01
6.0847963874999e-02 3.0599739580305e+01
6.0857963874999e-02 3.2609659970411e+01
6.0867963874999e-02 3.4531643897861e+01
6.0877963874999e-02 3.4121910119153e+01
6.0887963874999e-02 3.2312889835249e+01
6.0897963874999e-02 3.0282668385850e+01
6.0907963874999e-02 2.9760872597920e+01
6.0917963874999e-02 2.9775472275821e+01
6.0927963874999e-02 2.9118975163743e+01
6.0937963874999e-02 2.9793789183881e+01
6.0947963874999e-02 2.7393506210024e+01
6.0957963874999e-02 2.6276617184854e+01
6.0967963874999e-02 2.5565506916381e+01
6.0977963874999e-02 2.3913671903542e+01
6.0987963874999e-02 1.9642139612747e+01
6.0997963874999e-02 2.0360486912952e+01
6.1007963874999e-02 1.6936090085004e+01
6.1017963874999e-02 1.3601160979445e+01
6.1027963874999e-02 1.2598232573449e+01
6.1037963874999e-02 1.1597277438204e+01
6.1047963874999e-02 7.7272895328430e+00
6.1057963874999e-02 5.4994296048526e+00
6.1067963874999e-02 2.7647017673824e+00
6.1077963874999e-02 -6.3826629483544e-01
6.1087963874999e-02 -2.2529334331032e+00
6.1097963874999e-02 -4.4893063087284e+00
6.1107963874999e-02 -8.0972447792071e+00
6.1117963874999e-02 -1.0251140590699e+01
6.1127963874999e-02 -1.3508120476441e+01
6.1137963874999e-02 -1.6337367520177e+01
6.1147963874999e-02 -1.7972904506612e+01
6.1157963874999e-02 -1.9187269337413e+01
6.1167963874999e-02 -2.0698649881554e+01
6.1177963874999e-02 -2.2676336629099e+01
6.1187963874999e-02 -2.4253964508940e+01
6.1197963874999e-02 -2.5574681244539e+01
6.1207963874999e-02 -2.5499211049245e+01
6.1217963874999e-02 -2.7217894199278e+01
6.1227963874999e-02 -2.7503784240939e+01
6.1237963874999e-02 -2.6640608242530e+01
6.1247963874999e-02 -2.6755806327978e+01
6.1257963874999e-02 -2.7313874810624e+01
6.1267963874999e-02 -2.6963482624587e+01
6.1277963874999e-02 -2.6025223041342e+01
6.1287963874999e-02 -2.6747277292025e+01
6.1297963874999e-02 -2.6909343561579e+01
6.1307963874999e-02 -2.8831071532280e+01
6.1317963874999e-02 -2.9686098112670e+01
6.1327963874999e-02 -2.9467487519963e+01
6.1337963874999e-02 -3.0041504379297e+01
6.1347963874999e-02 -2.8784942704779e+01
6.1357963874999e-02 -2.9368089774721e+01
6.1367963874999e-02 -2.6804655430456e+01
6.1377963874999e-02 -2.3976612731293e+01
6.1387963874999e-02 -1.9277503745798e+01
6.1397963874999e-02 -1.4726253355390e+01
6.1407963874999e-02 -1.1279368229903e+01
6.1417963874999e-02 -8.3325072985354e+00
6.1427963874999e-02 -4.6398673644542e+00
6.1437963874999e-02 -9.2280974220071e-01
6.1447963874999e-02 2.8113653196709e+00
6.1457963874999e-02 5.6514177064245e+00
6.1467963874999e-02 8.0777497933590e+00
6.1477963874999e-02 9.9996050924412e+00
6.1487963874999e-02 1.2737446203590e+01
6.1497963874999e-02 1.5586086438495e+01
6.1507963874999e-02 1.8101114202321e+01
6.1517963874999e-02 2.2000788967781e+01
6.1527963874999e-02 2.3961158950485e+01
6.1537963874999e-02 2.4416900734781e+01
6.1547963874999e-02 2.3422956125077e+01
6.1557963874999e-02 2.5482382867471e+01
6.1567963874999e-02 2.6519929752171e+01
6.1577963874999e-02 2.5696271556530e+01
6.1587963874999e-02 2.7221488313721e+01
6.1597963874999e-02 3.0299871795598e+01
6.1607963874999e-02 3.1619026617882e+01
6.1617963874999e-02 3.3479269121066e+01
6.1627963874999e-02 3.6795705113777e+01
6.1637963874999e-02 3.7082378455874e+01
6.1647963874999e-02 3.5628425143068e+01
6.1657963874999e-02 3.5039905813575e+01
6.1667963874999e-02 3.3674728635513e+01
6.1677963874999e-02 3.2160706945022e+01
6.1687963874999e-02 3.0234068016574e+01
6.1697963874999e-02 2.7037810352192e+01
6.1707963874999e-02 2.5369738196439e+01
6.1717963874999e-02 2.1551926448170e+01
6.1727963874999e-02 1.8432576473360e+01
6.1737963874999e-02 1.6041378265251e+01
6.1747963874999e-02 1.2685879209972e+01
6.1757963874999e-02 8.6945258628748e+00
6.1767963874999e-02 6.6995323610300e+00
6.1777963874999e-02 3.6220370977210e+00
6.1787963874999e-02 1.2151405836162e-02
6.1797963874999e-02 -1.0307172207090e+00
6.1807963874999e-02 -4.3842816409952e+00
6.1817963874999e-02 -7.4510701657841e+00
6.1827963874999e-02 -9.0008029662983e+00
6.1837963874999e-02 -1.1245888736340e+01
6.1847963874999e-02 -1.3042171900990e+01
6.1857963874999e-02 -1.4943530142884e+01
6.1867963874999e-02 -1.6441460813221e+01
6.1877963874999e-02 -1.9318217587532e+01
6.1887963874999e-02 -2.1423267577026e+01
6.1897963874999e-02 -2.3197688951393e+01
6.1907963874999e-02 -2.4322492579136e+01
6.1917963874999e-02 -2.5835197183490e+01
6.1927963874999e-02 -2.5530055345999e+01
6.1937963874999e-02 -2.5916012005244e+01
6.1947963874999e-02 -2.6497912336659e+01
6.1957963874999e-02 -2.7384737099212e+01
6.1967963874999e-02 -2.8609314253350e+01
6.1977963874999e-02 -2.9516260876760e+01
6.1987963874999e-02 -3.0665804036462e+01
6.1997963874999e-02 -3.2178917004849e+01