2.2027963875000e-02 5.3845832077803e+00
2.2037963875000e-02 3.8512039389097e+00
2.2047963875000e-02 2.8722957250174e+00
2.2057963875000e-02 1.5294614650834e+00
2.2067963875000e-02 1.2167260044241e-01
2.2077963875000e-02 -9.3893573438578e-01
2.2087963875000e-02 -3.4203126711722e+00
2.2097963875000e-02 -4.1094314702968e+00
2.2107963875000e-02 -5.1228248498486e+00
2.2117963875000e-02 -6.4916870199743e+00
2.2127963875000e-02 -7.8048083723804e+00
2.2137963875000e-02 -8.7398731141418e+00
2.2147963875000e-02 -9.7916255582399e+00
2.2157963875000e-02 -1.0484214725835e+01
2.2167963875000e-02 -1.1169522534470e+01
2.2177963875000e-02 -1.2115850170732e+01
2.2187963875000e-02 -1.2172375752342e+01
2.2197963875000e-02 -1.2156110231411e+01
2.2207963875000e-02 -1.2604587392986e+01
2.2217963875000e-02 -1.4455457965926e+01
2.2227963875000e-02 -1.3827127479554e+01
2.2237963875000e-02 -1.4102641808923e+01
2.2247963875000e-02 -1.5234959599316e+01
2.2257963875000e-02 -1.6335162310132e+01
2.2267963875000e-02 -1.7770250156722e+01
2.2277963875000e-02 -2.1155246318835e+01
2.2287963875000e-02 -2.1412241804901e+01
2.2297963875000e-02 -2.3095022634104e+01
2.2307963875000e-02 -2.5041633776982e+01
2.2317963875000e-02 -2.7260081942165e+01
2.2327963875000e-02 -2.6804685828060e+01
2.2337963875000e-02 -2.7195047488467e+01
2.2347963875000e-02 -2.6665884820842e+01
2.2357963875000e-02 -2.5099544181036e+01
2.2367963875000e-02 -2.4198003436439e+01
2.2377963875000e-02 -2.2747935061331e+01
2.2387963875000e-02 -2.1706865294777e+01
2.2397963875000e-02 -1.9906626378615e+01
2.2407963875000e-02 -1.7244530189689e+01
2.2417963875000e-02 -1.4733643576327e+01
2.2427963875000e-02 -1.2726152853943e+01
2.2437963875000e-02 -1.0114116940209e+01
2.2447963875000e-02 -6.7887954293184e+00
2.2457963875000e-02 -4.5307132654338e+00
2.2467963875000e-02 -3.9086861635611e+00
2.2477963875000e-02 -1.5200894049354e+00
2.2487963875000e-02 -3.3290416727153e-01
2.2497963875000e-02 2.9158754749604e-01
2.2507963875000e-02 1.7577670595195e+00
2.2517963875000e-02 2.8094223886832e+00
2.2527963875000e-02 2.8731886873469e+00
2.2537963875000e-02 3.7040141426963e+00
2.2547963875000e-02 3.9177029170043e+00
2.2557963875000e-02 5.6766557571286e+00
2.2567963875000e-02 6.4841997555946e+00
2.2577963875000e-02 8.2253649266280e+00
2.2587963875000e-02 9.1931214847840e+00
2.2597963875000e-02 1.0284257295674e+01
2.2607963875000e-02 1.1119808782167e+01
2.2617963875000e-02 1.2902404818416e+01
2.2627963875000e-02 1.4202189896124e+01
2.2637963875000e-02 1.5422857738247e+01
2.2647963875000e-02 1.7246405317752e+01
2.2657963875000e-02 1.9059976088188e+01
2.2667963875000e-02 2.1467798296342e+01
2.2677963875000e-02 2.4239309384711e+01
2.2687963875000e-02 2.4679081100674e+01
2.2697963875000e-02 2.6357887227492e+01
2.2707963875000e-02 2.7804499828170e+01
2.2717963875000e-02 2.7567035011053e+01
2.2727963875000e-02 2.6956908282948e+01
2.2737963875000e-02 2.5370994007927e+01
2.2747963875000e-02 2.4492517464305e+01
2.2757963875000e-02 2.1855496893789e+01
2.2767963875000e-02 2.0517863756346e+01
2.2777963875000e-02 1.6872161198818e+01
2.2787963875000e-02 1.6874841924342e+01
2.2797963875000e-02 1.6734090919189e+01
2.2807963875000e-02 1.4844316272025e+01
2.2817963875000e-02 1.4534614728730e+01
2.2827963875000e-02 1.4731214446844e+01
2.2837963875000e-02 1.2994075376730e+01
2.2847963875000e-02 1.1842526327198e+01
2.2857963875000e-02 1.2513233008068e+01
2.2867963875000e-02 1.0677625889489e+01
2.2877963875000e-02 9.3454298656289e+00
2.2887963875000e-02 7.7009123785841e+00
2.2897963875000e-02 4.6695097126292e+00
2.2907963875000e-02 3.7732856071683e+00
2.2917963875000e-02 3.0327168806214e+00
2.2927963875000e-02 1.7241350291640e+00
2.2937963875000e-02 5.6923290648887e-01
2.2947963875000e-02 -8.7598683137514e-01
2.2957963875000e-02 -3.2042737959412e+00
2.2967963875000e-02 -4.7456629647859e+00
2.2977963875000e-02 -5.3827140277585e+00
2.2987963875000e-02 -6.4712884355825e+00
2.2997963875000e-02 -7.3405347686169e+00
2.3007963875000e-02 -8.7805485662232e+00
2.3017963875000e-02 -1.0076245075604e+01
2.3027963875000e-02 -1.0990577056380e+01
2.3037963875000e-02 -1.1788728006356e+01
2.3047963875000e-02 -1.1841772388778e+01
2.3057963875000e-02 -1.2626026738638e+01
2.3067963875000e-02 -1.3109171503841e+01
2.3077963875000e-02 -1.2750923205388e+01
2.3087963875000e-02 -1.1993775240486e+01
2.3097963875000e-02 -1.1998227708539e+01
2.3107963875000e-02 -1.1813734921789e+01
2.3117963875000e-02 -1.1864902321215e+01
2.3127963875000e-02 -1.2871931892984e+01
2.3137963875000e-02 -1.5074587406517e+01
2.3147963875000e-02 -1.6588019895042e+01
2.3157963875000e-02 -1.6716376773803e+01
2.3167963875000e-02 -1.8397647200797e+01
2.3177963875000e-02 -2.1163210508842e+01
2.3187963875000e-02 -2.2814757837653e+01
2.3197963875000e-02 -2.3148190999353e+01
2.3207963875000e-02 -2.3820177282989e+01
2.3217963875000e-02 -2.4638835836418e+01
2.3227963875000e-02 -2.4210453590526e+01
2.3237963875000e-02 -2.4225394562245e+01
2.3247963875000e-02 -2.3381950224562e+01
2.3257963875000e-02 -2.0869362826035e+01
2.3267963875000e-02 -1.9878016542904e+01
2.3277963875000e-02 -1.7770208310613e+01
2.3287963875000e-02 -1.5639718092746e+01
2.3297963875000e-02 -1.3271392212430e+01
2.3307963875000e-02 -1.1082314205969e+01
2.3317963875000e-02 -9.3792915933252e+00
2.3327963875000e-02 -6.7379051549727e+00
2.3337963875000e-02 -5.2822256875113e+00
2.3347963875000e-02 -4.7133860394222e+00
2.3357963875000e-02 -3.6845430170811e+00
2.3367963875000e-02 -1.8482657809611e+00
2.3377963875000e-02 -8.3869063223778e-01
2.3387963875000e-02 8.2859277831484e-01
2.3397963875000e-02 2.6927092064434e+00
2.3407963875000e-02 4.7254938293452e+00
2.3417963875000e-02 5.2887811040530e+00
2.3427963875000e-02 6.1588165939445e+00
2.3437963875000e-02 7.2166805469362e+00
2.3447963875000e-02 8.1609350192891e+00
2.3457963875000e-02 8.7937040854340e+00
2.3467963875000e-02 9.3296722623865e+00
2.3477963875000e-02 9.8219029167428e+00
2.3487963875000e-02 1.0533254841598e+01
2.3497963875000e-02 1.1294601329946e+01
2.3507963875000e-02 1.2656088615818e+01
2.3517963875000e-02 1.4285369310464e+01
2.3527963875000e-02 1.5560179782941e+01
2.3537963875000e-02 1.7425588242173e+01
2.3547963875000e-02 1.9224323274566e+01
2.3557963875000e-02 1.9923128924936e+01
2.3567963875000e-02 2.0976028899264e+01
2.3577963875000e-02 2.1422451820286e+01
2.3587963875000e-02 2.1622839482125e+01
2.3597963875000e-02 2.2360995301473e+01
2.3607963875000e-02 2.1994969523790e+01
2.3617963875000e-02 2.1776797674618e+01
2.3627963875000e-02 2.1604205576286e+01
2.3637963875000e-02 2.0640473124621e+01
2.3647963875000e-02 2.0271155220092e+01
2.3657963875000e-02 1.8849488537223e+01
2.3667963875000e-02 1.7285442499256e+01
2.3677963875000e-02 1.7205820575288e+01
2.3687963875000e-02 1.4447586675279e+01
2.3697963875000e-02 1.2924131895856e+01
2.3707963875000e-02 1.3463123877430e+01
2.3717963875000e-02 1.2180512065211e+01
2.3727963875000e-02 1.0283451237319e+01
2.3737963875000e-02 1.1379711570146e+01
2.3747963875000e-02 9.8770309072657e+00
2.3757963875000e-02 9.5055384335840e+00
2.3767963875000e-02 9.9273790034747e+00
2.3777963875000e-02 8.4967064246965e+00
2.3787963875000e-02 7.8508677029504e+00
2.3797963875000e-02 6.9435847401781e+00
2.3807963875000e-02 5.8046277810725e+00
2.3817963875000e-02 4.4848102712466e+00
2.3827963875000e-02 3.5020422947766e+00
2.3837963875000e-02 2.7172320008749e+00
2.3847963875000e-02 1.5552385770497e+00
2.3857963875000e-02 1.6097030714512e-01
2.3867963875000e-02 -4.2529245172624e-01
2.3877963875000e-02 -1.0631391865403e+00
2.3887963875000e-02 -1.4532159865364e+00
2.3897963875000e-02 -2.5057781592946e+00
2.3907963875000e-02 -3.0032134962533e+00
2.3917963875000e-02 -3.7671043607310e+00
2.3927963875000e-02 -4.7409376411699e+00
2.3937963875000e-02 -6.0317286617894e+00
2.3947963875000e-02 -6.9239489328454e+00
2.3957963875000e-02 -7.8872372353702e+00
2.3967963875000e-02 -7.9416661959116e+00
2.3977963875000e-02 -8.2591873786958e+00
2.3987963875000e-02 -8.7253650696687e+00
2.3997963875000e-02 -8.4242545177696e+00
2.4007963875000e-02 -8.0029215506247e+00
2.4017963875000e-02 -8.3641563243693e+00
2.4027963875000e-02 -9.0974138857613e+00
2.4037963875000e-02 -9.5193212991135e+00
2.4047963875000e-02 -9.8171297287013e+00
2.4057963875000e-02 -1.1500751291887e+01
2.4067963875000e-02 -1.4223923287568e+01
2.4077963875000e-02 -1.6181439600854e+01
2.4087963875000e-02 -1.7628704395582e+01
2.4097963875000e-02 -1.9197536570717e+01
2.4107963875000e-02 -2.0045343661504e+01
2.4117963875000e-02 -2.1075548302768e+01
2.4127963875000e-02 -2.1032446940480e+01
2.4137963875000e-02 -2.1514937708659e+01
2.4147963875000e-02 -2.0585888467500e+01
2.4157963875000e-02 -2.0156497653717e+01
2.4167963875000e-02 -1.9585980519168e+01
2.4177963875000e-02 -1.7205396777699e+01
2.4187963875000e-02 -1.4010223404228e+01
2.4197963875000e-02 -1.2361331860471e+01
2.4207963875000e-02 -1.0322852034472e+01
2.4217963875000e-02 -9.3668314061134e+00
2.4227963875000e-02 -8.4362616910773e+00
2.4237963875000e-02 -7.4990199359865e+00
2.4247963875000e-02 -7.6562440065502e+00
2.4257963875000e-02 -8.3633346770222e+00
2.4267963875000e-02 -7.9769068622693e+00
2.4277963875000e-02 -8.9266349102116e+00
2.4287963875000e-02 -8.8949798758639e+00
2.4297963875000e-02 -8.6457846066889e+00
2.4307963875000e-02 -7.9267602447249e+00
2.4317963875000e-02 -7.5286355005234e+00
2.4327963875000e-02 -6.6721344581618e+00
2.4337963875000e-02 -6.0174588139163e+00
2.4347963875000e-02 -4.9100521215559e+00
2.4357963875000e-02 -3.5609783184038e+00
2.4367963875000e-02 -2.7433193687109e+00
2.4377963875000e-02 -1.3048301646021e+00
2.4387963875000e-02 -2.5231667799472e+00
2.4397963875000e-02 -1.1179870873513e+00
2.4407963875000e-02 1.4382102808717e+00
2.4417963875000e-02 1.0484717932306e+00
2.4427963875000e-02 7.8900495774061e-01
2.4437963875000e-02 4.7607931479795e+00
2.4447963875000e-02 2.9692167195801e+00
2.4457963875000e-02 6.8230961144743e-01
2.4467963875000e-02 3.1511457702633e+00
2.4477963875000e-02 3.3147412266276e+00
2.4487963875000e-02 3.1059433063566e+00
2.4497963875000e-02 5.9627968546142e+00
2.4507963875000e-02 8.3007665378051e+00
2.4517963875000e-02 8.4483830637113e+00
2.4527963875000e-02 9.7510247378914e+00
2.4537963875000e-02 8.8017197890243e+00
2.4547963875000e-02 8.8911677217924e+00
2.4557963875000e-02 8.6553678001735e+00
2.4567963875000e-02 8.7414524720169e+00
2.4577963875000e-02 8.6630387378851e+00
2.4587963875000e-02 8.6451746770040e+00
2.4597963875000e-02 8.9592624693628e+00
2.4607963875000e-02 9.7204936221071e+00
2.4617963875000e-02 1.0183630729388e+01
2.4627963875000e-02 1.1255933193696e+01
2.4637963875000e-02 1.1446401880855e+01
2.4647963875000e-02 1.2392865764404e+01
2.4657963875000e-02 1.2668759550761e+01
2.4667963875000e-02 1.3053632176817e+01
2.4677963875000e-02 1.4236696733551e+01
2.4687963875000e-02 1.4414453219278e+01
2.4697963875000e-02 1.4860753540517e+01
2.4707963875000e-02 1.5710741767391e+01
2.4717963875000e-02 1.6782153299037e+01
2.4727963875000e-02 1.7980674698447e+01
2.4737963875000e-02 1.8866324974446e+01
2.4747963875000e-02 1.9414577792012e+01
2.4757963875000e-02 1.9261456671189e+01
2.4767963875000e-02 2.0319217891171e+01
2.4777963875000e-02 1.9378883937438e+01
2.4787963875000e-02 1.8593689041123e+01
2.4797963875000e-02 1.7880314734873e+01
2.4807963875000e-02 1.6348667552103e+01
2.4817963875000e-02 1.6386691447057e+01
2.4827963875000e-02 1.4558487750119e+01
2.4837963875000e-02 1.3029896451953e+01
2.4847963875000e-02 1.1903152902143e+01
2.4857963875000e-02 1.1321103307811e+01
2.4867963875000e-02 1.0855397314823e+01
2.4877963875000e-02 9.3758439080597e+00
2.4887963875000e-02 8.6873590953726e+00
2.4897963875000e-02 8.1173223920215e+00
2.4907963875000e-02 6.9798508642202e+00
2.4917963875000e-02 5.8487443751064e+00
2.4927963875000e-02 4.8724836397848e+00
2.4937963875000e-02 3.1095394764127e+00
2.4947963875000e-02 2.2200438782049e+00
2.4957963875000e-02 1.1475563141607e+00
2.4967963875000e-02 -4.7244183616745e-01
2.4977963875000e-02 -1.8870202516396e+00
2.4987963875000e-02 -2.8221823397229e+00
2.4997963875000e-02 -3.6139085675410e+00
2.5007963875000e-02 -4.6704186492568e+00
2.5017963875000e-02 -6.1585356764983e+00
2.5027963875000e-02 -7.9781244669185e+00
2.5037963875000e-02 -9.1186961187773e+00
2.5047963875000e-02 -1.0668373136958e+01
2.5057963875000e-02 -1.2050086467030e+01
2.5067963875000e-02 -1.4315199251060e+01
2.5077963875000e-02 -1.5248187317517e+01
2.5087963875000e-02 -1.5435632919776e+01
2.5097963875000e-02 -1.6777330408281e+01
2.5107963875000e-02 -1.7637336132498e+01
2.5117963875000e-02 -1.8413216866897e+01
2.5127963875000e-02 -1.8759437652005e+01
2.5137963875000e-02 -1.8476955977452e+01
2.5147963875000e-02 -1.7801636119863e+01
2.5157963875000e-02 -1.7052775630845e+01
2.5167963875000e-02 -1.6738387246885e+01
2.5177963875000e-02 -1.6918532048267e+01
2.5187963875000e-02 -1.6389353500562e+01
2.5197963875000e-02 -1.6386880893147e+01
2.5207963875000e-02 -1.6720682830641e+01
2.5217963875000e-02 -1.7743436361056e+01
2.5227963875000e-02 -1.7939021638258e+01
2.5237963875000e-02 -1.7292563609670e+01
2.5247963875000e-02 -1.6819559654417e+01
2.5257963875000e-02 -1.6392301425565e+01
2.5267963875000e-02 -1.5949228530355e+01
2.5277963875000e-02 -1.4373409526759e+01
2.5287963875000e-02 -1.3384518764203e+01
2.5297963875000e-02 -1.3430740554039e+01
2.5307963875000e-02 -1.2361066755761e+01
2.5317963875000e-02 -1.0641056575779e+01
2.5327963875000e-02 -9.9194448090968e+00
2.5337963875000e-02 -9.5473385405847e+00
2.5347963875000e-02 -8.3959799846631e+00
2.5357963875000e-02 -7.7203705972975e+00
2.5367963875000e-02 -7.0388271616383e+00
2.5377963875000e-02 -6.7933526461204e+00
2.5387963875000e-02 -5.8517045398264e+00
2.5397963875000e-02 -5.7036981839974e+00
2.5407963875000e-02 -5.8721903030720e+00
2.5417963875000e-02 -5.4405221945059e+00
2.5427963875000e-02 -4.8352786936414e+00
2.5437963875000e-02 -4.5009309573169e+00
2.5447963875000e-02 -4.4388737301257e+00
2.5457963875000e-02 -4.3523027025851e+00
2.5467963875000e-02 -4.8624792376198e+00
2.5477963875000e-02 -5.0010737902408e+00
2.5487963875000e-02 -5.0398841064460e+00
2.5497963875000e-02 -5.1651778701258e+00
2.5507963875000e-02 -5.5401067073552e+00
2.5517963875000e-02 -5.8631046629762e+00
2.5527963875000e-02 -6.3712681634259e+00
2.5537963875000e-02 -6.6300964592158e+00
2.5547963875000e-02 -7.2523764807299e+00
2.5557963875000e-02 -6.5343902568828e+00
2.5567963875000e-02 -6.1753100078938e+00
2.5577963875000e-02 -5.6488593980680e+00
2.5587963875000e-02 -5.2054824646075e+00
2.5597963875000e-02 -4.5674642898383e+00
2.5607963875000e-02 -3.9563647189146e+00
2.5617963875000e-02 -2.8490267768709e+00
2.5627963875000e-02 -2.7798234351919e+00
2.5637963875000e-02 -2.4315172457167e+00
2.5647963875000e-02 -2.6536061043633e+00
2.5657963875000e-02 -3.4730823827258e+00
2.5667963875000e-02 -4.2394925798811e+00
2.5677963875000e-02 -6.8523309665942e+00
2.5687963875000e-02 -9.3161379458846e+00
2.5697963875000e-02 -1.0877124831886e+01
2.5707963875000e-02 -1.1336584121083e+01
2.5717963875000e-02 -1.0786114645958e+01
2.5727963875000e-02 -1.0912248267328e+01
2.5737963875000e-02 -9.5033451762187e+00
2.5747963875000e-02 -8.5530940252083e+00
2.5757963875000e-02 -7.5235714905039e+00
2.5767963875000e-02 -5.8794906291060e+00
2.5777963875000e-02 -4.9225968933830e+00
2.5787963875000e-02 -3.7032288570220e+00
2.5797963875000e-02 -1.6569929761952e+00
2.5807963875000e-02 4.9879531055811e-01
2.5817963875000e-02 2.0469355972578e+00
2.5827963875000e-02 3.3739544121341e+00
2.5837963875000e-02 5.1476694417880e+00
2.5847963875000e-02 6.4570896093344e+00
2.5857963875000e-02 7.6186178644037e+00
2.5867963875000e-02 7.9897275551688e+00
2.5877963875000e-02 7.8019129458284e+00
2.5887963875000e-02 7.5806160848629e+00
2.5897963875000e-02 7.3352376679115e+00
2.5907963875000e-02 6.0706869911436e+00
2.5917963875000e-02 5.8422521179222e+00
2.5927963875000e-02 4.9353950668622e+00
2.5937963875000e-02 3.9380588496191e+00
2.5947963875000e-02 2.9146769182648e+00
2.5957963875000e-02 2.3575547688111e+00
2.5967963875000e-02 1.9419574895132e+00
2.5977963875000e-02 5.5563683161159e-01
2.5987963875000e-02 -6.6892610303853e-01
2.5997963875000e-02 -1.8615762119464e-01
2.6007963875000e-02 -2.2689298385709e-01
2.6017963875000e-02 4.0441113044762e-01
2.6027963875000e-02 2.4786049306298e-01
2.6037963875000e-02 4.6712267158467e-01
2.6047963875000e-02 1.0641827874602e+00
2.6057963875000e-02 2.2173348049639e+00
2.6067963875000e-02 2.9751684821370e+00
2.6077963875000e-02 5.2650446525752e+00
2.6087963875000e-02 8.2402677235086e+00
2.6097963875000e-02 1.0502456251491e+01
2.6107963875000e-02 1.3002786252650e+01
2.6117963875000e-02 1.5319695725134e+01
2.6127963875000e-02 1.7451249973244e+01
2.6137963875000e-02 1.9321372218682e+01
2.6147963875000e-02 2.0905090388320e+01
2.6157963875000e-02 2.2372186293522e+01
2.6167963875000e-02 2.4045243454535e+01
2.6177963875000e-02 2.5714199947438e+01
2.6187963875000e-02 2.6205110028453e+01
2.6197963875000e-02 2.6842011864777e+01
2.6207963875000e-02 2.6965064461957e+01
2.6217963875000e-02 2.6615574870721e+01
2.6227963875000e-02 2.5060943608938e+01
2.6237963875000e-02 2.3690485191930e+01
2.6247963875000e-02 2.2451001840076e+01
2.6257963875000e-02 1.9200587637639e+01
2.6267963875000e-02 1.8059838935891e+01
2.6277963875000e-02 1.5017505368024e+01
2.6287963875000e-02 1.0783884423242e+01
2.6297963875000e-02 8.0162467979159e+00
2.6307963875000e-02 5.2680951072624e+00
2.6317963875000e-02 2.4554122507039e+00
2.6327963875000e-02 3.8826239428346e-02
2.6337963875000e-02 -1.4482047069403e-01
2.6347963875000e-02 -1.9372149974431e+00
2.6357963875000e-02 -1.5513979085440e+00
2.6367963875000e-02 -1.8378725452732e+00
2.6377963875000e-02 -3.0764042041002e+00
2.6387963875000e-02 -2.9488643900315e+00
2.6397963875000e-02 -3.7936757354256e+00
2.6407963875000e-02 -4.7808665259480e+00
2.6417963875000e-02 -4.6958717523946e+00
2.6427963875000e-02 -5.2271376708984e+00
2.6437963875000e-02 -5.3440885984523e+00
2.6447963875000e-02 -5.5029210846682e+00
2.6457963875000e-02 -4.8095372366882e+00
2.6467963875000e-02 -4.7653110898570e+00
2.6477963875000e-02 -4.6914456901267e+00
2.6487963875000e-02 -4.9628872216238e+00
2.6497963875000e-02 -5.8307610596090e+00
2.6507963875000e-02 -6.7144971421395e+00
2.6517963875000e-02 -7.1773072320922e+00
2.6527963875000e-02 -7.7245544541249e+00
2.6537963875000e-02 -8.4779891875049e+00
2.6547963875000e-02 -8.9740269185808e+00
2.6557963875000e-02 -1.0408199237578e+01
2.6567963875000e-02 -1.0971597757697e+01
2.6577963875000e-02 -1.1630118709592e+01
2.6587963875000e-02 -1.1980230232013e+01
2.6597963875000e-02 -1.2807865043826e+01
2.6607963875000e-02 -1.3412416901279e+01
2.6617963875000e-02 -1.4962714573040e+01
2.6627963875000e-02 -1.4688542351647e+01
2.6637963875000e-02 -1.5762089535661e+01
2.6647963875000e-02 -1.3846281653367e+01
2.6657963875000e-02 -1.4474045278643e+01
2.6667963875000e-02 -1.3272686002851e+01
2.6677963875000e-02 -1.4901299021060e+01
2.6687963875000e-02 -1.3406364926104e+01
2.6697963875000e-02 -1.5200603844216e+01
2.6707963875000e-02 -1.3828485410232e+01
2.6717963875000e-02 -1.2543818556880e+01
2.6727963875000e-02 -1.1940123879092e+01
2.6737963875000e-02 -1.3423637889870e+01
2.6747963875000e-02 -1.3641700378124e+01
2.6757963875000e-02 -1.2500801590392e+01
2.6767963875000e-02 -1.2090566974622e+01
2.6777963875000e-02 -1.1819782587444e+01
2.6787963875000e-02 -1.2155819338520e+01
2.6797963875000e-02 -1.1544956479152e+01
2.6807963875000e-02 -1.1037523771472e+01
2.6817963875000e-02 -1.1298304072803e+01
2.6827963875000e-02 -1.0707996023270e+01
2.6837963875000e-02 -8.2357047017621e+00
2.6847963875000e-02 -7.7085891349053e+00
2.6857963875000e-02 -6.8237944391217e+00
2.6867963875000e-02 -6.7228810959870e+00
2.6877963875000e-02 -5.6683017917510e+00
2.6887963875000e-02 -4.5129494127252e+00
2.6897963875000e-02 -3.8953017039685e+00
2.6907963875000e-02 -3.3033944908108e+00
2.6917963875000e-02 -2.5984461369369e+00
2.6927963875000e-02 -1.3183723096704e+00
2.6937963875000e-02 -6.6426323853139e-01
2.6947963875000e-02 -4.9728152231804e-01
2.6957963875000e-02 6.6208683642460e-01
2.6967963875000e-02 6.2606437981659e-01
2.6977963875000e-02 2.0656089581351e+00
2.6987963875000e-02 3.0637733119141e+00
2.6997963875000e-02 3.6745347406497e+00
2.7007963875000e-02 3.5418050412072e+00
2.7017963875000e-02 3.5134637409042e+00
2.7027963875000e-02 4.2920768674965e+00
2.7037963875000e-02 4.4609677198803e+00
2.7047963875000e-02 4.2276545445826e+00
2.7057963875000e-02 4.1380882506386e+00
2.7067963875000e-02 4.6539226567045e+00
2.7077963875000e-02 5.2581007932256e+00
2.7087963875000e-02 5.7387676678256e+00
2.7097963875000e-02 5.5325381101416e+00
2.7107963875000e-02 5.2546279967644e+00
2.7117963875000e-02 5.1884199483226e+00
2.7127963875000e-02 5.5769603287080e+00
2.7137963875000e-02 6.2878197509202e+00
2.7147963875000e-02 7.6952364791240e+00
2.7157963875000e-02 9.0533221990440e+00
2.7167963875000e-02 9.5181075929269e+00
2.7177963875000e-02 1.0904928852952e+01
2.7187963875000e-02 1.1780113105351e+01
2.7197963875000e-02 1.3003272982903e+01
2.7207963875000e-02 1.5101962147438e+01
2.7217963875000e-02 1.7053181119957e+01
2.7227963875000e-02 1.8372153838019e+01
2.7237963875000e-02 2.0184321084595e+01
2.7247963875000e-02 2.1465973008299e+01
2.7257963875000e-02 2.1804101691586e+01
2.7267963875000e-02 2.2494603469343e+01
2.7277963875000e-02 2.2869975123981e+01
2.7287963875000e-02 2.3195248506036e+01
2.7297963875000e-02 2.2955805199708e+01
2.7307963875000e-02 2.3306189692460e+01
2.7317963875000e-02 2.3244509563100e+01
2.7327963875000e-02 2.2514656046988e+01
2.7337963875000e-02 2.1804296854489e+01
2.7347963875000e-02 2.0224556739754e+01
2.7357963875000e-02 1.9199919135316e+01
2.7367963875000e-02 1.8345291203246e+01
2.7377963875000e-02 1.6208912071577e+01
2.7387963875000e-02 1.5115523794762e+01
2.7397963875000e-02 1.3764675924930e+01
2.7407963875000e-02 1.1880980103704e+01
2.7417963875000e-02 1.0615843129784e+01
2.7427963875000e-02 7.6697179145976e+00
2.7437963875000e-02 6.6883964874604e+00
2.7447963875000e-02 5.1686601081241e+00
2.7457963875000e-02 3.1520384603504e+00
2.7467963875000e-02 2.0390674439790e+00
2.7477963875000e-02 6.4264589845698e-01
2.7487963875000e-02 -6.1483119887692e-01
2.7497963875000e-02 -2.2663347110031e+00
2.7507963875000e-02 -3.5541337138315e+00
2.7517963875000e-02 -4.2046433684559e+00
2.7527963875000e-02 -6.1473495889855e+00
2.7537963875000e-02 -7.1835137518902e+00
2.7547963875000e-02 -8.1662528500403e+00
2.7557963875000e-02 -8.3419345885191e+00
2.7567963875000e-02 -9.6286133983757e+00
2.7577963875000e-02 -1.0115604364844e+01
2.7587963875000e-02 -1.0676795716209e+01
2.7597963875000e-02 -1.1531583260419e+01
2.7607963875000e-02 -1.2449593472116e+01
2.7617963875000e-02 -1.3991329502621e+01
2.7627963875000e-02 -1.4925866941287e+01
2.7637963875000e-02 -1.6486556548613e+01
2.7647963875000e-02 -1.7115710263105e+01
2.7657963875000e-02 -1.7463369990855e+01
2.7667963875000e-02 -1.7566912573651e+01
2.7677963875000e-02 -1.7396281562554e+01
2.7687963875000e-02 -1.6927031873102e+01
2.7697963875000e-02 -1.5892532233358e+01
2.7707963875000e-02 -1.5751928390335e+01
2.7717963875000e-02 -1.4715692909783e+01
2.7727963875000e-02 -1.4334071800097e+01
2.7737963875000e-02 -1.4470457583721e+01
2.7747963875000e-02 -1.4321638159738e+01
2.7757963875000e-02 -1.4771722173359e+01
2.7767963875000e-02 -1.4369206809699e+01
2.7777963875000e-02 -1.5245664357670e+01
2.7787963875000e-02 -1.6013250438388e+01
2.7797963875000e-02 -1.7029077237031e+01
2.7807963875000e-02 -1.7065415233850e+01
2.7817963875000e-02 -1.7030814032499e+01
2.7827963875000e-02 -1.5264066416820e+01
2.7837963875000e-02 -1.4807646262966e+01
2.7847963875000e-02 -1.4613735773774e+01
2.7857963875000e-02 -1.2983929054075e+01
2.7867963875000e-02 -1.1902774631972e+01
2.7877963875000e-02 -1.1098578173141e+01
2.7887963875000e-02 -9.4628032455593e+00
2.7897963875000e-02 -7.5756925491179e+00
2.7907963875000e-02 -7.8961990814509e+00
2.7917963875000e-02 -1.0658755663134e+01
2.7927963875000e-02 -9.3338554524832e+00
2.7937963875000e-02 -7.3335105193974e+00
2.7947963875000e-02 -7.5377752472926e+00
2.7957963875000e-02 -5.6966676707727e+00
2.7967963875000e-02 6.7373431092991e-01
2.7977963875000e-02 6.3855643541610e-01
2.7987963875000e-02 -3.6232429499565e+00
2.7997963875000e-02 -3.2727050514283e+00
2.8007963875000e-02 -4.1839477064154e+00
2.8017963875000e-02 -9.4902082556765e+00
2.8027963875000e-02 -8.2439261467061e+00
2.8037963875000e-02 -4.7633595023776e+00
2.8047963875000e-02 -4.1915212029051e+00
2.8057963875000e-02 -3.2318817459165e+00
2.8067963875000e-02 -1.2481708068721e+00
2.8077963875000e-02 2.7785598093092e-01
2.8087963875000e-02 1.5462272897828e+00
2.8097963875000e-02 1.5525186622712e+00
2.8107963875000e-02 3.0587571813033e+00
2.8117963875000e-02 4.7930664613778e+00
2.8127963875000e-02 6.9274475008411e+00
2.8137963875000e-02 7.9602019896426e+00
2.8147963875000e-02 9.7368223776082e+00
2.8157963875000e-02 1.0866316176989e+01
2.8167963875000e-02 1.1422887370857e+01
2.8177963875000e-02 1.1740931045646e+01
2.8187963875000e-02 1.1782562841141e+01
2.8197963875000e-02 1.1039873758704e+01
2.8207963875000e-02 1.1351212241578e+01
2.8217963875000e-02 9.6839032687135e+00
2.8227963875000e-02 1.0094142441857e+01
2.8237963875000e-02 9.6964609063671e+00
2.8247963875000e-02 9.7958378463726e+00
2.8257963875000e-02 1.0156373230083e+01
2.8267963875000e-02 1.0318130403076e+01
2.8277963875000e-02 1.0951119411437e+01
2.8287963875000e-02 1.1949679883236e+01
2.8297963875000e-02 1.4044722027711e+01
2.8307963875000e-02 1.5992478531951e+01
2.8317963875000e-02 1.7068717714451e+01
2.8327963875000e-02 1.8894494981207e+01
2.8337963875000e-02 2.0647446864972e+01
2.8347963875000e-02 2.1806209016004e+01
2.8357963875000e-02 2.2855036083511e+01
2.8367963875000e-02 2.3786972758903e+01
2.8377963875000e-02 2.3639358975728e+01
2.8387963875000e-02 2.3396771561905e+01
2.8397963875000e-02 2.2921719342602e+01
2.8407963875000e-02 2.2254364590671e+01
2.8417963875000e-02 2.1283094582489e+01
2.8427963875000e-02 2.0867957838492e+01
2.8437963875000e-02 1.9594494648883e+01
2.8447963875000e-02 1.8350234667313e+01
2.8457963875000e-02 1.7246060569794e+01
2.8467963875000e-02 1.5299282903291e+01
2.8477963875000e-02 1.4266098421702e+01
2.8487963875000e-02 1.3531507590670e+01
2.8497963875000e-02 1.1010806444388e+01
2.8507963875000e-02 1.0275168144018e+01
2.8517963875000e-02 1.0210127696248e+01
2.8527963875000e-02 8.2290000256276e+00
2.8537963875000e-02 6.7521623701042e+00
2.8547963875000e-02 5.6470829104321e+00
2.8557963875000e-02 4.2549814749884e+00
2.8567963875000e-02 3.0534863134005e+00
2.8577963875000e-02 2.2639038291683e+00
2.8587963875000e-02 6.0916222408919e-01
2.8597963875000e-02 -3.3058648407288e-01
2.8607963875000e-02 -2.3077080808162e+00
2.8617963875000e-02 -3.8859781355265e+00
2.8627963875000e-02 -4.7675776756998e+00
2.8637963875000e-02 -6.6210902734254e+00
2.8647963875000e-02 -7.6063872735132e+00
2.8657963875000e-02 -9.1537857512787e+00
2.8667963875000e-02 -1.0185974261375e+01
2.8677963875000e-02 -1.2184136142122e+01
2.8687963875000e-02 -1.3433453609707e+01
2.8697963875000e-02 -1.4279984188813e+01
2.8707963875000e-02 -1.5433041451671e+01
2.8717963875000e-02 -1.7139451346650e+01
2.8727963875000e-02 -1.7994186245006e+01
2.8737963875000e-02 -1.8054062189973e+01
2.8747963875000e-02 -1.9884403267858e+01
2.8757963875000e-02 -2.0817415488028e+01
2.8767963875000e-02 -2.0435618012784e+01
2.8777963875000e-02 -2.0379944046599e+01
2.8787963875000e-02 -2.1320313896378e+01
2.8797963875000e-02 -2.3130350380947e+01
2.8807963875000e-02 -2.3076662897204e+01
2.8817963875000e-02 -2.2053820980075e+01
2.8827963875000e-02 -2.2586942136885e+01
2.8837963875000e-02 -2.2962784495952e+01
2.8847963875000e-02 -2.3605670122666e+01
2.8857963875000e-02 -2.1797565515265e+01
2.8867963875000e-02 -2.1176876495863e+01
2.8877963875000e-02 -2.0004062146559e+01
2.8887963875000e-02 -1.9277200558130e+01
2.8897963875000e-02 -1.7705485963944e+01
2.8907963875000e-02 -1.5948734328493e+01
2.8917963875000e-02 -1.4127373144049e+01
2.8927963875000e-02 -1.1885517249769e+01
2.8937963875000e-02 -1.0017059045684e+01
2.8947963875000e-02 -7.6464533912947e+00
2.8957963875000e-02 -6.0353771090284e+00
2.8967963875000e-02 -4.4619340711613e+00
2.8977963875000e-02 -3.1148601950796e+00
2.8987963875000e-02 -1.2082402097486e+00
2.8997963875000e-02 2.5698295645749e-01
2.9007963875000e-02 1.4871198436558e+00
2.9017963875000e-02 2.6191073033225e+00
2.9027963875000e-02 2.6373630928581e+00
2.9037963875000e-02 4.2084017781493e+00
2.9047963875000e-02 5.4455508593752e+00
2.9057963875000e-02 7.6768402802658e+00
2.9067963875000e-02 8.2104477364111e+00
2.9077963875000e-02 9.4936131145315e+00
2.9087963875000e-02 1.0286193394045e+01
2.9097963875000e-02 1.1140280720411e+01
2.9107963875000e-02 1.2131479296605e+01
2.9117963875000e-02 1.4088667063757e+01
2.9127963875000e-02 1.4918615924240e+01
2.9137963875000e-02 1.5808311939849e+01
2.9147963875000e-02 1.6505395067149e+01
2.9157963875000e-02 1.7457143442224e+01
2.9167963875000e-02 1.7833381329106e+01
2.9177963875000e-02 1.8124908935273e+01
2.9187963875000e-02 1.8944166988384e+01
2.9197963875000e-02 1.9215850879382e+01
2.9207963875000e-02 1.9197635238749e+01
2.9217963875000e-02 2.0043334074584e+01
2.9227963875000e-02 2.1075616949114e+01
2.9237963875000e-02 2.1672921703063e+01
2.9247963875000e-02 2.1496251007173e+01
2.9257963875000e-02 2.0932508271987e+01
2.9267963875000e-02 2.0101115046712e+01
2.9277963875000e-02 1.9823910991341e+01
2.9287963875000e-02 1.9020939090907e+01
2.9297963875000e-02 1.8097189658875e+01
2.9307963875000e-02 1.7507986857709e+01
2.9317963875000e-02 1.5543754736976e+01
2.9327963875000e-02 1.4359096218221e+01
2.9337963875000e-02 1.3074243547045e+01
2.9347963875000e-02 1.0983853307822e+01
2.9357963875000e-02 9.8576859766224e+00
2.9367963875000e-02 8.2712279698147e+00
2.9377963875000e-02 6.8652078322830e+00
2.9387963875000e-02 5.5727238523032e+00
2.9397963875000e-02 3.8853697598335e+00
2.9407963875000e-02 2.4582559807792e+00
2.9417963875000e-02 5.0413901769763e-01
2.9427963875000e-02 -2.7532477281962e-01
2.9437963875000e-02 -6.8826662833033e-01
2.9447963875000e-02 -3.1339393914366e+00
2.9457963875000e-02 -5.1569485877368e+00
2.9467963875000e-02 -5.8252091288504e+00
2.9477963875000e-02 -8.9425238345649e+00
2.9487963875000e-02 -9.6361301199101e+00
2.9497963875000e-02 -1.0429813083438e+01
2.9507963875000e-02 -1.1634440212055e+01
2.9517963875000e-02 -1.2998590446817e+01
2.9527963875000e-02 -1.5177306451144e+01
2.9537963875000e-02 -1.5184816754096e+01
2.9547963875000e-02 -1.6135148283629e+01
2.9557963875000e-02 -1.7880993741028e+01
2.9567963875000e-02 -1.8444842584229e+01
2.9577963875000e-02 -1.9166941040559e+01
2.9587963875000e-02 -1.9077080168878e+01
2.9597963875000e-02 -1.8871484201676e+01
2.9607963875000e-02 -1.8922725362672e+01
2.9617963875000e-02 -1.9784831680297e+01
2.9627963875000e-02 -2.0334513454356e+01
2.9637963875000e-02 -2.0978051606912e+01
2.9647963875000e-02 -2.0000288036118e+01
2.9657963875000e-02 -1.9117947344203e+01
2.9667963875000e-02 -1.9373377608577e+01
2.9677963875000e-02 -2.0407663941637e+01
2.9687963875000e-02 -2.0002047652812e+01
2.9697963875000e-02 -2.0192193273264e+01
2.9707963875000e-02 -1.9530195374182e+01
2.9717963875000e-02 -1.8257503254202e+01
2.9727963875000e-02 -1.8201035899158e+01
2.9737963875000e-02 -1.7004798482194e+01
2.9747963875000e-02 -1.5223671965519e+01
2.9757963875000e-02 -1.2354620745144e+01
2.9767963875000e-02 -1.2184376946036e+01
2.9777963875000e-02 -1.2000045809097e+01
2.9787963875000e-02 -1.0495531399127e+01
2.9797963875000e-02 -8.4897405401235e+00
2.9807963875000e-02 -7.4998674025979e+00
2.9817963875000e-02 -6.4671121187812e+00
2.9827963875000e-02 -4.7201070708993e+00
2.9837963875000e-02 -4.0068824446492e+00
2.9847963875000e-02 -3.4645274748540e+00
2.9857963875000e-02 -2.9826209387717e+00
2.9867963875000e-02 -9.5085852057257e-01
2.9877963875000e-02 -7.2913793268529e-02
2.9887963875000e-02 2.1110378947665e+00
2.9897963875000e-02 3.6595887525985e+00
2.9907963875000e-02 5.2600847282299e+00
2.9917963875000e-02 6.3980779798676e+00
2.9927963875000e-02 6.8246222847405e+00
2.9937963875000e-02 7.9320150844825e+00
2.9947963875000e-02 9.7471139680963e+00
2.9957963875000e-02 1.0958849070429e+01
2.9967963875000e-02 1.2315756439422e+01
2.9977963875000e-02 1.4052077938311e+01
2.9987963875000e-02 1.6512519419511e+01
2.9997963875000e-02 1.8958875036162e+01
3.0007963875000e-02 2.0463852961300e+01
3.0017963875000e-02 2.1581758686217e+01
3.0027963875000e-02 2.3150095656184e+01
3.0037963875000e-02 2.4660225036868e+01
3.0047963875000e-02 2.5730694800282e+01
3.0057963875000e-02 2.5098593515687e+01
3.0067963875000e-02 2.5590013726380e+01
3.0077963875000e-02 2.5107254288573e+01
3.0087963875000e-02 2.2922942650555e+01
3.0097963875000e-02 2.0932335611140e+01
3.0107963875000e-02 2.2322246527780e+01
3.0117963875000e-02 2.0571628844091e+01
3.0127963875000e-02 2.2000069389210e+01
3.0137963875000e-02 2.0972846641959e+01
3.0147963875000e-02 2.0064219895554e+01
3.0157963875000e-02 1.5854470682744e+01
3.0167963875000e-02 1.4006081529679e+01
3.0177963875000e-02 1.0021513823027e+01
3.0187963875000e-02 9.5157745387877e+00
3.0197963875000e-02 7.1376794017648e+00
3.0207963875000e-02 5.6937108874822e+00
3.0217963875000e-02 4.7033763015886e+00
3.0227963875000e-02 2.9536962800773e+00
3.0237963875000e-02 2.2400652688916e+00
3.0247963875000e-02 1.8910232231157e+00
3.0257963875000e-02 9.5253279336064e-01
3.0267963875000e-02 -3.2697039683370e-01
3.0277963875000e-02 -9.1977919184198e-01
3.0287963875000e-02 -1.0244987933813e+00
3.0297963875000e-02 -1.6988093484589e+00
3.0307963875000e-02 -2.2282352678338e+00
3.0317963875000e-02 -2.9562060266593e+00
3.0327963875000e-02 -4.0292543603184e+00
3.0337963875000e-02 -4.4840668523597e+00
3.0347963875000e-02 -5.1859873305455e+00
3.0357963875000e-02 -6.3738541846862e+00
3.0367963875000e-02 -7.2381663796306e+00
3.0377963875000e-02 -8.3693939638796e+00
3.0387963875000e-02 -9.6337394417397e+00
3.0397963875000e-02 -1.1319294816839e+01
3.0407963875000e-02 -1.1878451458754e+01
3.0417963875000e-02 -1.2818647516297e+01
3.0427963875000e-02 -1.3896242454162e+01
3.0437963875000e-02 -1.5311040025181e+01
3.0447963875000e-02 -1.6267699954875e+01
3.0457963875000e-02 -1.6808172693286e+01
3.0467963875000e-02 -1.7242505940884e+01
3.0477963875000e-02 -1.7865556574523e+01
3.0487963875000e-02 -1.8384413162384e+01
3.0497963875000e-02 -1.8975058043608e+01
3.0507963875000e-02 -1.9345178371326e+01
3.0517963875000e-02 -2.0109581282033e+01
3.0527963875000e-02 -2.1452665591483e+01
3.0537963875000e-02 -2.2932618641229e+01
3.0547963875000e-02 -2.3153193909043e+01
3.0557963875000e-02 -2.2672703751155e+01
3.0567963875000e-02 -2.1433306482460e+01
3.0577963875000e-02 -2.0803557345281e+01
3.0587963875000e-02 -2.0343731329941e+01
3.0597963875000e-02 -1.8358238426373e+01
3.0607963875000e-02 -1.6992755635767e+01
3.0617963875000e-02 -1.4494950962603e+01
3.0627963875000e-02 -1.2249584288841e+01
3.0637963875000e-02 -9.7912456248748e+00
3.0647963875000e-02 -6.8069279304624e+00
3.0657963875000e-02 -4.7794974913520e+00
3.0667963875000e-02 -3.4245401973269e+00
3.0677963875000e-02 -1.8568310356448e+00
3.0687963875000e-02 -1.8816285703412e+00
3.0697963875000e-02 -3.3724071158314e-01
3.0707963875000e-02 1.4930486163566e+00
3.0717963875000e-02 3.2251165989640e+00
3.0727963875000e-02 4.3741208404367e+00
3.0737963875000e-02 4.6819218531480e+00
3.0747963875000e-02 6.4999594186050e+00
3.0757963875000e-02 8.1285163189434e+00
3.0767963875000e-02 9.1083698139263e+00
3.0777963875000e-02 1.0416671179345e+01
3.0787963875000e-02 1.1372369570888e+01
3.0797963875000e-02 1.2792102237983e+01
3.0807963875000e-02 1.4447233815641e+01
3.0817963875000e-02 1.4941794424945e+01
3.0827963875000e-02 1.5674320358521e+01
3.0837963875000e-02 1.6581569934893e+01
3.0847963875000e-02 1.7339463121499e+01
3.0857963875000e-02 1.8281726406359e+01
3.0867963875000e-02 1.9482272008940e+01
3.0877963875000e-02 2.0201152797321e+01
3.0887963875000e-02 2.0712736865770e+01
3.0897963875000e-02 2.0511086458149e+01
3.0907963875000e-02 2.1227851191770e+01
3.0917963875000e-02 2.0571448188382e+01
3.0927963875000e-02 1.9722100321250e+01
3.0937963875000e-02 2.0703418209907e+01
3.0947963875000e-02 2.0756214787060e+01
3.0957963875000e-02 1.9411329427770e+01
3.0967963875000e-02 1.8166979877482e+01
3.0977963875000e-02 1.8145257162064e+01
3.0987963875000e-02 1.6667900567285e+01
3.0997963875000e-02 1.5990385030890e+01
3.1007963875000e-02 1.3550136587283e+01
3.1017963875000e-02 1.2285291256849e+01
3.1027963875000e-02 1.0010690134889e+01
3.1037963875000e-02 7.8297368849707e+00
3.1047963875000e-02 6.0702032386195e+00
3.1057963875000e-02 4.4992714388554e+00
3.1067963875000e-02 2.3565600173692e+00
3.1077963875000e-02 2.2013530943498e+00
3.1087963875000e-02 8.5063149147088e-01
3.1097963875000e-02 -4.2116486088106e-01
3.1107963875000e-02 -1.1719400152530e+00
3.1117963875000e-02 -2.8651363801815e+00
3.1127963875000e-02 -3.3649771842108e+00
3.1137963875000e-02 -4.2955760331141e+00
3.1147963875000e-02 -4.6121363966909e+00
3.1157963875000e-02 -4.6742701213392e+00
3.1167963875000e-02 -4.8151181550952e+00
3.1177963875000e-02 -5.2235708234677e+00
3.1187963875000e-02 -5.4608185240947e+00
3.1197963875000e-02 -5.4518450699631e+00
3.1207963875000e-02 -6.0971119557670e+00
3.1217963875000e-02 -7.4415475454947e+00
3.1227963875000e-02 -7.6008290810509e+00
3.1237963875000e-02 -8.4267929646999e+00
3.1247963875000e-02 -9.2804242321401e+00
3.1257963875000e-02 -1.0034325980401e+01
3.1267963875000e-02 -1.0088837984186e+01
3.1277963875000e-02 -9.9257585007848e+00
3.1287963875000e-02 -1.0104652326656e+01
3.1297963875000e-02 -8.9974453604163e+00
3.1307963875000e-02 -8.8151295115016e+00
3.1317963875000e-02 -9.5024040431513e+00
3.1327963875000e-02 -9.9294661651982e+00
3.1337963875000e-02 -1.0938093678775e+01
3.1347963875000e-02 -1.2025993771159e+01
3.1357963875000e-02 -1.3919803292561e+01
3.1367963875000e-02 -1.6490931761498e+01
3.1377963875000e-02 -1.8357610698031e+01
3.1387963875000e-02 -2.0393759009756e+01
3.1397963875000e-02 -2.2404702568223e+01
3.1407963875000e-02 -2.4309365267298e+01
3.1417963875000e-02 -2.5161262994395e+01
3.1427963875000e-02 -2.4996060074816e+01
3.1437963875000e-02 -2.4044119614029e+01
3.1447963875000e-02 -2.3439892038085e+01
3.1457963875000e-02 -2.3160456277731e+01
3.1467963875000e-02 -2.2365992233071e+01
3.1477963875000e-02 -2.0194142137552e+01
3.1487963875000e-02 -1.9475240142330e+01
3.1497963875000e-02 -1.8033498839966e+01
3.1507963875000e-02 -1.6855623533990e+01
3.1517963875000e-02 -1.5174945503911e+01
3.1527963875000e-02 -1.1989742065294e+01
3.1537963875000e-02 -1.1448215042221e+01
3.1547963875000e-02 -9.8995732967019e+00
3.1557963875000e-02 -8.7680314541168e+00
3.1567963875000e-02 -6.7491232980861e+00
3.1577963875000e-02 -5.0184222506649e+00
3.1587963875000e-02 -4.1586876005949e+00
3.1597963875000e-02 -1.7919911034208e+00
3.1607963875000e-02 -3.3915856105758e-01
3.1617963875000e-02 9.0013211254487e-01
3.1627963875000e-02 1.5279831502507e+00
3.1637963875000e-02 2.2375468488582e+00
3.1647963875000e-02 3.0353494197736e+00
3.1657963875000e-02 3.8945892962406e+00
3.1667963875000e-02 4.7662514146707e+00
3.1677963875000e-02 7.0006587231250e+00
3.1687963875000e-02 8.0892794672613e+00
3.1697963875000e-02 8.2208134972515e+00
3.1707963875000e-02 1.0668687527246e+01
3.1717963875000e-02 1.1250349149598e+01
3.1727963875000e-02 1.0290971718110e+01
3.1737963875000e-02 1.0664809851988e+01
3.1747963875000e-02 1.2207830305180e+01
3.1757963875000e-02 1.0579070449848e+01
3.1767963875000e-02 1.0907007643229e+01
3.1777963875000e-02 1.2023847036677e+01
3.1787963875000e-02 1.2981309983476e+01
3.1797963875000e-02 1.3827647076080e+01
3.1807963875000e-02 1.4769923336314e+01
3.1817963875000e-02 1.6460944786925e+01
3.1827963875000e-02 1.7986531377623e+01
3.1837963875000e-02 1.9566585836417e+01
3.1847963875000e-02 2.2032756923915e+01
3.1857963875000e-02 2.4255969439551e+01
3.1867963875000e-02 2.5652127164562e+01
3.1877963875000e-02 2.6955507116151e+01
3.1887963875000e-02 2.7415620934853e+01
3.1897963875000e-02 2.5720718069295e+01
3.1907963875000e-02 2.3966293114261e+01
3.1917963875000e-02 2.3418096330572e+01
3.1927963875000e-02 2.1530202851811e+01
3.1937963875000e-02 2.0203703571066e+01
3.1947963875000e-02 1.7871465988047e+01
3.1957963875000e-02 1.4450374626565e+01
3.1967963875000e-02 1.2300744162931e+01
3.1977963875000e-02 1.1179143337273e+01
3.1987963875000e-02 9.3003815370156e+00
3.1997963875000e-02 6.1104922228081e+00
3.2007963875000e-02 4.9151447549341e+00
3.2017963875000e-02 2.4922867847491e+00
3.2027963875000e-02 1.3332056838296e+00
3.2037963875000e-02 -1.5099534963428e+00
3.2047963875000e-02 -2.5849473603970e+00
3.2057963875000e-02 -3.2928435926063e+00
3.2067963875000e-02 -5.2645682078225e+00
3.2077963875000e-02 -7.7646907091965e+00
3.2087963875000e-02 -9.4300469063763e+00
3.2097963875000e-02 -1.1072836543615e+01
3.2107963875000e-02 -1.1073223638927e+01
3.2117963875000e-02 -1.1558733854736e+01
3.2127963875000e-02 -1.1482380376812e+01
3.2137963875000e-02 -1.2027993521343e+01
3.2147963875000e-02 -1.2460938848003e+01
3.2157963875000e-02 -1.3633906959772e+01
3.2167963875000e-02 -1.3583365767175e+01
3.2177963875000e-02 -1.3686476502942e+01
3.2187963875000e-02 -1.5039272034372e+01
3.2197963875000e-02 -1.5271238980411e+01
3.2207963875000e-02 -1.5465307093632e+01
3.2217963875000e-02 -1.5160125042365e+01
3.2227963875000e-02 -1.5506646389041e+01
3.2237963875000e-02 -1.5651321367865e+01
3.2247963875000e-02 -1.5288251307467e+01
3.2257963875000e-02 -1.5522508311196e+01
3.2267963875000e-02 -1.5888330643564e+01
3.2277963875000e-02 -1.4053456834740e+01
3.2287963875000e-02 -1.4435511158739e+01
3.2297963875000e-02 -1.5129322710249e+01
3.2307963875000e-02 -1.4496255434104e+01
3.2317963875000e-02 -1.3938669959617e+01
3.2327963875000e-02 -1.3313205947901e+01
3.2337963875000e-02 -1.3312241075232e+01
3.2347963875000e-02 -1.2607518334319e+01
3.2357963875000e-02 -1.1202568061568e+01
3.2367963875000e-02 -1.1988843903486e+01
3.2377963875000e-02 -1.1774975795544e+01
3.2387963875000e-02 -1.1685324853735e+01
3.2397963875000e-02 -1.1292117934429e+01
3.2407963875000e-02 -1.0197200456205e+01
3.2417963875000e-02 -1.1062143706615e+01
3.2427963875000e-02 -1.1604408349759e+01
3.2437963875000e-02 -1.0633290385674e+01
3.2447963875000e-02 -9.5353381688044e+00
3.2457963875000e-02 -8.3009328304730e+00
3.2467963875000e-02 -7.1310227177595e+00
3.2477963875000e-02 -5.4917427229153e+00
3.2487963875000e-02 -3.6729851309286e+00
3.2497963875000e-02 -2.2923107331249e+00
3.2507963875000e-02 -1.3975143153305e+00
3.2517963875000e-02 -4.6610011980247e-01
3.2527963875000e-02 2.3241099027972e-01
3.2537963875000e-02 1.8086420534830e+00
3.2547963875000e-02 2.1891348817536e+00
3.2557963875000e-02 2.2965468654321e+00
3.2567963875000e-02 2.9859883854984e+00
3.2577963875000e-02 3.1739227327652e+00
3.2587963875000e-02 3.4445880534481e+00
3.2597963875000e-02 3.5845348836617e+00
3.2607963875000e-02 3.4107467826110e+00
3.2617963875000e-02 3.9039029294003e+00
3.2627963875000e-02 3.3311900755449e+00
3.2637963875000e-02 3.0640472320353e+00
3.2647963875000e-02 2.7278758318478e+00
3.2657963875000e-02 2.2115022975208e+00
3.2667963875000e-02 2.1758161135191e+00
3.2677963875000e-02 2.7020519815762e+00
3.2687963875000e-02 3.5349530407580e+00
3.2697963875000e-02 4.7986250570902e+00
3.2707963875000e-02 6.5281806903491e+00
3.2717963875000e-02 8.0575467435828e+00
3.2727963875000e-02 9.7017328285986e+00
3.2737963875000e-02 1.1351527602262e+01
3.2747963875000e-02 1.2955859087921e+01
3.2757963875000e-02 1.4621246970111e+01
3.2767963875000e-02 1.6601714086750e+01
3.2777963875000e-02 1.8889855791077e+01
3.2787963875000e-02 2.1342561917637e+01
3.2797963875000e-02 2.3336786691304e+01
3.2807963875000e-02 2.4677234743706e+01
3.2817963875000e-02 2.5505778028795e+01
3.2827963875000e-02 2.6128310429493e+01
3.2837963875000e-02 2.5966029037930e+01
3.2847963875000e-02 2.5535167468773e+01
3.2857963875000e-02 2.4109284105892e+01
3.2867963875000e-02 2.3631792828557e+01
3.2877963875000e-02 2.2006861301258e+01
3.2887963875000e-02 2.1273173246811e+01
3.2897963875000e-02 1.9795229976794e+01
3.2907963875000e-02 1.8994254218181e+01
3.2917963875000e-02 1.7132317044585e+01
3.2927963875000e-02 1.5121496306364e+01
3.2937963875000e-02 1.3179172076005e+01
3.2947963875000e-02 1.0356469748509e+01
3.2957963875000e-02 8.9567749032661e+00
3.2967963875000e-02 6.5485778795185e+00
3.2977963875000e-02 4.4043942254209e+00
3.2987963875000e-02 3.2695024862190e+00
3.2997963875000e-02 1.4819372649793e+00
3.3007963875000e-02 1.1286044812704e-01
3.3017963875000e-02 -2.1521373675048e-01
3.3027963875000e-02 -9.1947469795378e-01
3.3037963875000e-02 -1.4547641051012e+00
3.3047963875000e-02 -1.8922209359413e+00
3.3057963875000e-02 -2.0050089033276e+00
3.3067963875000e-02 -3.0246354482320e+00
3.3077963875000e-02 -3.8892511055882e+00
3.3087963875000e-02 -4.6955952754823e+00
3.3097963875000e-02 -5.4229412350825e+00
3.3107963875000e-02 -7.6261097522747e+00
3.3117963875000e-02 -9.6468549246988e+00
3.3127963875000e-02 -9.6414720655391e+00
3.3137963875000e-02 -1.5324475231006e+01
3.3147963875000e-02 -1.5209606382054e+01
3.3157963875000e-02 -1.4970737764052e+01
3.3167963875000e-02 -1.2717537113502e+01
3.3177963875000e-02 -1.6323540481422e+01
3.3187963875000e-02 -1.4359141345614e+01
3.3197963875000e-02 -1.6645366705901e+01
3.3207963875000e-02 -1.7493051161276e+01
3.3217963875000e-02 -1.8403335113241e+01
3.3227963875000e-02 -1.5939118767223e+01
3.3237963875000e-02 -1.4556764116680e+01
3.3247963875000e-02 -1.5678285248095e+01
3.3257963875000e-02 -1.5004169987182e+01
3.3267963875000e-02 -1.4689610217916e+01
3.3277963875000e-02 -1.4223227902862e+01
3.3287963875000e-02 -1.5033304805981e+01
3.3297963875000e-02 -1.5565678408622e+01
3.3307963875000e-02 -1.5779146044541e+01
3.3317963875000e-02 -1.6364352174422e+01
3.3327963875000e-02 -1.6735361630040e+01
3.3337963875000e-02 -1.7010134259953e+01
3.3347963875000e-02 -1.7491514804185e+01
3.3357963875000e-02 -1.5924476782658e+01
3.3367963875000e-02 -1.5652589340020e+01
3.3377963875000e-02 -1.6467031410097e+01
3.3387963875000e-02 -1.5515018243261e+01
3.3397963875000e-02 -1.3097348163286e+01
3.3407963875000e-02 -1.1908442152538e+01
3.3417963875000e-02 -1.0536978241360e+01
3.3427963875000e-02 -8.9911042874409e+00
3.3437963875000e-02 -7.2869445339154e+00
3.3447963875000e-02 -5.9440573100062e+00
3.3457963875000e-02 -6.1499272456703e+00
3.3467963875000e-02 -6.2569560700806e+00
3.3477963875000e-02 -5.6640956088868e+00
3.3487963875000e-02 -5.4207224640660e+00
3.3497963875000e-02 -5.3078650210327e+00
3.3507963875000e-02 -4.7976719464041e+00
3.3517963875000e-02 -4.6599528139953e+00
3.3527963875000e-02 -2.8471932624591e+00
3.3537963875000e-02 -3.1324184430118e+00
3.3547963875000e-02 -1.7791946772912e+00
3.3557963875000e-02 -4.6005578691208e-01
3.3567963875000e-02 1.6413771617357e+00
3.3577963875000e-02 3.0673067043824e+00
3.3587963875000e-02 3.6837671274891e+00
3.3597963875000e-02 4.9616018921717e+00
3.3607963875000e-02 5.4061199299441e+00
3.3617963875000e-02 5.4823140850443e+00
3.3627963875000e-02 6.1276130031070e+00
3.3637963875000e-02 7.1591317052359e+00
3.3647963875000e-02 8.2550641266127e+00
3.3657963875000e-02 1.0116946260700e+01
3.3667963875000e-02 1.1728910996438e+01
3.3677963875000e-02 1.3474295044805e+01
3.3687963875000e-02 1.3769467351669e+01
3.3697963875000e-02 1.4981916292189e+01
3.3707963875000e-02 1.5207348063490e+01
3.3717963875000e-02 1.5086580814236e+01
3.3727963875000e-02 1.4582371607722e+01
3.3737963875000e-02 1.4048744832575e+01
3.3747963875000e-02 1.4921500229431e+01
3.3757963875000e-02 1.5324203049145e+01
3.3767963875000e-02 1.6540436282413e+01
3.3777963875000e-02 1.7174494366318e+01
3.3787963875000e-02 1.7310413396893e+01
3.3797963875000e-02 1.7704215938399e+01
3.3807963875000e-02 1.7649730193775e+01
3.3817963875000e-02 1.8226887522610e+01
3.3827963875000e-02 1.7654955347484e+01
3.3837963875000e-02 1.7469543153023e+01
3.3847963875000e-02 1.7470170033068e+01
3.3857963875000e-02 1.7448338632171e+01
3.3867963875000e-02 1.7462396473083e+01
3.3877963875000e-02 1.7568188608185e+01
3.3887963875000e-02 1.7252237574346e+01
3.3897963875000e-02 1.6629027816740e+01
3.3907963875000e-02 1.5658838591519e+01
3.3917963875000e-02 1.5167642262710e+01
3.3927963875000e-02 1.4205021632683e+01
3.3937963875000e-02 1.3955398816530e+01
3.3947963875000e-02 1.2221145366100e+01
3.3957963875000e-02 1.2032519455035e+01
3.3967963875000e-02 1.1045593973812e+01
3.3977963875000e-02 1.0017085143944e+01
3.3987963875000e-02 9.9499217160639e+00
3.3997963875000e-02 8.6634065326995e+00
3.4007963875000e-02 8.1317905502182e+00
3.4017963875000e-02 7.6283597762912e+00
3.4027963875000e-02 7.5658280693663e+00
3.4037963875000e-02 6.1628334618600e+00
3.4047963875000e-02 6.2014507263192e+00
3.4057963875000e-02 4.7325517291421e+00
3.4067963875000e-02 3.6424068329994e+00
3.4077963875000e-02 3.5018223360442e+00
3.4087963875000e-02 3.7597719673790e+00
3.4097963875000e-02 2.6705404592781e+00
3.4107963875000e-02 3.1481219049536e+00
3.4117963875000e-02 2.5435758887726e+00
3.4127963875000e-02 1.5881908323323e+00
3.4137963875000e-02 1.0740638082985e+00
3.4147963875000e-02 1.7436230903818e+00
3.4157963875000e-02 1.0654386245408e+00
3.4167963875000e-02 1.3824975155278e+00
3.4177963875000e-02 1.4639349296220e+00
3.4187963875000e-02 1.5778819008724e+00
3.4197963875000e-02 1.6123063270178e+00
3.4207963875000e-02 2.7387274739149e+00
3.4217963875000e-02 3.2114640676259e+00
3.4227963875000e-02 3.5468236527612e+00
3.4237963875000e-02 3.5345117246881e+00
3.4247963875000e-02 3.0874108668951e+00
3.4257963875000e-02 2.9721358647224e+00
3.4267963875000e-02 1.8215346435879e+00
3.4277963875000e-02 1.1748093648219e+00
3.4287963875000e-02 2.5815818774284e-01
3.4297963875000e-02 -1.0573333575784e+00
3.4307963875000e-02 -2.0438568175573e+00
3.4317963875000e-02 -3.1064799444201e+00
3.4327963875000e-02 -3.7842555586222e+00
3.4337963875000e-02 -3.0870931568886e+00
3.4347963875000e-02 -3.3477035466589e+00
3.4357963875000e-02 -3.6838376860331e+00
3.4367963875000e-02 -3.2517195997468e+00
3.4377963875000e-02 -1.6487751515807e+00
3.4387963875000e-02 5.5593619962736e-02
3.4397963875000e-02 9.6792549646314e-01
3.4407963875000e-02 3.0218383351643e+00
3.4417963875000e-02 4.4660850012690e+00
3.4427963875000e-02 5.5730595972361e+00
3.4437963875000e-02 6.3331839705045e+00
3.4447963875000e-02 6.5229695139423e+00
3.4457963875000e-02 7.1930529087925e+00
3.4467963875000e-02 6.3146956072731e+00
3.4477963875000e-02 3.7609654220947e+00
3.4487963875000e-02 1.6656016189208e+00
3.4497963875000e-02 -2.5584050107112e-01
3.4507963875000e-02 -2.4782024599288e+00
3.4517963875000e-02 -4.5397712957939e+00
3.4527963875000e-02 -6.3319140461959e+00
3.4537963875000e-02 -8.7562090472047e+00
3.4547963875000e-02 -1.0706953101486e+01
3.4557963875000e-02 -1.2227918143099e+01
3.4567963875000e-02 -1.3817626609515e+01
3.4577963875000e-02 -1.4901261329702e+01
3.4587963875000e-02 -1.5868026636209e+01
3.4597963875000e-02 -1.6489137173719e+01
3.4607963875000e-02 -1.7121759559867e+01
3.4617963875000e-02 -1.7460130367436e+01
3.4627963875000e-02 -1.7234717974260e+01
3.4637963875000e-02 -1.6427491600629e+01
3.4647963875000e-02 -1.5999351855581e+01
3.4657963875000e-02 -1.5402412369256e+01
3.4667963875000e-02 -1.4194621509921e+01
3.4677963875000e-02 -1.3068091170613e+01
3.4687963875000e-02 -1.1805239054485e+01
3.4697963875000e-02 -1.1551957318201e+01
3.4707963875000e-02 -1.1499000593801e+01
3.4717963875000e-02 -1.0917812727808e+01
3.4727963875000e-02 -1.1236054221413e+01
3.4737963875000e-02 -1.1966047947846e+01
3.4747963875000e-02 -1.2884791603769e+01
3.4757963875000e-02 -1.3542503291584e+01
3.4767963875000e-02 -1.4775408354449e+01
3.4777963875000e-02 -1.6235843967320e+01
3.4787963875000e-02 -1.7688571340022e+01
3.4797963875000e-02 -1.9169247021373e+01
3.4807963875000e-02 -2.0903423333428e+01
3.4817963875000e-02 -2.2335980602330e+01
3.4827963875000e-02 -2.3186471993760e+01
3.4837963875000e-02 -2.3961575999746e+01
3.4847963875000e-02 -2.3784380355287e+01
3.4857963875000e-02 -2.3812126150250e+01
3.4867963875000e-02 -2.4484428004997e+01
3.4877963875000e-02 -2.2965243689481e+01
3.4887963875000e-02 -2.1725464413456e+01
3.4897963875000e-02 -2.1204855216151e+01
3.4907963875000e-02 -1.9588742080204e+01
3.4917963875000e-02 -1.7618616375589e+01
3.4927963875000e-02 -1.6214609673736e+01
3.4937963875000e-02 -1.4281686876239e+01
3.4947963875000e-02 -1.2673965254708e+01
3.4957963875000e-02 -1.1267291213258e+01
3.4967963875000e-02 -9.3111378900329e+00
3.4977963875000e-02 -7.1163678565498e+00
3.4987963875000e-02 -5.7483600364303e+00
3.4997963875000e-02 -3.4265570918441e+00
3.5007963875000e-02 -2.5250392674208e+00
3.5017963875000e-02 -4.1065298764811e-01
3.5027963875000e-02 1.9425468656662e+00
3.5037963875000e-02 3.6473932857645e+00
3.5047963875000e-02 4.5880998130912e+00
3.5057963875000e-02 5.9742030120867e+00
3.5067963875000e-02 7.4066103058452e+00
3.5077963875000e-02 7.8457595751030e+00
3.5087963875000e-02 8.1394000180211e+00
3.5097963875000e-02 9.1511173540018e+00
3.5107963875000e-02 9.2965215119479e+00
3.5117963875000e-02 1.0421359314509e+01
3.5127963875000e-02 1.0407916944087e+01
3.5137963875000e-02 9.9743692932312e+00
3.5147963875000e-02 1.0309034832392e+01
3.5157963875000e-02 1.0925197651203e+01
3.5167963875000e-02 1.1245257814922e+01
3.5177963875000e-02 1.1345948398225e+01
3.5187963875000e-02 1.1388391351237e+01
3.5197963875000e-02 1.1241136014907e+01
3.5207963875000e-02 1.2479670477614e+01
3.5217963875000e-02 1.3726142604895e+01
3.5227963875000e-02 1.4675827686893e+01
3.5237963875000e-02 1.6306682826377e+01
3.5247963875000e-02 1.8658707473300e+01
3.5257963875000e-02 2.1364889607884e+01
3.5267963875000e-02 2.3649543386551e+01
3.5277963875000e-02 2.5570147229224e+01
3.5287963875000e-02 2.6920617925619e+01
3.5297963875000e-02 2.7161677324543e+01
3.5307963875000e-02 2.6816798788124e+01
3.5317963875000e-02 2.6033635543055e+01
3.5327963875000e-02 2.4995699283308e+01
3.5337963875000e-02 2.2864479908819e+01
3.5347963875000e-02 2.0256982115927e+01
3.5357963875000e-02 1.9202277508626e+01
3.5367963875000e-02 1.7615633339233e+01
3.5377963875000e-02 1.5358579691630e+01
3.5387963875000e-02 1.2884523190214e+01
3.5397963875000e-02 1.2465851040328e+01
3.5407963875000e-02 1.2041373811737e+01
3.5417963875000e-02 1.0755950937596e+01
3.5427963875000e-02 9.1015881327545e+00
3.5437963875000e-02 8.3236317691397e+00
3.5447963875000e-02 1.3429811201486e+01
3.5457963875000e-02 3.2663529852413e+00
3.5467963875000e-02 9.2235340430029e+00
3.5477963875000e-02 9.1220647991376e+00
3.5487963875000e-02 6.9974014759423e+00
3.5497963875000e-02 9.3307672202132e-01
3.5507963875000e-02 1.0683677434269e+01
3.5517963875000e-02 -1.4420221934568e+00
3.5527963875000e-02 -1.0436825255630e+00
3.5537963875000e-02 -2.1101889032045e+00
3.5547963875000e-02 -2.3110415257265e+00
3.5557963875000e-02 -3.9819929835700e+00
3.5567963875000e-02 -5.9858786199150e+00
3.5577963875000e-02 -5.6995971188825e+00
3.5587963875000e-02 -7.2193443704020e+00
3.5597963875000e-02 -9.3192081345581e+00
3.5607963875000e-02 -9.5779016790528e+00
3.5617963875000e-02 -8.0554214283074e+00
3.5627963875000e-02 -9.5222686567421e+00
3.5637963875000e-02 -9.3946756704808e+00
3.5647963875000e-02 -9.5535290530687e+00
3.5657963875000e-02 -1.0309605652322e+01
3.5667963875000e-02 -1.0304052051439e+01
3.5677963875000e-02 -1.1038680503853e+01
3.5687963875000e-02 -1.2063533693825e+01
3.5697963875000e-02 -1.3680254512759e+01
3.5707963875000e-02 -1.5238530499096e+01
3.5717963875000e-02 -1.6802870884216e+01
3.5727963875000e-02 -1.7994756054387e+01
3.5737963875000e-02 -1.9066793520784e+01
3.5747963875000e-02 -2.0220462621276e+01
3.5757963875000e-02 -2.1061910744884e+01
3.5767963875000e-02 -2.1876277441633e+01
3.5777963875000e-02 -2.2214047649950e+01
3.5787963875000e-02 -2.2069319225855e+01
3.5797963875000e-02 -2.2200030983764e+01
3.5807963875000e-02 -2.1916908610245e+01
3.5817963875000e-02 -2.0587887260054e+01
3.5827963875000e-02 -1.9388511785090e+01
3.5837963875000e-02 -1.8662113783339e+01
3.5847963875000e-02 -1.7329970260587e+01
3.5857963875000e-02 -1.5963774495364e+01
3.5867963875000e-02 -1.4757611933132e+01
3.5877963875000e-02 -1.3285504218430e+01
3.5887963875000e-02 -1.2421353684371e+01
3.5897963875000e-02 -1.0978948485062e+01
3.5907963875000e-02 -8.6011049174442e+00
3.5917963875000e-02 -7.7723163324913e+00
3.5927963875000e-02 -6.1053668173043e+00
3.5937963875000e-02 -5.0127356019484e+00
3.5947963875000e-02 -4.0868724051942e+00
3.5957963875000e-02 -2.7132957899825e+00
3.5967963875000e-02 -1.4822182487470e+00
3.5977963875000e-02 -5.6869530368154e-01
3.5987963875000e-02 8.4589690290128e-01
3.5997963875000e-02 1.5972875429610e+00
3.6007963875000e-02 3.6200203305567e+00
3.6017963875000e-02 5.0856069490264e+00
3.6027963875000e-02 5.4482423727380e+00
3.6037963875000e-02 6.6619620884921e+00
3.6047963875000e-02 8.8839803092796e+00
3.6057963875000e-02 1.0051140580729e+01
3.6067963875000e-02 1.1028506463821e+01
3.6077963875000e-02 1.1681303751411e+01
3.6087963875000e-02 1.3574530501033e+01
3.6097963875000e-02 1.4589523287345e+01
3.6107963875000e-02 1.5234400262772e+01
3.6117963875000e-02 1.6756686241961e+01
3.6127963875000e-02 1.7677161801533e+01
3.6137963875000e-02 1.9590173650622e+01
3.6147963875000e-02 2.1829747724305e+01
3.6157963875000e-02 2.3822307116427e+01
3.6167963875000e-02 2.4749465770999e+01
3.6177963875000e-02 2.5380883235810e+01
3.6187963875000e-02 2.5843042548516e+01
3.6197963875000e-02 2.5256108694369e+01
3.6207963875000e-02 2.5188718215118e+01
3.6217963875000e-02 2.4031012421253e+01
3.6227963875000e-02 2.3545143641916e+01
3.6237963875000e-02 2.1654487318304e+01
3.6247963875000e-02 2.0002794515624e+01
3.6257963875000e-02 1.9569343728161e+01
3.6267963875000e-02 1.8500025124093e+01
3.6277963875000e-02 1.6833934605367e+01
3.6287963875000e-02 1.5667673459833e+01
3.6297963875000e-02 1.4578982822947e+01
3.6307963875000e-02 1.2323835769204e+01
3.6317963875000e-02 1.0054287600032e+01
3.6327963875000e-02 8.5635866593727e+00
3.6337963875000e-02 6.3890260981258e+00
3.6347963875000e-02 3.9680339914045e+00
3.6357963875000e-02 2.3749278483631e+00
3.6367963875000e-02 1.5119969169509e-02
3.6377963875000e-02 -2.0398094224077e+00
3.6387963875000e-02 -2.2903252458822e+00
3.6397963875000e-02 -4.7471056180483e+00
3.6407963875000e-02 -7.2337969332632e+00
3.6417963875000e-02 -8.7258180308868e+00
3.6427963875000e-02 -9.1193957039292e+00
3.6437963875000e-02 -1.0460395788899e+01
3.6447963875000e-02 -1.0216392887069e+01
3.6457963875000e-02 -1.0456362611311e+01
3.6467963875000e-02 -1.1079692770631e+01
3.6477963875000e-02 -1.1597450304314e+01
3.6487963875000e-02 -1.2090451514469e+01
3.6497963875000e-02 -1.3506907838317e+01
3.6507963875000e-02 -1.4696251038022e+01
3.6517963875000e-02 -1.5385984566375e+01
3.6527963875000e-02 -1.6681683788624e+01
3.6537963875000e-02 -1.7896316239397e+01
3.6547963875000e-02 -1.9479112621421e+01
3.6557963875000e-02 -2.0275593088995e+01
3.6567963875000e-02 -1.9946052917080e+01
3.6577963875000e-02 -1.9826997130900e+01
3.6587963875000e-02 -1.9873808572293e+01
3.6597963875000e-02 -2.0730640992968e+01
3.6607963875000e-02 -1.9593298971896e+01
3.6617963875000e-02 -1.9176105392519e+01
3.6627963875000e-02 -1.8808368513846e+01
3.6637963875000e-02 -1.8000756451838e+01
3.6647963875000e-02 -1.9452435060864e+01
3.6657963875000e-02 -1.9951659347596e+01
3.6667963875000e-02 -1.9745185635659e+01
3.6677963875000e-02 -2.0161069349713e+01
3.6687963875000e-02 -1.9915966926837e+01
3.6697963875000e-02 -1.7441900431614e+01
3.6707963875000e-02 -1.6773938856928e+01
3.6717963875000e-02 -1.6872048194184e+01
3.6727963875000e-02 -1.4475408682249e+01
3.6737963875000e-02 -1.3285039100592e+01
3.6747963875000e-02 -1.1174648304230e+01
3.6757963875000e-02 -1.0430855729522e+01
3.6767963875000e-02 -8.3506235813413e+00
3.6777963875000e-02 -6.4571576729053e+00
3.6787963875000e-02 -4.4269167254755e+00
3.6797963875000e-02 -3.2816216324194e+00
3.6807963875000e-02 -1.1700481351283e+00
3.6817963875000e-02 2.7319555662323e-01
3.6827963875000e-02 1.9048198299989e+00
3.6837963875000e-02 4.0468085236390e+00
3.6847963875000e-02 7.0887072386658e+00
3.6857963875000e-02 8.8827926948744e+00
3.6867963875000e-02 1.1098336076275e+01
3.6877963875000e-02 1.3249049904449e+01
3.6887963875000e-02 1.5124484893673e+01
3.6897963875000e-02 1.7094318869030e+01
3.6907963875000e-02 1.8957107912699e+01
3.6917963875000e-02 1.9909852751370e+01
3.6927963875000e-02 2.1391484082603e+01
3.6937963875000e-02 2.2030692518721e+01
3.6947963875000e-02 2.2730447362649e+01
3.6957963875000e-02 2.2989818921638e+01
3.6967963875000e-02 2.1939474974643e+01
3.6977963875000e-02 2.1440425492085e+01
3.6987963875000e-02 2.2016676472268e+01
3.6997963875000e-02 2.3076610038293e+01
3.7007963875000e-02 2.1681141271873e+01
3.7017963875000e-02 2.2087438872801e+01
3.7027963875000e-02 2.1020790448222e+01
3.7037963875000e-02 2.0862085317577e+01
3.7047963875000e-02 2.0429819160831e+01
3.7057963875000e-02 2.0196351243595e+01
3.7067963875000e-02 2.0247705649528e+01
3.7077963875000e-02 1.9814064229202e+01
3.7087963875000e-02 1.7795918488910e+01
3.7097963875000e-02 1.6628440910084e+01
3.7107963875000e-02 1.4059894466471e+01
3.7117963875000e-02 1.1728384146607e+01
3.7127963875000e-02 1.0609917167225e+01
3.7137963875000e-02 8.8655456445867e+00
3.7147963875000e-02 5.9262479543729e+00
3.7157963875000e-02 4.6169802599708e+00
3.7167963875000e-02 3.6340432881807e+00
3.7177963875000e-02 2.5206954545715e+00
3.7187963875000e-02 1.1924386999662e+00
3.7197963875000e-02 3.2487560024409e-01
3.7207963875000e-02 -3.5871399232501e-01
3.7217963875000e-02 -8.4298132835200e-01
3.7227963875000e-02 -1.3443671396259e+00
3.7237963875000e-02 -1.4597608191870e+00
3.7247963875000e-02 -1.7388242835244e+00
3.7257963875000e-02 -2.4459083555871e+00
3.7267963875000e-02 -2.7701024816150e+00
3.7277963875000e-02 -3.0694642093568e+00
3.7287963875000e-02 -3.5207331653910e+00
3.7297963875000e-02 -4.1456713765153e+00
3.7307963875000e-02 -4.3796861157503e+00
3.7317963875000e-02 -4.6022592201135e+00
3.7327963875000e-02 -4.6847814425101e+00
3.7337963875000e-02 -4.8307112144858e+00
3.7347963875000e-02 -4.6596391672768e+00
3.7357963875000e-02 -4.3330693298491e+00
3.7367963875000e-02 -3.5026770307619e+00
3.7377963875000e-02 -3.8471295080167e+00
3.7387963875000e-02 -4.5528769275680e+00
3.7397963875000e-02 -5.5059130025115e+00
3.7407963875000e-02 -6.4912558310114e+00
3.7417963875000e-02 -7.9151045707390e+00
3.7427963875000e-02 -9.7376947238266e+00
3.7437963875000e-02 -1.2407715906364e+01
3.7447963875000e-02 -1.4880851632873e+01
3.7457963875000e-02 -1.7015300092461e+01
3.7467963875000e-02 -1.7578795924551e+01
3.7477963875000e-02 -1.8276549725369e+01
3.7487963875000e-02 -1.7916702163812e+01
3.7497963875000e-02 -1.8062483007134e+01
3.7507963875000e-02 -1.7805166760925e+01
3.7517963875000e-02 -1.6164787161429e+01
3.7527963875000e-02 -1.5196802030001e+01
3.7537963875000e-02 -1.3781446352260e+01
3.7547963875000e-02 -1.2565992302872e+01
3.7557963875000e-02 -1.0973487723271e+01
3.7567963875000e-02 -9.1370823998274e+00
3.7577963875000e-02 -8.3873387114916e+00
3.7587963875000e-02 -8.0394625983693e+00
3.7597963875000e-02 -8.6423004583179e+00
3.7607963875000e-02 -9.8655588757025e+00
3.7617963875000e-02 -1.0435591207376e+01
3.7627963875000e-02 -1.1697768407361e+01
3.7637963875000e-02 -1.3549209594881e+01
3.7647963875000e-02 -1.4558749408334e+01
3.7657963875000e-02 -1.5103528019719e+01
3.7667963875000e-02 -1.5860979124657e+01
3.7677963875000e-02 -1.5755046259815e+01
3.7687963875000e-02 -1.6020618451466e+01
3.7697963875000e-02 -1.5992595568777e+01
3.7707963875000e-02 -1.4761188791154e+01
3.7717963875000e-02 -1.3853116691205e+01
3.7727963875000e-02 -1.3036342093410e+01
3.7737963875000e-02 -1.1584189852035e+01
3.7747963875000e-02 -9.7389467434119e+00
3.7757963875000e-02 -9.1857047496236e+00
3.7767963875000e-02 -7.4842545821475e+00
3.7777963875000e-02 -6.2498805029804e+00
3.7787963875000e-02 -5.2421761401754e+00
3.7797963875000e-02 -4.5722038508670e+00
3.7807963875000e-02 -4.3180160001648e+00
3.7817963875000e-02 -3.6234999811475e+00
3.7827963875000e-02 -3.2406826924524e+00
3.7837963875000e-02 -2.7546650332131e+00
3.7847963875000e-02 -2.4977483150013e+00
3.7857963875000e-02 -1.6946236439376e+00
3.7867963875000e-02 -1.3200635131011e+00
3.7877963875000e-02 -1.0546780231838e+00
3.7887963875000e-02 -8.1747502739636e-01
3.7897963875000e-02 -1.8850913701855e-01
3.7907963875000e-02 6.3936884181699e-02
3.7917963875000e-02 4.9553327361094e-01
3.7927963875000e-02 6.9736722401208e-01
3.7937963875000e-02 9.5659398002159e-01
3.7947963875000e-02 1.1546714322635e+00
3.7957963875000e-02 1.0157554124918e+00
3.7967963875000e-02 5.0386517504003e-01
3.7977963875000e-02 -3.9770716282100e-01
3.7987963875000e-02 -7.3221875237808e-01
3.7997963875000e-02 -6.6132257140853e-01
3.8007963875000e-02 -8.8187820394780e-01
3.8017963875000e-02 -1.2641047187076e+00
3.8027963875000e-02 -9.2304952170814e-01
3.8037963875000e-02 -7.8134033022066e-01
3.8047963875000e-02 -6.4413886196618e-01
3.8057963875000e-02 -7.3086254770942e-01
3.8067963875000e-02 5.7535248186555e-01
3.8077963875000e-02 2.1888602682011e+00
3.8087963875000e-02 3.3866571693242e+00
3.8097963875000e-02 4.9069122997162e+00
3.8107963875000e-02 6.8842427004118e+00
3.8117963875000e-02 8.1887815563814e+00
3.8127963875000e-02 9.6681004965697e+00
3.8137963875000e-02 1.1049787756115e+01
3.8147963875000e-02 1.3041266124838e+01
3.8157963875000e-02 1.4140940078687e+01
3.8167963875000e-02 1.4878975919745e+01
3.8177963875000e-02 1.6056638792748e+01
3.8187963875000e-02 1.6406953867869e+01
3.8197963875000e-02 1.5856805178187e+01
3.8207963875000e-02 1.5200253321718e+01
3.8217963875000e-02 1.3942477581919e+01
3.8227963875000e-02 1.3128357121411e+01
3.8237963875000e-02 1.2299431297891e+01
3.8247963875000e-02 1.0773162591256e+01
3.8257963875000e-02 9.9975384521577e+00
3.8267963875000e-02 1.0606866859131e+01
3.8277963875000e-02 9.9722969266635e+00
3.8287963875000e-02 1.0240782439036e+01
3.8297963875000e-02 1.0301211606744e+01
3.8307963875000e-02 1.1635666308137e+01
3.8317963875000e-02 1.3761303536966e+01
3.8327963875000e-02 1.5824436595706e+01
3.8337963875000e-02 1.7005778210209e+01
3.8347963875000e-02 1.9393782923706e+01
3.8357963875000e-02 2.0179299304470e+01
3.8367963875000e-02 2.1014305524791e+01
3.8377963875000e-02 2.2838213676673e+01
3.8387963875000e-02 2.4511733240842e+01
3.8397963875000e-02 2.4286114768430e+01
3.8407963875000e-02 2.4143224701213e+01
3.8417963875000e-02 2.2843564167427e+01
3.8427963875000e-02 2.1502300765380e+01
3.8437963875000e-02 2.0137002737442e+01
3.8447963875000e-02 1.7955682696148e+01
3.8457963875000e-02 1.6081215753013e+01
3.8467963875000e-02 1.3890597954413e+01
3.8477963875000e-02 1.3214388122450e+01
3.8487963875000e-02 1.1979644478558e+01
3.8497963875000e-02 1.0439993167717e+01
3.8507963875000e-02 9.8300313275438e+00
3.8517963875000e-02 8.6970728295463e+00
3.8527963875000e-02 7.7523658521201e+00
3.8537963874999e-02 6.1964321999170e+00
3.8547963875000e-02 5.8995662931599e+00
3.8557963875000e-02 4.9588302722899e+00
3.8567963875000e-02 3.9060915598109e+00
3.8577963874999e-02 2.5881939447785e+00
3.8587963874999e-02 2.3102641788841e+00
3.8597963875000e-02 6.0255817005342e-01
3.8607963874999e-02 5.5208689198449e-01
3.8617963874999e-02 -3.3918938307343e-01
3.8627963874999e-02 -1.2794893499775e+00
3.8637963875000e-02 -2.8789039110036e+00
3.8647963874999e-02 -3.6882995567217e+00
3.8657963874999e-02 -5.9549401392692e+00
3.8667963874999e-02 -7.7110420049136e+00
3.8677963874999e-02 -9.1637471884065e+00
3.8687963874999e-02 -1.0849485768073e+01
3.8697963874999e-02 -1.2246412872480e+01
3.8707963874999e-02 -1.5870804344466e+01
3.8717963874999e-02 -1.6925045053943e+01
3.8727963874999e-02 -1.8751698235045e+01
3.8737963874999e-02 -1.9115614402390e+01
3.8747963874999e-02 -1.9599182798754e+01
3.8757963874999e-02 -2.0537424509807e+01
3.8767963874999e-02 -2.2129736625851e+01
3.8777963874999e-02 -2.2897161690179e+01
3.8787963874999e-02 -2.3826267733371e+01
3.8797963874999e-02 -2.3325139663791e+01
3.8807963874999e-02 -2.2090998559962e+01
3.8817963874999e-02 -2.2934627078261e+01
3.8827963874999e-02 -2.2689209549928e+01
3.8837963874999e-02 -2.2263858530755e+01
3.8847963874999e-02 -2.0972199695246e+01
3.8857963874999e-02 -2.0607784683458e+01
3.8867963874999e-02 -2.0270533331628e+01
3.8877963874999e-02 -1.9990687345066e+01
3.8887963874999e-02 -1.8475756187362e+01
3.8897963874999e-02 -1.7028045326742e+01
3.8907963874999e-02 -1.6415240104717e+01
3.8917963874999e-02 -1.4783209627826e+01
3.8927963874999e-02 -1.3839694928527e+01
3.8937963874999e-02 -1.2658092803836e+01
3.8947963874999e-02 -9.7295295770256e+00
3.8957963874999e-02 -8.4342807420487e+00
3.8967963874999e-02 -7.6183174538261e+00
3.8977963874999e-02 -6.3339407748220e+00
3.8987963874999e-02 -5.3663211320576e+00
3.8997963874999e-02 -3.8186796134190e+00
3.9007963874999e-02 -2.1136096986569e+00
3.9017963874999e-02 -1.1952371951262e+00
3.9027963874999e-02 -8.4575479905830e-01
3.9037963874999e-02 1.2973833368732e+00
3.9047963874999e-02 2.8769586496364e+00
3.9057963874999e-02 4.3029265292666e+00
3.9067963874999e-02 6.9085084971756e+00
3.9077963874999e-02 8.9980210800003e+00
3.9087963874999e-02 9.9172811639577e+00
3.9097963874999e-02 1.0432596068777e+01
3.9107963874999e-02 1.0923813547604e+01
3.9117963874999e-02 1.1007534978293e+01
3.9127963874999e-02 1.1510593282204e+01
3.9137963874999e-02 1.2095383988406e+01
3.9147963874999e-02 1.2756109197676e+01
3.9157963874999e-02 1.3003589055407e+01
3.9167963874999e-02 1.3371338510002e+01
3.9177963874999e-02 1.3009588093292e+01
3.9187963874999e-02 1.2901953845334e+01
3.9197963874999e-02 1.2968550505573e+01
3.9207963874999e-02 1.2711631557192e+01
3.9217963874999e-02 1.2851389644318e+01
3.9227963874999e-02 1.2194731218455e+01
3.9237963874999e-02 1.1813281414415e+01
3.9247963874999e-02 1.2786399554439e+01
3.9257963874999e-02 1.3361583254083e+01
3.9267963874999e-02 1.4801967998560e+01
3.9277963874999e-02 1.5619984503216e+01
3.9287963874999e-02 1.5972850733733e+01
3.9297963874999e-02 1.5608855780264e+01
3.9307963874999e-02 1.4820372174584e+01
3.9317963874999e-02 1.4969618054827e+01
3.9327963874999e-02 1.4382490908426e+01
3.9337963874999e-02 1.3949469775535e+01
3.9347963874999e-02 1.3319435908191e+01
3.9357963874999e-02 1.2885915667234e+01
3.9367963874999e-02 1.1164938921781e+01
3.9377963874999e-02 1.1451580144790e+01
3.9387963874999e-02 1.1618609276035e+01
3.9397963874999e-02 1.1293076666120e+01
3.9407963874999e-02 1.0569163470738e+01
3.9417963874999e-02 1.0486254835842e+01
3.9427963874999e-02 9.7241344672254e+00
3.9437963874999e-02 9.1893191429985e+00
3.9447963874999e-02 8.4651443999989e+00
3.9457963874999e-02 7.7899003243350e+00
3.9467963874999e-02 7.2454791098651e+00
3.9477963874999e-02 6.2094704400781e+00
3.9487963874999e-02 5.4823553067116e+00
3.9497963874999e-02 4.8489210053740e+00
3.9507963874999e-02 3.7062381847538e+00
3.9517963874999e-02 3.3941888271700e+00
3.9527963874999e-02 2.6458478926738e+00
3.9537963874999e-02 1.8897342379671e+00
3.9547963874999e-02 8.9342815070593e-01
3.9557963874999e-02 6.5427398366942e-02
3.9567963874999e-02 -2.8933983075501e-01
3.9577963874999e-02 -9.1347166964293e-01
3.9587963874999e-02 -2.3006653580743e+00
3.9597963874999e-02 -4.0568143749871e+00
3.9607963874999e-02 -5.2814398223321e+00
3.9617963874999e-02 -6.8492262361246e+00
3.9627963874999e-02 -7.6780039038357e+00
3.9637963874999e-02 -8.9524708602976e+00
3.9647963874999e-02 -1.1184116949042e+01
3.9657963874999e-02 -1.6095925185381e+01
3.9667963874999e-02 -1.7874561022781e+01
3.9677963874999e-02 -2.0351449001892e+01
3.9687963874999e-02 -1.7176730613346e+01
3.9697963874999e-02 -1.1925269559562e+01
3.9707963874999e-02 -1.6008845361927e+01
3.9717963874999e-02 -1.8745278284173e+01
3.9727963874999e-02 -2.4820088282204e+01
3.9737963874999e-02 -2.5174785079567e+01
3.9747963874999e-02 -2.4920462210982e+01
3.9757963874999e-02 -2.4838524362808e+01
3.9767963874999e-02 -2.3860757563804e+01
3.9777963874999e-02 -2.0314065287529e+01
3.9787963874999e-02 -2.1421920792923e+01
3.9797963874999e-02 -2.5230496696721e+01
3.9807963874999e-02 -1.3782929960641e+01
3.9817963874999e-02 -1.5312557535397e+01
3.9827963874999e-02 -1.5238871175849e+01
3.9837963874999e-02 -1.6171362689601e+01
3.9847963874999e-02 -9.7140943751081e+00
3.9857963874999e-02 -1.3182396685613e+01
3.9867963874999e-02 -1.2818408477884e+01
3.9877963874999e-02 -1.0849452855096e+01
3.9887963874999e-02 -1.0327748590790e+01
3.9897963874999e-02 -9.6245380534526e+00
3.9907963874999e-02 -8.4233928305075e+00
3.9917963874999e-02 -5.5767672367633e+00
3.9927963874999e-02 -5.9974045809231e+00
3.9937963874999e-02 -5.1819292711556e+00
3.9947963874999e-02 -3.9763982329175e+00
3.9957963874999e-02 -3.5980166858676e+00
3.9967963874999e-02 -2.8948152472472e+00
3.9977963874999e-02 -8.4431926761973e-01
3.9987963874999e-02 6.7461938655658e-02
3.9997963874999e-02 1.1324387754216e+00
4.0007963874999e-02 1.7177103737892e+00
4.0017963874999e-02 2.3802174711419e+00
4.0027963874999e-02 2.7403040621066e+00
4.0037963874999e-02 2.5336032834640e+00
4.0047963874999e-02 2.6647488234005e+00
4.0057963874999e-02 2.5565800245757e+00
4.0067963874999e-02 2.2289510878216e+00
4.0077963874999e-02 2.1340063690714e+00
4.0087963874999e-02 1.9149595303567e+00
4.0097963874999e-02 2.5564226380636e+00
4.0107963874999e-02 3.0891220069057e+00
4.0117963874999e-02 3.6085500867822e+00
4.0127963874999e-02 4.8164919600170e+00
4.0137963874999e-02 6.5477918528956e+00
4.0147963874999e-02 9.5103917155605e+00
4.0157963874999e-02 1.0798621009162e+01
4.0167963874999e-02 1.2043173263846e+01
4.0177963874999e-02 1.3711769991675e+01
4.0187963874999e-02 1.4534811313752e+01
4.0197963874999e-02 1.4601733421967e+01
4.0207963874999e-02 1.5509686812246e+01
4.0217963874999e-02 1.5498145158963e+01
4.0227963874999e-02 1.5392852572337e+01
4.0237963874999e-02 1.5365370239944e+01
4.0247963874999e-02 1.4911394895208e+01
4.0257963874999e-02 1.5008153956605e+01
4.0267963874999e-02 1.5385963912971e+01
4.0277963874999e-02 1.5691786365520e+01
4.0287963874999e-02 1.5723419888378e+01
4.0297963874999e-02 1.5539447193924e+01
4.0307963874999e-02 1.4145637320124e+01
4.0317963874999e-02 1.3713402240272e+01
4.0327963874999e-02 1.2534575225394e+01
4.0337963874999e-02 1.1312243882130e+01
4.0347963874999e-02 9.6944972015835e+00
4.0357963874999e-02 8.7932441806852e+00
4.0367963874999e-02 9.2090734268823e+00
4.0377963874999e-02 1.0442263702291e+01
4.0387963874999e-02 1.2473489479933e+01
4.0397963874999e-02 1.4544494798228e+01
4.0407963874999e-02 1.6641533231710e+01
4.0417963874999e-02 1.7735146384623e+01
4.0427963874999e-02 1.8271533871876e+01
4.0437963874999e-02 1.9468138632290e+01
4.0447963874999e-02 1.8632996679334e+01
4.0457963874999e-02 1.8222057553396e+01
4.0467963874999e-02 1.6663671683116e+01
4.0477963874999e-02 1.4873219221567e+01
4.0487963874999e-02 1.3551027709942e+01
4.0497963874999e-02 1.2256318347509e+01
4.0507963874999e-02 1.0790495374571e+01
4.0517963874999e-02 9.9284543133018e+00
4.0527963874999e-02 9.5321629235975e+00
4.0537963874999e-02 8.2494042359572e+00
4.0547963874999e-02 7.4261588091215e+00
4.0557963874999e-02 6.7226535776835e+00
4.0567963874999e-02 5.8485138012546e+00
4.0577963874999e-02 4.5159805138263e+00
4.0587963874999e-02 3.5692252280790e+00
4.0597963874999e-02 2.7233424340751e+00
4.0607963874999e-02 1.5929366682280e+00
4.0617963874999e-02 3.3595626240461e-01
4.0627963874999e-02 -1.2072107157504e+00
4.0637963874999e-02 -3.0378449768693e+00
4.0647963874999e-02 -4.7676716939249e+00
4.0657963874999e-02 -5.9756995428945e+00
4.0667963874999e-02 -7.4817038116980e+00
4.0677963874999e-02 -8.9948522583753e+00
4.0687963874999e-02 -9.9432410769018e+00
4.0697963874999e-02 -1.1008108529849e+01
4.0707963874999e-02 -1.2423078964286e+01
4.0717963874999e-02 -1.3515163390335e+01
4.0727963874999e-02 -1.3645930889904e+01
4.0737963874999e-02 -1.4225715804008e+01
4.0747963874999e-02 -1.5999749667741e+01
4.0757963874999e-02 -1.6100491470681e+01
4.0767963874999e-02 -1.6203619389578e+01
4.0777963874999e-02 -1.6485998604279e+01
4.0787963874999e-02 -1.6262066780688e+01
4.0797963874999e-02 -1.6542031116161e+01
4.0807963874999e-02 -1.6925008939911e+01
4.0817963874999e-02 -1.6948414375591e+01
4.0827963874999e-02 -1.7237312457843e+01
4.0837963874999e-02 -1.7821132777366e+01
4.0847963874999e-02 -1.8795457670749e+01
4.0857963874999e-02 -1.9292980025369e+01
4.0867963874999e-02 -1.9585467785282e+01
4.0877963874999e-02 -2.0030659194296e+01
4.0887963874999e-02 -2.1529258684034e+01
4.0897963874999e-02 -2.1548533792701e+01
4.0907963874999e-02 -2.1094921837209e+01
4.0917963874999e-02 -1.9845860047354e+01
4.0927963874999e-02 -1.9607119865533e+01
4.0937963874999e-02 -1.8295391338298e+01
4.0947963874999e-02 -1.7054403887349e+01
4.0957963874999e-02 -1.6325576948079e+01
4.0967963874999e-02 -1.4653614657829e+01
4.0977963874999e-02 -1.2950443682765e+01
4.0987963874999e-02 -1.2207672575756e+01
4.0997963874999e-02 -1.1294528732215e+01
4.1007963874999e-02 -9.8767453292286e+00
4.1017963874999e-02 -8.9928131511865e+00
4.1027963874999e-02 -7.9984617286531e+00
4.1037963874999e-02 -6.5642551205194e+00
4.1047963874999e-02 -5.3285972144498e+00
4.1057963874999e-02 -3.4214232185271e+00
4.1067963874999e-02 -1.7117926409677e+00
4.1077963874999e-02 -8.1574429481035e-02
4.1087963874999e-02 9.1648688116015e-01
4.1097963874999e-02 2.1466470942476e+00
4.1107963874999e-02 2.6018436376501e+00
4.1117963874999e-02 3.0274059129812e+00
4.1127963874999e-02 3.3709096316569e+00
4.1137963874999e-02 3.7633981577384e+00
4.1147963874999e-02 4.4806587219825e+00
4.1157963874999e-02 4.5507314132424e+00
4.1167963874999e-02 1.8158017531486e+00
4.1177963874999e-02 5.3263955899482e+00
4.1187963874999e-02 5.7288879778049e+00
4.1197963874999e-02 3.7553082221099e+00
4.1207963874999e-02 2.5514923802673e+00
4.1217963874999e-02 4.5156225158723e+00
4.1227963874999e-02 8.7884668015641e-01
4.1237963874999e-02 7.5960526689209e-01
4.1247963874999e-02 3.6951089953705e+00
4.1257963874999e-02 3.9391253291143e+00
4.1267963874999e-02 2.8168163836617e+00
4.1277963874999e-02 3.8740413641701e+00
4.1287963874999e-02 5.7920626733812e+00
4.1297963874999e-02 7.1405363750811e+00
4.1307963874999e-02 1.1182249425388e+01
4.1317963874999e-02 1.3822530647873e+01
4.1327963874999e-02 1.5883410031610e+01
4.1337963874999e-02 1.8165844057700e+01
4.1347963874999e-02 1.9393013173692e+01
4.1357963874999e-02 2.0720768812738e+01
4.1367963874999e-02 2.1974679304745e+01
4.1377963874999e-02 2.2502388033527e+01
4.1387963874999e-02 2.3755084904164e+01
4.1397963874999e-02 2.4791672881110e+01
4.1407963874999e-02 2.3130273360636e+01
4.1417963874999e-02 2.0577472915627e+01
4.1427963874999e-02 1.8799427635131e+01
4.1437963874999e-02 1.7028492044956e+01
4.1447963874999e-02 1.5798114395942e+01
4.1457963874999e-02 1.5880048657637e+01
4.1467963874999e-02 1.6056541888500e+01
4.1477963874999e-02 1.6451463853458e+01
4.1487963874999e-02 1.6582633238450e+01
4.1497963874999e-02 1.6919979246506e+01
4.1507963874999e-02 1.6603263154827e+01
4.1517963874999e-02 1.5789670273924e+01
4.1527963874999e-02 1.5369127079255e+01
4.1537963874999e-02 1.4047835740020e+01
4.1547963874999e-02 1.2085757655711e+01
4.1557963874999e-02 9.8589282210331e+00
4.1567963874999e-02 8.5451548503203e+00
4.1577963874999e-02 7.0583050951769e+00
4.1587963874999e-02 6.3687261144711e+00
4.1597963874999e-02 5.1379983729470e+00
4.1607963874999e-02 3.9227439894297e+00
4.1617963874999e-02 2.6736931828838e+00
4.1627963874999e-02 1.5888450371075e+00
4.1637963874999e-02 3.7025496039450e-01
4.1647963874999e-02 -4.7364616008725e-01
4.1657963874999e-02 -1.7176593211592e+00
4.1667963874999e-02 -3.2680242878305e+00
4.1677963874999e-02 -4.3722284814563e+00
4.1687963874999e-02 -5.6479306146469e+00
4.1697963874999e-02 -6.2958534322302e+00
4.1707963874999e-02 -8.4883992058845e+00
4.1717963874999e-02 -9.3566186735533e+00
4.1727963874999e-02 -1.0563165511798e+01
4.1737963874999e-02 -1.3693624430288e+01
4.1747963874999e-02 -1.4006254938995e+01
4.1757963874999e-02 -1.5792465008876e+01
4.1767963874999e-02 -1.5107416106382e+01
4.1777963874999e-02 -1.5219531680780e+01
4.1787963874999e-02 -1.5098444434790e+01
4.1797963874999e-02 -1.8616095420736e+01
4.1807963874999e-02 -2.0773258227943e+01
4.1817963874999e-02 -2.0425631349938e+01
4.1827963874999e-02 -2.0455360104417e+01
4.1837963874999e-02 -2.0897888853327e+01
4.1847963874999e-02 -2.0203119040538e+01
4.1857963874999e-02 -1.9327286199144e+01
4.1867963874999e-02 -1.9707681778859e+01
4.1877963874999e-02 -1.9842964098704e+01
4.1887963874999e-02 -2.0098807849238e+01
4.1897963874999e-02 -2.0301365247383e+01
4.1907963874999e-02 -2.0325317144528e+01
4.1917963874999e-02 -2.0010038416871e+01
4.1927963874999e-02 -1.9818144964561e+01
4.1937963874999e-02 -1.9899999560021e+01
4.1947963874999e-02 -1.8435309184657e+01
4.1957963874999e-02 -1.7566249638049e+01
4.1967963874999e-02 -1.6453427482875e+01
4.1977963874999e-02 -1.4415061473444e+01
4.1987963874999e-02 -1.2621752015441e+01
4.1997963874999e-02 -1.1505837430049e+01
4.2007963874999e-02 -1.0607666076834e+01
4.2017963874999e-02 -9.4981155013505e+00
4.2027963874999e-02 -7.3887946189852e+00
4.2037963874999e-02 -6.6150275338353e+00
4.2047963874999e-02 -5.5674942643118e+00
4.2057963874999e-02 -4.6171774949124e+00
4.2067963874999e-02 -3.9640612742701e+00
4.2077963874999e-02 -4.0758431369999e+00
4.2087963874999e-02 -3.0642084817827e+00
4.2097963874999e-02 -3.3788828607517e+00
4.2107963874999e-02 -2.8672057092302e+00
4.2117963874999e-02 -2.3962350359085e+00
4.2127963874999e-02 -2.3070025034079e+00
4.2137963874999e-02 -2.7659713896719e+00
4.2147963874999e-02 -3.2110245742472e+00
4.2157963874999e-02 -3.1123275188235e+00
4.2167963874999e-02 -3.9645043488407e+00
4.2177963874999e-02 -4.2544536105754e+00
4.2187963874999e-02 -4.6998704582972e+00
4.2197963874999e-02 -4.5249481352541e+00
4.2207963874999e-02 -4.3577302568621e+00
4.2217963874999e-02 -3.6337038436404e+00
4.2227963874999e-02 -3.1727960460252e+00
4.2237963874999e-02 -1.6790291459318e+00
4.2247963874999e-02 -7.6522640803309e-02
4.2257963874999e-02 1.6691514494406e+00
4.2267963874999e-02 3.5295382377623e+00
4.2277963874999e-02 4.8767211395062e+00
4.2287963874999e-02 6.3568296285114e+00
4.2297963874999e-02 7.4337234555974e+00
4.2307963874999e-02 7.9290150339774e+00
4.2317963874999e-02 8.4926055600108e+00
4.2327963874999e-02 1.0263977986477e+01
4.2337963874999e-02 1.0155686397778e+01
4.2347963874999e-02 9.4486128115114e+00
4.2357963874999e-02 8.9847645989458e+00
4.2367963874999e-02 7.9120701922567e+00
4.2377963874999e-02 6.5435023703316e+00
4.2387963874999e-02 5.4002234405926e+00
4.2397963874999e-02 3.7559755043656e+00
4.2407963874999e-02 2.2232978301465e+00
4.2417963874999e-02 1.2160079891011e+00
4.2427963874999e-02 4.8157616779661e-01
4.2437963874999e-02 3.1414085724917e-01
4.2447963874999e-02 6.1892526967294e-01
4.2457963874999e-02 9.3762019854184e-01
4.2467963874999e-02 1.7383627293222e+00
4.2477963874999e-02 3.5578878518206e+00
4.2487963874999e-02 5.7316951692531e+00
4.2497963874999e-02 8.0348794869565e+00
4.2507963874999e-02 9.8124218429905e+00
4.2517963874999e-02 1.2164977558756e+01
4.2527963874999e-02 1.3598102872309e+01
4.2537963874999e-02 1.4672651006640e+01
4.2547963874999e-02 1.5254793316458e+01
4.2557963874999e-02 1.5694115301921e+01
4.2567963874999e-02 1.7146031004962e+01
4.2577963874999e-02 1.7847620599095e+01
4.2587963874999e-02 1.8830755030896e+01
4.2597963874999e-02 1.8339526606853e+01
4.2607963874999e-02 1.7028504225779e+01
4.2617963874999e-02 1.6262771548659e+01
4.2627963874999e-02 1.5860224218210e+01
4.2637963874999e-02 1.4834847059039e+01
4.2647963874999e-02 1.4122345999554e+01
4.2657963874999e-02 1.3860537920010e+01
4.2667963874999e-02 1.3954255814618e+01
4.2677963874999e-02 1.3978195877979e+01
4.2687963874999e-02 1.4231497563653e+01
4.2697963874999e-02 1.4551955836251e+01
4.2707963874999e-02 1.5121495173833e+01
4.2717963874999e-02 1.5490212762406e+01
4.2727963874999e-02 1.5036198785873e+01
4.2737963874999e-02 1.4007265693210e+01
4.2747963874999e-02 1.3838631202654e+01
4.2757963874999e-02 1.3044592283526e+01
4.2767963874999e-02 1.1386765280081e+01
4.2777963874999e-02 9.6143365673217e+00
4.2787963874999e-02 8.4291758685297e+00
4.2797963874999e-02 7.7944731927022e+00
4.2807963874999e-02 6.8335542558807e+00
4.2817963874999e-02 6.2415102497515e+00
4.2827963874999e-02 6.1975132792514e+00
4.2837963874999e-02 6.0237215590223e+00
4.2847963874999e-02 4.7832844588943e+00
4.2857963874999e-02 3.7452349434805e+00
4.2867963874999e-02 2.5945538331145e+00
4.2877963874999e-02 1.4264267650205e+00
4.2887963874999e-02 9.3945402130047e-02
4.2897963874999e-02 -5.6729765581098e-01
4.2907963874999e-02 -1.5564467268644e+00
4.2917963874999e-02 -2.8107687236456e+00
4.2927963874999e-02 -3.2806914138665e+00
4.2937963874999e-02 -3.8415956995988e+00
4.2947963874999e-02 -4.5909661474325e+00
4.2957963874999e-02 -5.5822942326658e+00
4.2967963874999e-02 -6.0768022287192e+00
4.2977963874999e-02 -7.0237211151968e+00
4.2987963874999e-02 -8.4560896529350e+00
4.2997963874999e-02 -1.0084387854000e+01
4.3007963874999e-02 -1.1758618785828e+01
4.3017963874999e-02 -1.3889275362697e+01
4.3027963874999e-02 -1.5820545734710e+01
4.3037963874999e-02 -1.7772807736914e+01
4.3047963874999e-02 -2.0356027509994e+01
4.3057963874999e-02 -2.2391227815768e+01
4.3067963874999e-02 -2.3470920727777e+01
4.3077963874999e-02 -2.4134600003064e+01
4.3087963874999e-02 -2.5177062855282e+01
4.3097963874999e-02 -2.5245506116656e+01
4.3107963874999e-02 -2.5068816976079e+01
4.3117963874999e-02 -2.4957311692190e+01
4.3127963874999e-02 -2.4362322285702e+01
4.3137963874999e-02 -2.3660779607194e+01
4.3147963874999e-02 -2.1497328940337e+01
4.3157963874999e-02 -1.8888593511659e+01
4.3167963874999e-02 -1.7822463748503e+01
4.3177963874999e-02 -1.5148248566307e+01
4.3187963874999e-02 -1.3420635370802e+01
4.3197963874999e-02 -1.0192101381679e+01
4.3207963874999e-02 -9.6636289000156e+00
4.3217963874999e-02 -6.4273161935631e+00
4.3227963874999e-02 -4.7725904517287e+00
4.3237963874999e-02 -3.7495355960845e+00
4.3247963874999e-02 -3.1724366880158e+00
4.3257963874999e-02 -2.7441403177721e+00
4.3267963874999e-02 -6.4276425954837e-01
4.3277963874999e-02 4.2382975276242e-01
4.3287963874999e-02 1.1066982677127e+00
4.3297963874999e-02 2.1479586567588e+00
4.3307963874999e-02 3.1443677298497e+00
4.3317963874999e-02 3.9846178421761e+00
4.3327963874999e-02 5.9527673859159e+00
4.3337963874999e-02 7.8204794564566e+00
4.3347963874999e-02 9.5934511368582e+00
4.3357963874999e-02 1.1851226071588e+01
4.3367963874999e-02 1.3269847859081e+01
4.3377963874999e-02 1.3849336530228e+01
4.3387963874999e-02 1.4299325508574e+01
4.3397963874999e-02 1.5260935238177e+01
4.3407963874999e-02 1.5697841458346e+01
4.3417963874999e-02 1.6105432136931e+01
4.3427963874999e-02 1.6301214052873e+01
4.3437963874999e-02 1.4848303691260e+01
4.3447963874999e-02 1.4255157133832e+01
4.3457963874999e-02 1.2857175244789e+01
4.3467963874999e-02 1.1799763387051e+01
4.3477963874999e-02 1.0521290982200e+01
4.3487963874999e-02 1.1418011239944e+01
4.3497963874999e-02 1.0888041834778e+01
4.3507963874999e-02 1.1256940452049e+01
4.3517963874999e-02 1.0762877000822e+01
4.3527963874999e-02 9.0405148592509e+00
4.3537963874999e-02 1.3194076470829e+01
4.3547963874999e-02 9.8592133285204e+00
4.3557963874999e-02 1.3572004290852e+01
4.3567963874999e-02 1.0147835556643e+01
4.3577963874999e-02 1.3505309991442e+01
4.3587963874999e-02 1.0398533939465e+01
4.3597963874999e-02 1.5202330241432e+01
4.3607963874999e-02 1.2304829811687e+01
4.3617963874999e-02 1.6058593006821e+01
4.3627963874999e-02 1.2138802455066e+01
4.3637963874999e-02 1.1844058232890e+01
4.3647963874999e-02 1.0747180090444e+01
4.3657963874999e-02 9.7374581945613e+00
4.3667963874999e-02 1.0294080648499e+01
4.3677963874999e-02 1.0175708724549e+01
4.3687963874999e-02 1.0148217738498e+01
4.3697963874999e-02 1.0041922439117e+01
4.3707963874999e-02 1.0104761373229e+01
4.3717963874999e-02 9.8047288234288e+00
4.3727963874999e-02 9.3492555630427e+00
4.3737963874999e-02 9.2154899181187e+00
4.3747963874999e-02 8.0844026367861e+00
4.3757963874999e-02 7.3853513463384e+00
4.3767963874999e-02 6.5058274678863e+00
4.3777963874999e-02 5.7928731067936e+00
4.3787963874999e-02 5.0646177486111e+00
4.3797963874999e-02 4.2184594442504e+00
4.3807963874999e-02 2.8672578166295e+00
4.3817963874999e-02 1.2263274428084e+00
4.3827963874999e-02 4.5033138362423e-01
4.3837963874999e-02 -4.8692592063793e-01
4.3847963874999e-02 -1.7976441181637e+00
4.3857963874999e-02 -2.7639562547114e+00
4.3867963874999e-02 -3.4739939461165e+00
4.3877963874999e-02 -4.1921578009426e+00
4.3887963874999e-02 -4.6780632444093e+00
4.3897963874999e-02 -5.1464730436673e+00
4.3907963874999e-02 -5.5195604333092e+00
4.3917963874999e-02 -5.5815254456818e+00
4.3927963874999e-02 -5.9575192168003e+00
4.3937963874999e-02 -6.0925131914461e+00
4.3947963874999e-02 -5.4822069330974e+00
4.3957963874999e-02 -4.9426278353605e+00
4.3967963874999e-02 -4.3367177389846e+00
4.3977963874999e-02 -3.6543169932788e+00
4.3987963874999e-02 -3.3307777592962e+00
4.3997963874999e-02 -3.1412637896635e+00
4.4007963874999e-02 -3.6006980040920e+00
4.4017963874999e-02 -4.0913507032956e+00
4.4027963874999e-02 -6.0575851720714e+00
4.4037963874999e-02 -7.6366645718851e+00
4.4047963874999e-02 -9.3830847545326e+00
4.4057963874999e-02 -1.1169898221443e+01
4.4067963874999e-02 -1.4870771516816e+01
4.4077963874999e-02 -1.7381557870032e+01
4.4087963874999e-02 -1.9793050553070e+01
4.4097963874999e-02 -2.2125904416922e+01
4.4107963874999e-02 -2.4390616109100e+01
4.4117963874999e-02 -2.5460777121110e+01
4.4127963874999e-02 -2.6699540977711e+01
4.4137963874999e-02 -2.7969880834372e+01
4.4147963874999e-02 -2.9172230200248e+01
4.4157963874999e-02 -2.8855779112434e+01
4.4167963874999e-02 -2.9107921060028e+01
4.4177963874999e-02 -2.8488404834908e+01
4.4187963874999e-02 -2.7598281910149e+01
4.4197963874999e-02 -2.5478115700565e+01
4.4207963874999e-02 -2.4062723789664e+01
4.4217963874999e-02 -2.0824652528429e+01
4.4227963874999e-02 -1.8623827132930e+01
4.4237963874999e-02 -1.6508589760810e+01
4.4247963874999e-02 -1.3406353260410e+01
4.4257963874999e-02 -1.1030125680699e+01
4.4267963874999e-02 -8.2329740697221e+00
4.4277963874999e-02 -5.7117238137949e+00
4.4287963874999e-02 -3.3464368600138e+00
4.4297963874999e-02 -1.8207216142265e+00
4.4307963874999e-02 -2.5547287778138e-02
4.4317963874999e-02 1.7137528162897e+00
4.4327963874999e-02 2.9017335785899e+00
4.4337963874999e-02 4.6724759827779e+00
4.4347963874999e-02 6.7122025266957e+00
4.4357963874999e-02 7.2643416863326e+00
4.4367963874999e-02 8.0132399282033e+00
4.4377963874999e-02 9.1050691024277e+00
4.4387963874999e-02 1.0237771897005e+01
4.4397963874999e-02 9.9480672369878e+00
4.4407963874999e-02 1.0211229226849e+01
4.4417963874999e-02 1.1186887239551e+01
4.4427963874999e-02 1.1559884420901e+01
4.4437963874999e-02 1.2049988932912e+01
4.4447963874999e-02 1.2147865713488e+01
4.4457963874999e-02 1.1784071460597e+01
4.4467963874999e-02 1.1833993026106e+01
4.4477963874999e-02 1.2281169466198e+01
4.4487963874999e-02 1.1875320390686e+01
4.4497963874999e-02 1.3170544687011e+01
4.4507963874999e-02 1.3387739150532e+01
4.4517963874999e-02 1.4030312250502e+01
4.4527963874999e-02 1.4918336399745e+01
4.4537963874999e-02 1.5684498812892e+01
4.4547963874999e-02 1.5930165018394e+01
4.4557963874999e-02 1.6924266923143e+01
4.4567963874999e-02 1.7054275425647e+01
4.4577963874999e-02 1.6332073724236e+01
4.4587963874999e-02 1.6101397051700e+01
4.4597963874999e-02 1.5719887541829e+01
4.4607963874999e-02 1.5003065143459e+01
4.4617963874999e-02 1.4311756221665e+01
4.4627963874999e-02 1.2914498399953e+01
4.4637963874999e-02 1.2422019571733e+01
4.4647963874999e-02 1.2043758331118e+01
4.4657963874999e-02 1.0374923645224e+01
4.4667963874999e-02 1.0742839500785e+01
4.4677963874999e-02 1.5056314633833e+01
4.4687963874999e-02 8.0777450660161e+00
4.4697963874999e-02 1.0097487752754e+01
4.4707963874999e-02 1.0425742399204e+01
4.4717963874999e-02 9.8488063877666e+00
4.4727963874999e-02 4.8048874320771e+00
4.4737963874999e-02 1.2583540580442e+01
4.4747963874999e-02 1.0066553489184e+01
4.4757963874999e-02 8.7454723501147e+00
4.4767963874999e-02 6.7377194151261e+00
4.4777963874999e-02 7.4683452783185e+00
4.4787963874999e-02 5.4327096826725e+00
4.4797963874999e-02 4.8573230985059e+00
4.4807963874999e-02 5.4677942940334e+00
4.4817963874999e-02 4.3264516599903e+00
4.4827963874999e-02 3.7539726825954e+00
4.4837963874999e-02 3.7079728282573e+00
4.4847963874999e-02 2.4042471957843e+00
4.4857963874999e-02 1.2644230321197e+00
4.4867963874999e-02 2.8723093657784e-01
4.4877963874999e-02 -8.2203773069359e-01
4.4887963874999e-02 -1.8879848716499e+00
4.4897963874999e-02 -1.9987885484231e+00
4.4907963874999e-02 -2.4197289083497e+00
4.4917963874999e-02 -3.4119791837526e+00
4.4927963874999e-02 -3.3140159299730e+00
4.4937963874999e-02 -3.6206983020216e+00
4.4947963874999e-02 -3.4441530140472e+00
4.4957963874999e-02 -3.0604420239151e+00
4.4967963874999e-02 -3.5572915393918e+00
4.4977963874999e-02 -3.1973278883071e+00
4.4987963874999e-02 -2.0668492698842e+00
4.4997963874999e-02 -1.1988139914241e+00
4.5007963874999e-02 -8.3289863514304e-01
4.5017963874999e-02 -5.6141678848295e-01
4.5027963874999e-02 -1.0525073691372e+00
4.5037963874999e-02 -1.6305815651293e+00
4.5047963874999e-02 -2.6748510239164e+00
4.5057963874999e-02 -3.8624949748441e+00
4.5067963874999e-02 -5.1388448375358e+00
4.5077963874999e-02 -6.3049924166123e+00
4.5087963874999e-02 -7.9550000911616e+00
4.5097963874999e-02 -9.9814458926053e+00
4.5107963874999e-02 -1.1830376801281e+01
4.5117963874999e-02 -1.3506137815021e+01
4.5127963874999e-02 -1.4601669165418e+01
4.5137963874999e-02 -1.6050899654552e+01
4.5147963874999e-02 -1.7336498720380e+01
4.5157963874999e-02 -1.8668080715538e+01
4.5167963874999e-02 -1.9853448559735e+01
4.5177963874999e-02 -2.0252704847322e+01
4.5187963874999e-02 -2.1116885876980e+01
4.5197963874999e-02 -2.1867656257148e+01
4.5207963874999e-02 -2.1697908675831e+01
4.5217963874999e-02 -2.1401196068043e+01
4.5227963874999e-02 -2.0787456138302e+01
4.5237963874999e-02 -2.0652243909633e+01
4.5247963874999e-02 -1.9227502332431e+01
4.5257963874999e-02 -1.7876120135764e+01
4.5267963874999e-02 -1.6119537533971e+01
4.5277963874999e-02 -1.4343153939373e+01
4.5287963874999e-02 -1.2085112949260e+01
4.5297963874999e-02 -1.0870609114683e+01
4.5307963874999e-02 -9.7955691083456e+00
4.5317963874999e-02 -8.5031660059852e+00
4.5327963874999e-02 -7.7703807308517e+00
4.5337963874999e-02 -6.9797875188693e+00
4.5347963874999e-02 -5.9192311709584e+00
4.5357963874999e-02 -4.4193548682418e+00
4.5367963874999e-02 -3.3849730574548e+00
4.5377963874999e-02 -2.1811347286882e+00
4.5387963874999e-02 -9.2167502005882e-01
4.5397963874999e-02 1.1663574572531e+00
4.5407963874999e-02 3.6093876980303e+00
4.5417963874999e-02 3.1497785780232e+00
4.5427963874999e-02 4.2851423887402e+00
4.5437963874999e-02 5.3272610210420e+00
4.5447963874999e-02 4.8646613347594e+00
4.5457963874999e-02 5.2851391147689e+00
4.5467963874999e-02 6.1353488701304e+00
4.5477963874999e-02 7.2137485625045e+00
4.5487963874999e-02 7.8908744526495e+00
4.5497963874999e-02 8.6388746061418e+00
4.5507963874999e-02 9.6126833635131e+00
4.5517963874999e-02 9.9655864488399e+00
4.5527963874999e-02 9.2409553178194e+00
4.5537963874999e-02 9.1019863482926e+00
4.5547963874999e-02 1.0778129380503e+01
4.5557963874999e-02 1.1508637058945e+01
4.5567963874999e-02 1.1996195941777e+01
4.5577963874999e-02 1.2539295514725e+01
4.5587963874999e-02 1.3051114218744e+01
4.5597963874999e-02 1.4368989033842e+01
4.5607963874999e-02 1.5517743471664e+01
4.5617963874999e-02 1.5437587581006e+01
4.5627963874999e-02 1.6584347966857e+01
4.5637963874999e-02 1.6153847617583e+01
4.5647963874999e-02 1.6300874361040e+01
4.5657963874999e-02 1.6004976655428e+01
4.5667963874999e-02 1.5563665715251e+01
4.5677963874999e-02 1.5203594057598e+01
4.5687963874999e-02 1.5174049170699e+01
4.5697963874999e-02 1.5317459360796e+01
4.5707963874999e-02 1.4784369961830e+01
4.5717963874999e-02 1.4895183696491e+01
4.5727963874999e-02 1.3984840082988e+01
4.5737963874999e-02 1.4040489526497e+01
4.5747963874999e-02 1.4281724420790e+01
4.5757963874999e-02 1.3714184557931e+01
4.5767963874999e-02 1.4077767519585e+01
4.5777963874999e-02 1.4417915816953e+01
4.5787963874999e-02 1.4411737412466e+01
4.5797963874999e-02 1.2828098879490e+01
4.5807963874999e-02 1.2182289367117e+01
4.5817963874999e-02 1.1738698704323e+01
4.5827963874999e-02 1.1476318322868e+01
4.5837963874999e-02 1.0592221297510e+01
4.5847963874999e-02 9.8872139052821e+00
4.5857963874999e-02 9.1897166296039e+00
4.5867963874999e-02 8.6380724530492e+00
4.5877963874999e-02 7.5283453741974e+00
4.5887963874999e-02 7.0877010047088e+00
4.5897963874999e-02 6.5060774555405e+00
4.5907963874999e-02 5.5909704953440e+00
4.5917963874999e-02 4.4416997186426e+00
4.5927963874999e-02 3.4039810291928e+00
4.5937963874999e-02 2.1459009592142e+00
4.5947963874999e-02 1.1789968412628e+00
4.5957963874999e-02 -2.3324009866041e-01
4.5967963874999e-02 -1.2194050073621e+00
4.5977963874999e-02 -1.9913728090080e+00
4.5987963874999e-02 -3.0881868595087e+00
4.5997963874999e-02 -3.7216989162619e+00
4.6007963874999e-02 -4.2822126837835e+00
4.6017963874999e-02 -4.9318678646260e+00
4.6027963874999e-02 -5.1581007163869e+00
4.6037963874999e-02 -4.4426622379554e+00
4.6047963874999e-02 -4.3707111706024e+00
4.6057963874999e-02 -4.4441042481954e+00
4.6067963874999e-02 -4.2804175032939e+00
4.6077963874999e-02 -2.7797216322259e+00
4.6087963874999e-02 -1.9964000758203e+00
4.6097963874999e-02 -1.9421927560289e+00
4.6107963874999e-02 -8.3768987566672e-01
4.6117963874999e-02 -3.6542066855195e-01
4.6127963874999e-02 -1.2145485535904e+00
4.6137963874999e-02 -1.6586844717524e+00
4.6147963874999e-02 -2.0427254912283e+00
4.6157963874999e-02 -3.6441099749158e+00
4.6167963874999e-02 -5.6886627998808e+00
4.6177963874999e-02 -8.3518204748014e+00
4.6187963874999e-02 -1.0257335952612e+01
4.6197963874999e-02 -1.1598122136968e+01
4.6207963874999e-02 -1.4419276346735e+01
4.6217963874999e-02 -1.6623030042549e+01
4.6227963874999e-02 -1.7810074273434e+01
4.6237963874999e-02 -1.9129040557443e+01
4.6247963874999e-02 -2.1327363437635e+01
4.6257963874999e-02 -2.2747826498620e+01
4.6267963874999e-02 -2.4460055958567e+01
4.6277963874999e-02 -2.4910550255819e+01
4.6287963874999e-02 -2.5756688165372e+01
4.6297963874999e-02 -2.5333637837599e+01
4.6307963874999e-02 -2.4727745279282e+01
4.6317963874999e-02 -2.4934813356164e+01
4.6327963874999e-02 -2.3743815284276e+01
4.6337963874999e-02 -2.2638368507993e+01
4.6347963874999e-02 -2.1338016853484e+01
4.6357963874999e-02 -2.0168463376135e+01
4.6367963874999e-02 -1.8553540962152e+01
4.6377963874999e-02 -1.6648451867003e+01
4.6387963874999e-02 -1.4979651202289e+01
4.6397963874999e-02 -1.2821771744671e+01
4.6407963874999e-02 -1.0905555435286e+01
4.6417963874999e-02 -8.5689027122374e+00
4.6427963874999e-02 -6.8070902472166e+00
4.6437963874999e-02 -5.3377326834822e+00
4.6447963874999e-02 -4.2242372057243e+00
4.6457963874999e-02 -2.6071475044581e+00
4.6467963874999e-02 -1.0656123225706e+00
4.6477963874999e-02 -5.1600103815757e-02
4.6487963874999e-02 1.2993646600197e+00
4.6497963874999e-02 3.0731425106236e+00
4.6507963874999e-02 4.1747627648046e+00
4.6517963874999e-02 4.9665640951261e+00
4.6527963874999e-02 6.0653712484287e+00
4.6537963874999e-02 6.6123301444796e+00
4.6547963874999e-02 7.4282806762942e+00
4.6557963874999e-02 8.8776700678568e+00
4.6567963874999e-02 9.9263418016769e+00
4.6577963874999e-02 1.1253395018390e+01
4.6587963874999e-02 1.2374330035215e+01
4.6597963874999e-02 1.2823077962104e+01
4.6607963874999e-02 1.3644863077090e+01
4.6617963874999e-02 1.4163511055889e+01
4.6627963874999e-02 1.4216134662959e+01
4.6637963874999e-02 1.4746826163651e+01
4.6647963874999e-02 1.4653008098678e+01
4.6657963874999e-02 1.4774343588973e+01
4.6667963874999e-02 1.4830375000339e+01
4.6677963874999e-02 1.5473279414587e+01
4.6687963874999e-02 1.5710161648062e+01
4.6697963874999e-02 1.6205957577375e+01
4.6707963874999e-02 1.6649022283924e+01
4.6717963874999e-02 1.6458258262231e+01
4.6727963874999e-02 1.6747605949790e+01
4.6737963874999e-02 1.7724047203440e+01
4.6747963874999e-02 1.8862819795611e+01
4.6757963874999e-02 1.9058717970582e+01
4.6767963874999e-02 1.8792234640273e+01
4.6777963874999e-02 1.9433755516625e+01
4.6787963874999e-02 1.8982014544007e+01
4.6797963874999e-02 1.6772767515443e+01
4.6807963874999e-02 1.6407799139991e+01
4.6817963874999e-02 1.4743654374576e+01
4.6827963874999e-02 1.3621420551203e+01
4.6837963874999e-02 1.2296100262344e+01
4.6847963874999e-02 1.1586608451204e+01
4.6857963874999e-02 1.0557616564630e+01
4.6867963874999e-02 8.7304648307754e+00
4.6877963874999e-02 1.0122343083267e+01
4.6887963874999e-02 7.3230994637240e+00
4.6897963874999e-02 7.1794420149218e+00
4.6907963874999e-02 6.5556525473609e+00
4.6917963874999e-02 5.9927756732364e+00
4.6927963874999e-02 3.2868820876786e+00
4.6937963874999e-02 4.5139246540323e+00
4.6947963874999e-02 3.5352117875938e+00
4.6957963874999e-02 1.8969604718928e+00
4.6967963874999e-02 8.6519070115501e-01
4.6977963874999e-02 -9.6173576834340e-01
4.6987963874999e-02 -1.0313696871257e+00
4.6997963874999e-02 -2.9078418954814e+00
4.7007963874999e-02 -2.9260354272648e+00
4.7017963874999e-02 -4.5660725734293e+00
4.7027963874999e-02 -5.2375836378637e+00
4.7037963874999e-02 -5.0987512174767e+00
4.7047963874999e-02 -6.3490768377694e+00
4.7057963874999e-02 -7.4629953971572e+00
4.7067963874999e-02 -1.0431017499853e+01
4.7077963874999e-02 -1.1479440224951e+01
4.7087963874999e-02 -1.1754811479493e+01
4.7097963874999e-02 -1.1993694089399e+01
4.7107963874999e-02 -1.3949104678536e+01
4.7117963874999e-02 -1.4113397810545e+01
4.7127963874999e-02 -1.5791463305286e+01
4.7137963874999e-02 -1.6993018097090e+01
4.7147963874999e-02 -1.6938221649450e+01
4.7157963874999e-02 -1.6688415909507e+01
4.7167963874999e-02 -1.6905783825528e+01
4.7177963874999e-02 -1.7739613258298e+01
4.7187963874999e-02 -1.9369515256624e+01
4.7197963874999e-02 -1.9337374255067e+01
4.7207963874999e-02 -1.9489841673790e+01
4.7217963874999e-02 -2.0047243444676e+01
4.7227963874999e-02 -2.1721025564041e+01
4.7237963874999e-02 -2.0591946095175e+01
4.7247963874999e-02 -2.1878427199571e+01
4.7257963874999e-02 -2.1070070581172e+01
4.7267963874999e-02 -2.2725788867197e+01
4.7277963874999e-02 -2.0657987980925e+01
4.7287963874999e-02 -2.0650454212378e+01
4.7297963874999e-02 -1.8021543927661e+01
4.7307963874999e-02 -1.7003243898170e+01
4.7317963874999e-02 -1.1524517192678e+01
4.7327963874999e-02 -1.0813083430276e+01
4.7337963874999e-02 -8.4474918776552e+00
4.7347963874999e-02 -5.4412128040123e+00
4.7357963874999e-02 -2.8503304654691e+00
4.7367963874999e-02 -1.1786596396079e+00
4.7377963874999e-02 1.0932864243934e+00
4.7387963874999e-02 2.5851647837206e+00
4.7397963874999e-02 4.6049039977298e+00
4.7407963874999e-02 6.3602287134852e+00
4.7417963874999e-02 7.5192812089164e+00
4.7427963874999e-02 9.8181306118828e+00
4.7437963874999e-02 1.0928561045865e+01
4.7447963874999e-02 1.2299749439104e+01
4.7457963874999e-02 1.3282672363439e+01
4.7467963874999e-02 1.4226349389774e+01
4.7477963874999e-02 1.4228444912803e+01
4.7487963874999e-02 1.4217933968448e+01
4.7497963874999e-02 1.3267687602936e+01
4.7507963874999e-02 1.2887187249588e+01
4.7517963874999e-02 1.2259082082579e+01
4.7527963874999e-02 1.1639682417450e+01
4.7537963874999e-02 1.1971962235302e+01
4.7547963874999e-02 1.2315051248684e+01
4.7557963874999e-02 1.2444255193627e+01
4.7567963874999e-02 1.2603275567051e+01
4.7577963874999e-02 1.2931921868547e+01
4.7587963874999e-02 1.3143885129417e+01
4.7597963874999e-02 1.4863221235218e+01
4.7607963874999e-02 1.6543967885854e+01
4.7617963874999e-02 1.7052075529536e+01
4.7627963874999e-02 1.7554602196341e+01
4.7637963874999e-02 1.7590962939862e+01
4.7647963874999e-02 1.7086467843986e+01
4.7657963874999e-02 1.6848126716129e+01
4.7667963874999e-02 1.6404268284173e+01
4.7677963874999e-02 1.4785267161752e+01
4.7687963874999e-02 1.4144764648546e+01
4.7697963874999e-02 1.3576139366621e+01
4.7707963874999e-02 1.2526456717099e+01
4.7717963874999e-02 1.1606891552965e+01
4.7727963874999e-02 1.1742549907847e+01
4.7737963874999e-02 1.0659744727549e+01
4.7747963874999e-02 1.0785072831723e+01
4.7757963874999e-02 1.0608351047249e+01
4.7767963874999e-02 1.0557245213258e+01
4.7777963874999e-02 1.0253134599269e+01
4.7787963874999e-02 9.4440173907888e+00
4.7797963874999e-02 8.4908183586169e+00
4.7807963874999e-02 8.0672568842466e+00
4.7817963874999e-02 7.2831296424334e+00
4.7827963874999e-02 6.9268212443185e+00
4.7837963874999e-02 5.5792882981221e+00
4.7847963874999e-02 4.6030190542604e+00
4.7857963874999e-02 3.3972845472113e+00
4.7867963874999e-02 2.0654679469975e+00
4.7877963874999e-02 3.5112301400618e-02
4.7887963874999e-02 -1.1894574715033e+00
4.7897963874999e-02 -1.4513312027061e+00
4.7907963874999e-02 -2.1192248810763e+00
4.7917963874999e-02 -4.1694572013316e+00
4.7927963874999e-02 -5.8460932248835e+00
4.7937963874999e-02 -6.7172372774770e+00
4.7947963874999e-02 -6.0264316657314e+00
4.7957963874999e-02 -6.7733563934957e+00
4.7967963874999e-02 -8.0017811682701e+00
4.7977963874999e-02 -8.0894285657653e+00
4.7987963874999e-02 -6.5242700893637e+00
4.7997963874999e-02 -5.9434661971453e+00
4.8007963874999e-02 -5.6292845591496e+00
4.8017963874999e-02 -5.8013272656533e+00
4.8027963874999e-02 -6.0757529983327e+00
4.8037963874999e-02 -6.4716998026431e+00
4.8047963874999e-02 -7.3761092812976e+00
4.8057963874999e-02 -9.0462061319400e+00
4.8067963874999e-02 -1.0922043154072e+01
4.8077963874999e-02 -1.3438639840476e+01
4.8087963874999e-02 -1.5292776657846e+01
4.8097963874999e-02 -1.6949068612555e+01
4.8107963874999e-02 -1.8907306421524e+01
4.8117963874999e-02 -2.0422393484895e+01
4.8127963874999e-02 -2.2048147961228e+01
4.8137963874999e-02 -2.4154736764452e+01
4.8147963874999e-02 -2.4795727497573e+01
4.8157963874999e-02 -2.5469166488249e+01
4.8167963874999e-02 -2.5093259175827e+01
4.8177963874999e-02 -2.4426428609867e+01
4.8187963874999e-02 -2.3357832124463e+01
4.8197963874999e-02 -2.2246472975163e+01
4.8207963874999e-02 -2.1281517802525e+01
4.8217963874999e-02 -1.9143458517618e+01
4.8227963874999e-02 -1.6513132444188e+01
4.8237963874999e-02 -1.4282982493128e+01
4.8247963874999e-02 -1.1754218296320e+01
4.8257963874999e-02 -9.6639084845054e+00
4.8267963874999e-02 -7.2791787517001e+00
4.8277963874999e-02 -5.3244741962030e+00
4.8287963874999e-02 -3.5170513349324e+00
4.8297963874999e-02 -1.6986885545436e+00
4.8307963874999e-02 -1.2329888368280e+00
4.8317963874999e-02 5.0538621539799e-01
4.8327963874999e-02 2.2062331707529e+00
4.8337963874999e-02 3.3985347788358e+00
4.8347963874999e-02 3.1394991381523e+00
4.8357963874999e-02 3.1734396812955e+00
4.8367963874999e-02 3.8020368363445e+00
4.8377963874999e-02 3.9408290127198e+00
4.8387963874999e-02 3.7833876919072e+00
4.8397963874999e-02 4.4964468528058e+00
4.8407963874999e-02 5.8242318107547e+00
4.8417963874999e-02 6.0310011745792e+00
4.8427963874999e-02 6.6523542311631e+00
4.8437963874999e-02 6.5388151912864e+00
4.8447963874999e-02 6.8785447448757e+00
4.8457963874999e-02 8.0036886936874e+00
4.8467963874999e-02 8.1198366344304e+00
4.8477963874999e-02 8.2517409177156e+00
4.8487963874999e-02 8.8883928733061e+00
4.8497963874999e-02 9.6496621596415e+00
4.8507963874999e-02 1.1254500229738e+01
4.8517963874999e-02 1.1998774085268e+01
4.8527963874999e-02 1.2952170229476e+01
4.8537963874999e-02 1.4263475068488e+01
4.8547963874999e-02 1.5507373805811e+01
4.8557963874999e-02 1.5979951056706e+01
4.8567963874999e-02 1.7176992149504e+01
4.8577963874999e-02 1.7959388372339e+01
4.8587963874999e-02 1.8229058241781e+01
4.8597963874999e-02 1.8514465610177e+01
4.8607963874999e-02 1.7322251957888e+01
4.8617963874999e-02 1.6903897088269e+01
4.8627963874999e-02 1.6258617906485e+01
4.8637963874999e-02 1.5597333983172e+01
4.8647963874999e-02 1.5027459749410e+01
4.8657963874999e-02 1.4157621877744e+01
4.8667963874999e-02 1.4378673968717e+01
4.8677963874999e-02 1.4033134689547e+01
4.8687963874999e-02 1.4760920987742e+01
4.8697963874999e-02 1.4864822174916e+01
4.8707963874999e-02 1.4864102986012e+01
4.8717963874999e-02 1.4833429214038e+01
4.8727963874999e-02 1.4844440178777e+01
4.8737963874999e-02 1.3243169279638e+01
4.8747963874999e-02 1.1172396169370e+01
4.8757963874999e-02 1.1000362304283e+01
4.8767963874999e-02 1.0669384481790e+01
4.8777963874999e-02 1.1679079501417e+01
4.8787963874999e-02 1.1679953780698e+01
4.8797963874999e-02 1.0748955576034e+01
4.8807963874999e-02 8.0217358122173e+00
4.8817963874999e-02 7.4182509034532e+00
4.8827963874999e-02 5.5117353527273e+00
4.8837963874999e-02 5.7995257781371e+00
4.8847963874999e-02 5.3291112684873e+00
4.8857963874999e-02 5.0184783597587e+00
4.8867963874999e-02 4.2107010725774e+00
4.8877963874999e-02 2.8918712442260e+00
4.8887963874999e-02 5.1364258585853e-01
4.8897963874999e-02 3.9419661341815e-03
4.8907963874999e-02 -1.5588268814955e+00
4.8917963874999e-02 -2.5020148050076e+00
4.8927963874999e-02 -3.1552673363790e+00
4.8937963874999e-02 -3.9246717946246e+00
4.8947963874999e-02 -5.2308269467670e+00
4.8957963874999e-02 -6.3456400541872e+00
4.8967963874999e-02 -6.4651651183174e+00
4.8977963874999e-02 -5.8541345966909e+00
4.8987963874999e-02 -5.5038212634947e+00
4.8997963874999e-02 -5.1585455024146e+00
4.9007963874999e-02 -4.8179976443379e+00
4.9017963874999e-02 -4.7365477353130e+00
4.9027963874999e-02 -3.6180008330170e+00
4.9037963874999e-02 -2.3593155310333e+00
4.9047963874999e-02 -1.4345451434850e+00
4.9057963874999e-02 2.5629322475346e-01
4.9067963874999e-02 6.2314776759193e-02
4.9077963874999e-02 1.5594566765031e-01
4.9087963874999e-02 -3.6851071877647e-01
4.9097963874999e-02 -1.2353210844417e+00
4.9107963874999e-02 -3.0345146898737e+00
4.9117963874999e-02 -4.9236345420140e+00
4.9127963874999e-02 -7.4835236531950e+00
4.9137963874999e-02 -1.0975848824849e+01
4.9147963874999e-02 -1.3210713626351e+01
4.9157963874999e-02 -1.5064204681745e+01
4.9167963874999e-02 -1.7748648858980e+01
4.9177963874999e-02 -1.9902380251707e+01
4.9187963874999e-02 -2.1644567596904e+01
4.9197963874999e-02 -2.4380311687884e+01
4.9207963874999e-02 -2.5356033083141e+01
4.9217963874999e-02 -2.6883055073408e+01
4.9227963874999e-02 -2.7399575017210e+01
4.9237963874999e-02 -2.8539210507631e+01
4.9247963874999e-02 -2.8988369064326e+01
4.9257963874999e-02 -2.8899178449829e+01
4.9267963874999e-02 -2.8228390963537e+01
4.9277963874999e-02 -2.7345037940303e+01
4.9287963874999e-02 -2.5923086784353e+01
4.9297963874999e-02 -2.4445492289634e+01
4.9307963874999e-02 -2.3070977111824e+01
4.9317963874999e-02 -2.0394208907516e+01
4.9327963874999e-02 -1.7725417783113e+01
4.9337963874999e-02 -1.6739807786589e+01
4.9347963874999e-02 -1.3932273488279e+01
4.9357963874999e-02 -1.1837377496983e+01
4.9367963874999e-02 -9.8544857202081e+00
4.9377963874999e-02 -8.2867388978906e+00
4.9387963874999e-02 -6.5274342383066e+00
4.9397963874999e-02 -4.0649639280477e+00
4.9407963874999e-02 -2.6597432273931e+00
4.9417963874999e-02 -7.1658469557069e-01
4.9427963874999e-02 1.3771819433818e+00
4.9437963874999e-02 2.6477601304087e+00
4.9447963874999e-02 4.4846282400667e+00
4.9457963874999e-02 6.0157068878966e+00
4.9467963874999e-02 7.2102337515534e+00
4.9477963874999e-02 8.3091318808260e+00
4.9487963874999e-02 8.9165053270033e+00
4.9497963874999e-02 9.7709375646384e+00
4.9507963874999e-02 1.0545887130271e+01
4.9517963874999e-02 1.2361231191926e+01
4.9527963874999e-02 1.3248961134909e+01
4.9537963874999e-02 1.4411948042337e+01
4.9547963874999e-02 1.4506832090930e+01
4.9557963874999e-02 1.5115972579222e+01
4.9567963874999e-02 1.5225886051900e+01
4.9577963874999e-02 1.5809884144916e+01
4.9587963874999e-02 1.6357955838166e+01
4.9597963874999e-02 1.6149010361881e+01
4.9607963874999e-02 1.7084738005165e+01
4.9617963874999e-02 1.7121434813922e+01
4.9627963874999e-02 1.7159973312862e+01
4.9637963874999e-02 1.6955997185531e+01
4.9647963874999e-02 1.6821221826377e+01
4.9657963874999e-02 1.6490431455496e+01
4.9667963874999e-02 1.6684306877581e+01
4.9677963874999e-02 1.7594943341537e+01
4.9687963874999e-02 1.7467817387676e+01
4.9697963874999e-02 1.7148232801396e+01
4.9707963874999e-02 1.6559765088520e+01
4.9717963874999e-02 1.6620381595420e+01
4.9727963874999e-02 1.4795373900853e+01
4.9737963874999e-02 1.3254802200689e+01
4.9747963874999e-02 1.2768443623647e+01
4.9757963874999e-02 1.1067562325908e+01
4.9767963874999e-02 1.0324188200926e+01
4.9777963874999e-02 1.0615547951877e+01
4.9787963874999e-02 9.9582590989310e+00
4.9797963874999e-02 9.9820479831726e+00
4.9807963874999e-02 1.0355509006823e+01
4.9817963874999e-02 9.7240280632824e+00
4.9827963874999e-02 1.0077850277310e+01
4.9837963874999e-02 9.1221712285340e+00
4.9847963874999e-02 8.8997168319602e+00
4.9857963874999e-02 7.6587453491280e+00
4.9867963874999e-02 5.6903999695540e+00
4.9877963874999e-02 5.0849193030414e+00
4.9887963874999e-02 4.2243197225446e+00
4.9897963874999e-02 3.1914666501299e+00
4.9907963874999e-02 1.6019134778758e+00
4.9917963874999e-02 1.4348603321183e+00
4.9927963874999e-02 1.1891724143657e-01
4.9937963874999e-02 -4.4368267377278e-01
4.9947963874999e-02 -1.6699032587974e+00
4.9957963874999e-02 -1.6189558900771e+00
4.9967963874999e-02 -1.9206262167156e+00
4.9977963874999e-02 -2.3946530771866e+00
4.9987963874999e-02 -4.0654144498601e+00
4.9997963874999e-02 -4.1499642798229e+00
5.0007963874999e-02 -4.9085524096352e+00
5.0017963874999e-02 -5.0406629389598e+00
5.0027963874999e-02 -6.0366158918086e+00
5.0037963874999e-02 -5.8752223931631e+00
5.0047963874999e-02 -6.4324301756178e+00
5.0057963874999e-02 -6.4287804558945e+00
5.0067963874999e-02 -5.4516614130176e+00
5.0077963874999e-02 -5.3554153998909e+00
5.0087963874999e-02 -4.9764570999844e+00
5.0097963874999e-02 -4.6037849984933e+00
5.0107963874999e-02 -4.7828933379296e+00
5.0117963874999e-02 -6.2520015933131e+00
5.0127963874999e-02 -7.4782185402489e+00
5.0137963874999e-02 -8.8375216911040e+00
5.0147963874999e-02 -1.0004841601938e+01
5.0157963874999e-02 -1.1594263475588e+01
5.0167963874999e-02 -1.3158527656806e+01
5.0177963874999e-02 -1.4534192911842e+01
5.0187963874999e-02 -1.6113102796930e+01
5.0197963874999e-02 -1.7447808757845e+01
5.0207963874999e-02 -1.8495938287475e+01
5.0217963874999e-02 -1.9081412343548e+01
5.0227963874999e-02 -1.9094993317671e+01
5.0237963874999e-02 -1.9490048678716e+01
5.0247963874999e-02 -1.9732986251904e+01
5.0257963874999e-02 -1.8732857134713e+01
5.0267963874999e-02 -1.8753578314776e+01
5.0277963874999e-02 -1.7582513806794e+01
5.0287963874999e-02 -1.6754373731767e+01
5.0297963874999e-02 -1.5830053946838e+01
5.0307963874999e-02 -1.4788094520332e+01
5.0317963874999e-02 -1.3618500852573e+01
5.0327963874999e-02 -1.3451321029874e+01
5.0337963874999e-02 -1.2569901634094e+01
5.0347963874999e-02 -1.1904075475179e+01
5.0357963874999e-02 -1.0741328110041e+01
5.0367963874999e-02 -1.0822490956959e+01
5.0377963874999e-02 -9.7659070067827e+00
5.0387963874999e-02 -9.2388143749991e+00
5.0397963874999e-02 -8.1487779234219e+00
5.0407963874999e-02 -6.7823904792487e+00
5.0417963874999e-02 -5.6392060325784e+00
5.0427963874999e-02 -4.1109271871351e+00
5.0437963874999e-02 -3.4103375635195e+00
5.0447963874999e-02 -2.6732528610430e+00
5.0457963874999e-02 -8.7931404099401e-01
5.0467963874999e-02 -3.8871254430824e-01
5.0477963874999e-02 1.1621665593352e+00
5.0487963874999e-02 2.3672393852432e+00
5.0497963874999e-02 3.4782884268041e+00
5.0507963874999e-02 4.2293666788044e+00
5.0517963874999e-02 4.3794066033855e+00
5.0527963874999e-02 4.9000672337111e+00
5.0537963874999e-02 5.2685477246952e+00
5.0547963874999e-02 6.0500541874014e+00
5.0557963874999e-02 7.0226027412952e+00
5.0567963874999e-02 7.2134756578912e+00
5.0577963874999e-02 7.8370798892473e+00
5.0587963874999e-02 9.2209902704007e+00
5.0597963874999e-02 9.6423340250209e+00
5.0607963874999e-02 1.0421210423127e+01
5.0617963874999e-02 1.1819109022692e+01
5.0627963874999e-02 1.3314990999109e+01
5.0637963874999e-02 1.3874858017897e+01
5.0647963874999e-02 1.4841822233676e+01
5.0657963874999e-02 1.6173985236056e+01
5.0667963874999e-02 1.5696349226525e+01
5.0677963874999e-02 1.6526722284430e+01
5.0687963874999e-02 1.7637177260316e+01
5.0697963874999e-02 1.6703841919639e+01
5.0707963874999e-02 1.6448081233514e+01
5.0717963874999e-02 1.7504953050477e+01
5.0727963874999e-02 1.8507100917903e+01
5.0737963874999e-02 1.9391558968027e+01
5.0747963874999e-02 1.9845105491903e+01
5.0757963874999e-02 1.9916663576040e+01
5.0767963874999e-02 1.9638093043600e+01
5.0777963874999e-02 1.9987273785798e+01
5.0787963874999e-02 1.8892732600275e+01
5.0797963874999e-02 1.7677485580736e+01
5.0807963874999e-02 1.7452386680239e+01
5.0817963874999e-02 1.6403714723243e+01
5.0827963874999e-02 1.6375588899076e+01
5.0837963874999e-02 1.4820586985719e+01
5.0847963874999e-02 1.4454974845209e+01
5.0857963874999e-02 1.4104085355860e+01
5.0867963874999e-02 1.3106525027915e+01
5.0877963874999e-02 1.2127721450130e+01
5.0887963874999e-02 1.0734880391090e+01
5.0897963874999e-02 9.5086324724086e+00
5.0907963874999e-02 8.6123692433583e+00
5.0917963874999e-02 6.8529016530417e+00
5.0927963874999e-02 5.7543103501314e+00
5.0937963874999e-02 4.7104141027485e+00
5.0947963874999e-02 3.7717613640364e+00
5.0957963874999e-02 2.5727843831570e+00
5.0967963874999e-02 1.4218916853846e+00
5.0977963874999e-02 7.9625919460075e-01
5.0987963874999e-02 6.0699133903176e-02
5.0997963874999e-02 -1.3860232145803e+00
5.1007963874999e-02 -2.9769808362444e+00
5.1017963874999e-02 -3.3613191772797e+00
5.1027963874999e-02 -3.5053333311762e+00
5.1037963874999e-02 -3.1089221092603e+00
5.1047963874999e-02 -3.8734800223224e+00
5.1057963874999e-02 -4.2648754107740e+00
5.1067963874999e-02 -4.9639951922304e+00
5.1077963874999e-02 -4.1843544130269e+00
5.1087963874999e-02 -4.9587499167786e+00
5.1097963874999e-02 -5.3858075845584e+00
5.1107963874999e-02 -6.1500006169895e+00
5.1117963874999e-02 -6.8396591627104e+00
5.1127963874999e-02 -6.4693701154573e+00
5.1137963874999e-02 -8.4464290396691e+00
5.1147963874999e-02 -1.0153574693248e+01
5.1157963874999e-02 -1.1429860568736e+01
5.1167963874999e-02 -1.2645859747608e+01
5.1177963874999e-02 -1.4504124749415e+01
5.1187963874999e-02 -1.5511098555668e+01
5.1197963874999e-02 -1.6853518964077e+01
5.1207963874999e-02 -1.7926163739871e+01
5.1217963874999e-02 -1.9309629823389e+01
5.1227963874999e-02 -1.8657484653896e+01
5.1237963874999e-02 -1.8876791892683e+01
5.1247963874999e-02 -1.8613074441023e+01
5.1257963874999e-02 -1.9362327589616e+01
5.1267963874999e-02 -2.0121067187173e+01
5.1277963874999e-02 -2.1648880923772e+01
5.1287963874999e-02 -2.0956560443801e+01
5.1297963874999e-02 -2.2154826562507e+01
5.1307963874999e-02 -1.9862997976023e+01
5.1317963874999e-02 -1.8354480517738e+01
5.1327963874999e-02 -1.7915444126356e+01
5.1337963874999e-02 -1.6896816156682e+01
5.1347963874999e-02 -1.5001591278220e+01
5.1357963874999e-02 -1.4617950457599e+01
5.1367963874999e-02 -1.4034621278179e+01
5.1377963874999e-02 -1.2980584081704e+01
5.1387963874999e-02 -1.2749752188031e+01
5.1397963874999e-02 -1.3245065346191e+01
5.1407963874999e-02 -1.1518728430762e+01
5.1417963874999e-02 -1.1167386975603e+01
5.1427963874999e-02 -1.0334412599488e+01
5.1437963874999e-02 -9.3729831902646e+00
5.1447963874999e-02 -7.9005892336758e+00
5.1457963874999e-02 -7.2433673323342e+00
5.1467963874999e-02 -4.9647298284597e+00
5.1477963874999e-02 -4.0561293191599e+00
5.1487963874999e-02 -1.6064082827490e+00
5.1497963874999e-02 -5.7172867823314e-01
5.1507963874999e-02 7.0502615731845e-01
5.1517963874999e-02 2.2920994688829e+00
5.1527963874999e-02 3.1645844064773e+00
5.1537963874999e-02 3.6683387744824e+00
5.1547963874999e-02 3.6752800259084e+00
5.1557963874999e-02 4.5426526595218e+00
5.1567963874999e-02 4.2846385825269e+00
5.1577963874999e-02 4.0968646466372e+00
5.1587963874999e-02 4.5228007521464e+00
5.1597963874999e-02 4.7073174588684e+00
5.1607963874999e-02 5.2613323121607e+00
5.1617963874999e-02 5.4543648350380e+00
5.1627963874999e-02 5.4994114452751e+00
5.1637963874999e-02 6.4589093183565e+00
5.1647963874999e-02 6.7954301216578e+00
5.1657963874999e-02 7.2188766489957e+00
5.1667963874999e-02 8.3346866210944e+00
5.1677963874999e-02 9.7466165828053e+00
5.1687963874999e-02 1.2587469338836e+01
5.1697963874999e-02 1.5786902777568e+01
5.1707963874999e-02 1.7148754175829e+01
5.1717963874999e-02 1.8769454455740e+01
5.1727963874999e-02 1.9920705565578e+01
5.1737963874999e-02 2.1290656412430e+01
5.1747963874999e-02 2.2389538676070e+01
5.1757963874999e-02 2.2407696882486e+01
5.1767963874999e-02 2.1414451297303e+01
5.1777963874999e-02 2.0995650836667e+01
5.1787963874999e-02 1.8849443819770e+01
5.1797963874999e-02 1.7939582959216e+01
5.1807963874999e-02 1.7433253022842e+01
5.1817963874999e-02 1.6940298109540e+01
5.1827963874999e-02 1.6721885518815e+01
5.1837963874999e-02 1.6672048642192e+01
5.1847963874999e-02 1.7023630005580e+01
5.1857963874999e-02 1.6688754118136e+01
5.1867963874999e-02 1.5752337516074e+01
5.1877963874999e-02 1.4758523690812e+01
5.1887963874999e-02 1.4700665693974e+01
5.1897963874999e-02 1.3614046655155e+01
5.1907963874999e-02 1.2442715125733e+01
5.1917963874999e-02 1.1539862878864e+01
5.1927963874999e-02 9.9632572499224e+00
5.1937963874999e-02 9.4873294966766e+00
5.1947963874999e-02 7.9048534235932e+00
5.1957963874999e-02 6.8212728527328e+00
5.1967963874999e-02 5.3586714345315e+00
5.1977963874999e-02 4.0743430208485e+00
5.1987963874999e-02 2.8543277697696e+00
5.1997963874999e-02 2.0237353101069e+00
5.2007963874999e-02 1.6859824667775e+00
5.2017963874999e-02 2.7931406541282e-01
5.2027963874999e-02 -1.3833337865824e+00
5.2037963874999e-02 -3.0956251024018e+00
5.2047963874999e-02 -3.8802174996981e+00
5.2057963874999e-02 -5.2907435759855e+00
5.2067963874999e-02 -6.5487215360191e+00
5.2077963874999e-02 -6.8290870569777e+00
5.2087963874999e-02 -7.8071472582833e+00
5.2097963874999e-02 -9.0249902750499e+00
5.2107963874999e-02 -1.1950740154583e+01
5.2117963874999e-02 -1.3100208306128e+01
5.2127963874999e-02 -1.2920601701274e+01
5.2137963874999e-02 -1.2910703425416e+01
5.2147963874999e-02 -1.4877144746864e+01
5.2157963874999e-02 -1.4638481257107e+01
5.2167963874999e-02 -1.4800925359323e+01
5.2177963874999e-02 -1.4797159140703e+01
5.2187963874999e-02 -1.4947210304201e+01
5.2197963874999e-02 -1.5915893733791e+01
5.2207963874999e-02 -1.6005864048482e+01
5.2217963874999e-02 -1.6919487490424e+01
5.2227963874999e-02 -1.9974395921552e+01
5.2237963874999e-02 -2.0950509771768e+01
5.2247963874999e-02 -2.1710697760902e+01
5.2257963874999e-02 -2.3836007932632e+01
5.2267963874999e-02 -2.5101127439382e+01
5.2277963874999e-02 -2.5202840495080e+01
5.2287963874999e-02 -2.5897299121445e+01
5.2297963874999e-02 -2.6076787772631e+01
5.2307963874999e-02 -2.5722688981386e+01
5.2317963874999e-02 -2.5398221297899e+01
5.2327963874999e-02 -2.3015652328270e+01
5.2337963874999e-02 -2.0719840861377e+01
5.2347963874999e-02 -1.8823737766345e+01
5.2357963874999e-02 -1.6039145990839e+01
5.2367963874999e-02 -1.3047802981969e+01
5.2377963874999e-02 -1.0488527329340e+01
5.2387963874999e-02 -8.2542563922919e+00
5.2397963874999e-02 -4.9111663563288e+00
5.2407963874999e-02 -2.3636385070324e+00
5.2417963874999e-02 -1.0848846274494e+00
5.2427963874999e-02 3.8340631093756e-01
5.2437963874999e-02 1.0366696988136e+00
5.2447963874999e-02 2.3476737495340e+00
5.2457963874999e-02 3.6950629045893e+00
5.2467963874999e-02 5.2091840799900e+00
5.2477963874999e-02 5.9915531353293e+00
5.2487963874999e-02 6.9068175936461e+00
5.2497963874999e-02 7.7711426705559e+00
5.2507963874999e-02 8.5029226626494e+00
5.2517963874999e-02 9.1834730631921e+00
5.2527963874999e-02 1.0265375736271e+01
5.2537963874999e-02 9.5385702490525e+00
5.2547963874999e-02 8.9635272648346e+00
5.2557963874999e-02 1.1461102075500e+01
5.2567963874999e-02 1.2247179667744e+01
5.2577963874999e-02 1.3207978203115e+01
5.2587963874999e-02 1.5352744335169e+01
5.2597963874999e-02 1.7139812874086e+01
5.2607963874999e-02 1.4214506490048e+01
5.2617963874999e-02 1.6189311801143e+01
5.2627963874999e-02 1.8198069554665e+01
5.2637963874999e-02 1.8692365484301e+01
5.2647963874999e-02 2.0580196272140e+01
5.2657963874999e-02 2.2616240167766e+01
5.2667963874999e-02 2.2155059372197e+01
5.2677963874999e-02 2.1824815870375e+01
5.2687963874999e-02 2.0845631472947e+01
5.2697963874999e-02 2.0781650591409e+01
5.2707963874999e-02 1.9571546215343e+01
5.2717963874999e-02 1.8985394164309e+01
5.2727963874999e-02 1.7766758879097e+01
5.2737963874999e-02 1.6969874191480e+01
5.2747963874999e-02 1.6513797732152e+01
5.2757963874999e-02 1.5813489721631e+01
5.2767963874999e-02 1.4751920767326e+01
5.2777963874999e-02 1.4389870172612e+01
5.2787963874999e-02 1.2800732082118e+01
5.2797963874999e-02 1.2335693463884e+01
5.2807963874999e-02 1.1812745827029e+01
5.2817963874999e-02 1.0924229312269e+01
5.2827963874999e-02 9.7824343179380e+00
5.2837963874999e-02 8.4964030877911e+00
5.2847963874999e-02 6.9151777895678e+00
5.2857963874999e-02 4.7815062766859e+00
5.2867963874999e-02 3.4109225551149e+00
5.2877963874999e-02 1.8535481384011e+00
5.2887963874999e-02 1.1856838911950e+00
5.2897963874999e-02 -6.2413987053156e-01
5.2907963874999e-02 -2.6470629605733e+00
5.2917963874999e-02 -4.2733062318206e+00
5.2927963874999e-02 -6.8522616443144e+00
5.2937963874999e-02 -7.3233356364984e+00
5.2947963874999e-02 -8.5603971334586e+00
5.2957963874999e-02 -9.4208087541456e+00
5.2967963874999e-02 -1.0710437738712e+01
5.2977963874999e-02 -1.1792936769750e+01
5.2987963874999e-02 -1.3172081701909e+01
5.2997963874999e-02 -1.3904340585454e+01
5.3007963874999e-02 -1.4094747327482e+01
5.3017963874999e-02 -1.4836739334585e+01
5.3027963874999e-02 -1.5470687803267e+01
5.3037963874999e-02 -1.4824903523338e+01
5.3047963874999e-02 -1.5273540214993e+01
5.3057963874999e-02 -1.5442141745857e+01
5.3067963874999e-02 -1.5085205650823e+01
5.3077963874999e-02 -1.5353227984393e+01
5.3087963874999e-02 -1.6764671929834e+01
5.3097963874999e-02 -1.7083884937383e+01
5.3107963874999e-02 -1.7146904490429e+01
5.3117963874999e-02 -1.8586692069393e+01
5.3127963874999e-02 -2.0065871343136e+01
5.3137963874999e-02 -2.2213399649439e+01
5.3147963874999e-02 -2.2812518967750e+01
5.3157963874999e-02 -2.2495850561976e+01
5.3167963874999e-02 -2.3515373454482e+01
5.3177963874999e-02 -2.3054991973535e+01
5.3187963874999e-02 -2.2804659014958e+01
5.3197963874999e-02 -2.1483785298947e+01
5.3207963874999e-02 -2.0785336507172e+01
5.3217963874999e-02 -1.8541245512217e+01
5.3227963874999e-02 -1.5441365897111e+01
5.3237963874999e-02 -1.3187374748438e+01
5.3247963874999e-02 -1.0277220716014e+01
5.3257963874999e-02 -7.1807125617740e+00
5.3267963874999e-02 -4.9466499999966e+00
5.3277963874999e-02 -3.7660467949143e+00
5.3287963874999e-02 -1.2570575273072e+00
5.3297963874999e-02 1.9289441870085e-01
5.3307963874999e-02 1.6359606121346e+00
5.3317963874999e-02 2.7065270340687e+00
5.3327963874999e-02 4.1285782438216e+00
5.3337963874999e-02 4.5334440797775e+00
5.3347963874999e-02 5.9237281728335e+00
5.3357963874999e-02 7.4937745600590e+00
5.3367963874999e-02 9.5176450077820e+00
5.3377963874999e-02 1.0618596846159e+01
5.3387963874999e-02 1.1139826679069e+01
5.3397963874999e-02 1.1868983669824e+01
5.3407963874999e-02 1.2728028540185e+01
5.3417963874999e-02 1.3269933289301e+01
5.3427963874999e-02 1.3759012702899e+01
5.3437963874999e-02 1.4774477153545e+01
5.3447963874999e-02 1.6041478736277e+01
5.3457963874999e-02 1.6472339990501e+01
5.3467963874999e-02 1.7828639650784e+01
5.3477963874999e-02 1.9502949642280e+01
5.3487963874999e-02 2.0056517366518e+01
5.3497963874999e-02 2.1067657599543e+01
5.3507963874999e-02 2.2591850564509e+01
5.3517963874999e-02 2.2591936104687e+01
5.3527963874999e-02 2.3087288750657e+01
5.3537963874999e-02 2.2495783055421e+01
5.3547963874999e-02 2.2126999829898e+01
5.3557963874999e-02 2.1611281985835e+01
5.3567963874999e-02 2.0921362189242e+01
5.3577963874999e-02 1.9917810486517e+01
5.3587963874999e-02 1.9434688278490e+01
5.3597963874999e-02 1.8612621479008e+01
5.3607963874999e-02 1.8102093068644e+01
5.3617963874999e-02 1.6484948961763e+01
5.3627963874999e-02 1.5368465023245e+01
5.3637963874999e-02 1.3690923558491e+01
5.3647963874999e-02 1.3058130115314e+01
5.3657963874999e-02 1.0966927241927e+01
5.3667963874999e-02 9.6730356954471e+00
5.3677963874999e-02 7.7909938778059e+00
5.3687963874999e-02 5.2648361818713e+00
5.3697963874999e-02 4.0055519713295e+00
5.3707963874999e-02 1.6527015116379e+00
5.3717963874999e-02 4.7260162224503e-01
5.3727963874999e-02 -1.3283467175337e+00
5.3737963874999e-02 -3.5584461867650e+00
5.3747963874999e-02 -5.6798212046840e+00
5.3757963874999e-02 -7.2144099959778e+00
5.3767963874999e-02 -8.4242145957546e+00
5.3777963874999e-02 -7.5535467525031e+00
5.3787963874999e-02 -8.1213838995212e+00
5.3797963874999e-02 -9.7344196326891e+00
5.3807963874999e-02 -1.0250781555006e+01
5.3817963874999e-02 -1.0555288164848e+01
5.3827963874999e-02 -1.2446036096554e+01
5.3837963874999e-02 -1.2780358742863e+01
5.3847963874999e-02 -1.2323663092428e+01
5.3857963874999e-02 -1.3261354377087e+01
5.3867963874999e-02 -1.3282028750131e+01
5.3877963874999e-02 -1.3510963156496e+01
5.3887963874999e-02 -1.3252782166713e+01
5.3897963874999e-02 -1.3817075867977e+01
5.3907963874999e-02 -1.4446127463468e+01
5.3917963874999e-02 -1.4799174416646e+01
5.3927963874999e-02 -1.5035392484506e+01
5.3937963874999e-02 -1.6086324269782e+01
5.3947963874999e-02 -1.7776202515377e+01
5.3957963874999e-02 -1.9645368914869e+01
5.3967963874999e-02 -1.9420637909904e+01
5.3977963874999e-02 -2.1996364530848e+01
5.3987963874999e-02 -2.3968464884046e+01
5.3997963874999e-02 -2.4829036030913e+01
5.4007963874999e-02 -2.4441563237672e+01
5.4017963874999e-02 -2.5197101409361e+01
5.4027963874999e-02 -2.3702673391588e+01
5.4037963874999e-02 -2.4038983427208e+01
5.4047963874999e-02 -2.2755200640955e+01
5.4057963874999e-02 -2.0342670370464e+01
5.4067963874999e-02 -1.8782487462561e+01
5.4077963874999e-02 -1.6176095080102e+01
5.4087963874999e-02 -1.2397235675907e+01
5.4097963874999e-02 -9.6287252682617e+00
5.4107963874999e-02 -7.0071660112834e+00
5.4117963874999e-02 -4.8160915547889e+00
5.4127963874999e-02 -1.9585851765141e+00
5.4137963874999e-02 -2.2253384532113e-02
5.4147963874999e-02 2.9314395832051e+00
5.4157963874999e-02 4.5200117689051e+00
5.4167963874999e-02 6.2699617346514e+00
5.4177963874999e-02 7.7785323849887e+00
5.4187963874999e-02 9.3321329650043e+00
5.4197963874999e-02 1.1000680296422e+01
5.4207963874999e-02 1.2304761552295e+01
5.4217963874999e-02 1.3739700798404e+01
5.4227963874999e-02 1.4348366519595e+01
5.4237963874999e-02 1.4796329737648e+01
5.4247963874999e-02 1.5438266597381e+01
5.4257963874999e-02 1.6537906894227e+01
5.4267963874999e-02 1.6325844296640e+01
5.4277963874999e-02 1.7017865213086e+01
5.4287963874999e-02 1.7006494059266e+01
5.4297963874999e-02 1.7838883875610e+01
5.4307963874999e-02 1.8027150231814e+01
5.4317963874999e-02 1.8188332270383e+01
5.4327963874999e-02 1.9704190926135e+01
5.4337963874999e-02 2.2000168624849e+01
5.4347963874999e-02 2.2464667261129e+01
5.4357963874999e-02 2.2691071896272e+01
5.4367963874999e-02 2.2631832992330e+01
5.4377963874999e-02 2.2586040687407e+01
5.4387963874999e-02 2.1076439525981e+01
5.4397963874999e-02 2.1978082389477e+01
5.4407963874999e-02 2.1481655864106e+01
5.4417963874999e-02 2.1161774230775e+01
5.4427963874999e-02 1.9352099597465e+01
5.4437963874999e-02 1.7888124910199e+01
5.4447963874999e-02 1.6828893855300e+01
5.4457963874999e-02 1.4610032967991e+01
5.4467963874999e-02 1.2655940385967e+01
5.4477963874999e-02 1.0364616489986e+01
5.4487963874999e-02 8.2464883854678e+00
5.4497963874999e-02 5.8535504371175e+00
5.4507963874999e-02 4.0643918983103e+00
5.4517963874999e-02 2.3749152494826e+00
5.4527963874999e-02 1.3080871992567e+00
5.4537963874999e-02 -1.2097355969077e+00
5.4547963874999e-02 -4.0694984450246e+00
5.4557963874999e-02 -6.0426982535536e+00
5.4567963874999e-02 -6.5201449238287e+00
5.4577963874999e-02 -8.1006569594386e+00
5.4587963874999e-02 -8.7142673607801e+00
5.4597963874999e-02 -8.9361533286187e+00
5.4607963874999e-02 -9.3048463317118e+00
5.4617963874999e-02 -1.2140899697608e+01
5.4627963874999e-02 -1.3663717396496e+01
5.4637963874999e-02 -1.4860142281179e+01
5.4647963874999e-02 -1.5619422015361e+01
5.4657963874999e-02 -1.7542705896641e+01
5.4667963874999e-02 -1.7783859561701e+01
5.4677963874999e-02 -1.6988428809540e+01
5.4687963874999e-02 -1.7063458820442e+01
5.4697963874999e-02 -1.7224470013335e+01
5.4707963874999e-02 -1.6613899705159e+01
5.4717963874999e-02 -1.6241660116538e+01
5.4727963874999e-02 -1.5968523558461e+01
5.4737963874999e-02 -1.6287227413031e+01
5.4747963874999e-02 -1.6086133442190e+01
5.4757963874999e-02 -1.5215754652887e+01
5.4767963874999e-02 -1.5232927808789e+01
5.4777963874999e-02 -1.6311752806793e+01
5.4787963874999e-02 -1.7138588142910e+01
5.4797963874999e-02 -1.8176241271701e+01
5.4807963874999e-02 -1.8417605040323e+01
5.4817963874999e-02 -2.0372694939630e+01
5.4827963874999e-02 -2.0139941792592e+01
5.4837963874999e-02 -2.0356246113017e+01
5.4847963874999e-02 -1.8956417002311e+01
5.4857963874999e-02 -1.9029771682394e+01
5.4867963874999e-02 -1.7542088493459e+01
5.4877963874999e-02 -1.5491699588187e+01
5.4887963874999e-02 -1.5142883349543e+01
5.4897963874999e-02 -1.5970301111243e+01
5.4907963874999e-02 -1.4876866467959e+01
5.4917963874999e-02 -1.3168810884279e+01
5.4927963874999e-02 -1.1173589235310e+01
5.4937963874999e-02 -1.0672283218131e+01
5.4947963874999e-02 -9.6181661278312e+00
5.4957963874999e-02 -8.4251815376881e+00
5.4967963874999e-02 -7.7398384954134e+00
5.4977963874999e-02 -6.2518407064151e+00
5.4987963874999e-02 -5.2119596671289e+00
5.4997963874999e-02 -4.4733099283539e+00
5.5007963874999e-02 -3.7317102258300e+00
5.5017963874999e-02 -2.8286856487276e+00
5.5027963874999e-02 -2.1599068588846e+00
5.5037963874999e-02 -8.1642922734770e-01
5.5047963874999e-02 1.6614738296104e-01
5.5057963874999e-02 8.3320491042720e-01
5.5067963874999e-02 1.9913939784764e+00
5.5077963874999e-02 2.6694368929914e+00
5.5087963874999e-02 3.3975848035056e+00
5.5097963874999e-02 4.2574367193541e+00
5.5107963874999e-02 4.9894208459073e+00
5.5117963874999e-02 4.8225591478034e+00
5.5127963874999e-02 4.7302285668065e+00
5.5137963874999e-02 5.5154125091413e+00
5.5147963874999e-02 5.9798179260476e+00
5.5157963874999e-02 7.4306730184343e+00
5.5167963874999e-02 8.2246557628072e+00
5.5177963874999e-02 8.4246836111282e+00
5.5187963874999e-02 8.9747202849797e+00
5.5197963874999e-02 9.3651492461040e+00
5.5207963874999e-02 9.1628026745196e+00
5.5217963874999e-02 1.0360728541920e+01
5.5227963874999e-02 1.1138858967340e+01
5.5237963874999e-02 1.2259573958078e+01
5.5247963874999e-02 1.4218111789909e+01
5.5257963874999e-02 1.7277682814697e+01
5.5267963874999e-02 1.9678487850573e+01
5.5277963874999e-02 2.2727516447280e+01
5.5287963874999e-02 2.5155699624489e+01
5.5297963874999e-02 2.5972656054648e+01
5.5307963874999e-02 2.7509950870225e+01
5.5317963874999e-02 2.6725992003644e+01
5.5327963874999e-02 2.6581284257522e+01
5.5337963874999e-02 2.6232576542921e+01
5.5347963874999e-02 2.5599229459619e+01
5.5357963874999e-02 2.5129362659708e+01
5.5367963874999e-02 2.4209759969778e+01
5.5377963874999e-02 2.2782084969350e+01
5.5387963874999e-02 2.0258809746774e+01
5.5397963874999e-02 1.6779261893342e+01
5.5407963874999e-02 1.4942653985481e+01
5.5417963874999e-02 1.2811120151410e+01
5.5427963874999e-02 1.0971540801101e+01
5.5437963874999e-02 8.6574958983449e+00
5.5447963874999e-02 6.2412131630939e+00
5.5457963874999e-02 5.5583566210144e+00
5.5467963874999e-02 3.5330602978289e+00
5.5477963874999e-02 2.5633221282314e+00
5.5487963874999e-02 1.4394979785566e+00
5.5497963874999e-02 -1.0022984684540e+00
5.5507963874999e-02 -2.5064325243486e+00
5.5517963874999e-02 -3.5714697940864e+00
5.5527963874999e-02 -5.3612494108692e+00
5.5537963874999e-02 -7.4741671211784e+00
5.5547963874999e-02 -8.4516021949804e+00
5.5557963874999e-02 -8.2636290909007e+00
5.5567963874999e-02 -9.8156336982266e+00
5.5577963874999e-02 -1.1395841116140e+01
5.5587963874999e-02 -1.1903400777706e+01
5.5597963874999e-02 -1.2860828008504e+01
5.5607963874999e-02 -1.4726662003388e+01
5.5617963874999e-02 -1.5116994720829e+01
5.5627963874999e-02 -1.4993247673241e+01
5.5637963874999e-02 -1.7223223811304e+01
5.5647963874999e-02 -1.7447144813433e+01
5.5657963874999e-02 -1.8736249883035e+01
5.5667963874999e-02 -1.9587004840633e+01
5.5677963874999e-02 -2.0143043447687e+01
5.5687963874999e-02 -1.9653473809686e+01
5.5697963874999e-02 -1.9495697777130e+01
5.5707963874999e-02 -1.9742297113327e+01
5.5717963874999e-02 -1.8571003811276e+01
5.5727963874999e-02 -1.7729071054468e+01
5.5737963874999e-02 -1.6693024032270e+01
5.5747963874999e-02 -1.5862367447190e+01
5.5757963874999e-02 -1.5180951522083e+01
5.5767963874999e-02 -1.4615573870491e+01
5.5777963874999e-02 -1.4454527820599e+01
5.5787963874999e-02 -1.3851032543158e+01
5.5797963874999e-02 -1.2639697747001e+01
5.5807963874999e-02 -1.3414169291387e+01
5.5817963874999e-02 -1.3323076355508e+01
5.5827963874999e-02 -1.2652128649147e+01
5.5837963874999e-02 -1.3099318507424e+01
5.5847963874999e-02 -1.2687911326459e+01
5.5857963874999e-02 -1.2699491459553e+01
5.5867963874999e-02 -1.1437313978595e+01
5.5877963874999e-02 -1.0551489435815e+01
5.5887963874999e-02 -9.5942251716835e+00
5.5897963874999e-02 -8.5569729393498e+00
5.5907963874999e-02 -7.4078622659573e+00
5.5917963874999e-02 -6.0132117499852e+00
5.5927963874999e-02 -4.8659568203484e+00
5.5937963874999e-02 -4.2593559607932e+00
5.5947963874999e-02 -2.1698887479047e+00
5.5957963874999e-02 -1.1318209119215e+00
5.5967963874999e-02 3.7809354577148e-01
5.5977963874999e-02 1.4642840863194e+00
5.5987963874999e-02 2.8125924100454e+00
5.5997963874999e-02 3.6663858038858e+00
5.6007963874999e-02 4.6741040686382e+00
5.6017963874999e-02 5.7495186310258e+00
5.6027963874999e-02 7.3090547161587e+00
5.6037963874999e-02 7.9994549298495e+00
5.6047963874999e-02 9.6968958163711e+00
5.6057963874999e-02 1.0853525005965e+01
5.6067963874999e-02 1.2006356160452e+01
5.6077963874999e-02 1.3709980720159e+01
5.6087963874999e-02 1.5519914881675e+01
5.6097963874999e-02 1.7347130631167e+01
5.6107963874999e-02 1.9135248499137e+01
5.6117963874999e-02 1.9721894456804e+01
5.6127963874999e-02 1.9963529215939e+01
5.6137963874999e-02 2.0730722988220e+01
5.6147963874999e-02 2.0494772985947e+01
5.6157963874999e-02 2.0491740680708e+01
5.6167963874999e-02 2.0311900026598e+01
5.6177963874999e-02 2.0190018548801e+01
5.6187963874999e-02 2.0226866115054e+01
5.6197963874999e-02 1.9935412548918e+01
5.6207963874999e-02 1.8624960239459e+01
5.6217963874999e-02 1.9286248666539e+01
5.6227963874999e-02 1.8697124556511e+01
5.6237963874999e-02 1.7735391656197e+01
5.6247963874999e-02 1.6313371422789e+01
5.6257963874999e-02 1.5269646196344e+01
5.6267963874999e-02 1.1380559314107e+01
5.6277963874999e-02 1.1253273156144e+01
5.6287963874999e-02 1.0027062361957e+01
5.6297963874999e-02 9.1031478771514e+00
5.6307963874999e-02 6.2305668855974e+00
5.6317963874999e-02 5.9743010072716e+00
5.6327963874999e-02 4.4318217623703e+00
5.6337963874999e-02 3.5704115816185e+00
5.6347963874999e-02 1.7765679715167e+00
5.6357963874999e-02 6.9077622489934e-01
5.6367963874999e-02 4.2603318571686e-01
5.6377963874999e-02 1.2894467528399e-01
5.6387963874999e-02 1.5052467475070e-01
5.6397963874999e-02 -1.7505508408902e-01
5.6407963874999e-02 -9.5371584682855e-01
5.6417963874999e-02 -4.3000347532465e-01
5.6427963874999e-02 -6.9144167833865e-01
5.6437963874999e-02 -1.0425442615493e+00
5.6447963874999e-02 -2.0669810427050e+00
5.6457963874999e-02 -2.4267067871863e+00
5.6467963874999e-02 -4.3884079994827e+00
5.6477963874999e-02 -4.6442792515259e+00
5.6487963874999e-02 -5.6559396415125e+00
5.6497963874999e-02 -6.1572317767210e+00
5.6507963874999e-02 -6.9768765712303e+00
5.6517963874999e-02 -7.0648323439389e+00
5.6527963874999e-02 -8.6226546013281e+00
5.6537963874999e-02 -8.7361947970041e+00
5.6547963874999e-02 -8.6319312930360e+00
5.6557963874999e-02 -8.5782336316560e+00
5.6567963874999e-02 -8.2029196680810e+00
5.6577963874999e-02 -8.3386469336819e+00
5.6587963874999e-02 -7.2722665721754e+00
5.6597963874999e-02 -8.3021075113779e+00
5.6607963874999e-02 -8.4378237518624e+00
5.6617963874999e-02 -9.3166423933844e+00
5.6627963874999e-02 -1.1196265928142e+01
5.6637963874999e-02 -1.2930324664754e+01
5.6647963874999e-02 -1.3819392711794e+01
5.6657963874999e-02 -1.6143093737020e+01
5.6667963874999e-02 -1.8260695673423e+01
5.6677963874999e-02 -1.8869489620408e+01
5.6687963874999e-02 -1.9657539498296e+01
5.6697963874999e-02 -1.9548692202988e+01
5.6707963874999e-02 -1.8446442250121e+01
5.6717963874999e-02 -1.8982474211451e+01
5.6727963874999e-02 -1.8891949859821e+01
5.6737963874999e-02 -1.7824222046232e+01
5.6747963874999e-02 -1.5653749417810e+01
5.6757963874999e-02 -1.5005133721674e+01
5.6767963874999e-02 -1.4266326967438e+01
5.6777963874999e-02 -1.3539394770809e+01
5.6787963874999e-02 -1.2142549368944e+01
5.6797963874999e-02 -1.0559270136928e+01
5.6807963874999e-02 -1.0336895212288e+01
5.6817963874999e-02 -1.0046310007376e+01
5.6827963874999e-02 -1.0284431026538e+01
5.6837963874999e-02 -1.0315364402092e+01
5.6847963874999e-02 -9.4580224828665e+00
5.6857963874999e-02 -9.4747350766575e+00
5.6867963874999e-02 -9.2836526875661e+00
5.6877963874999e-02 -8.3877273983095e+00
5.6887963874999e-02 -7.6921671565073e+00
5.6897963874999e-02 -6.6129278301839e+00
5.6907963874999e-02 -5.9555197636375e+00
5.6917963874999e-02 -5.5735857263403e+00
5.6927963874999e-02 -4.1314611157234e+00
5.6937963874999e-02 -3.6086255004917e+00
5.6947963874999e-02 -2.6156341754002e+00
5.6957963874999e-02 -1.5634832939737e+00
5.6967963874999e-02 -3.2531897315492e-01
5.6977963874999e-02 -4.2714008250362e-02
5.6987963874999e-02 3.1453848895821e-01
5.6997963874999e-02 7.0787476894120e-01
5.7007963874999e-02 1.1374062927028e+00
5.7017963874999e-02 1.5447175733738e+00
5.7027963874999e-02 2.3089685946445e+00
5.7037963874999e-02 2.8945155173546e+00
5.7047963874999e-02 3.3644800156763e+00
5.7057963874999e-02 3.6888444594940e+00
5.7067963874999e-02 4.2199127332157e+00
5.7077963874999e-02 5.2318482808732e+00
5.7087963874999e-02 6.0087663911463e+00
5.7097963874999e-02 6.8801746836334e+00
5.7107963874999e-02 7.7541797992192e+00
5.7117963874999e-02 8.1274717423919e+00
5.7127963874999e-02 8.7616275963361e+00
5.7137963874999e-02 9.4735932648401e+00
5.7147963874999e-02 1.0218574671697e+01
5.7157963874999e-02 1.0595152016321e+01
5.7167963874999e-02 1.0942551435394e+01
5.7177963874999e-02 1.1710999177454e+01
5.7187963874999e-02 1.2070239698383e+01
5.7197963874999e-02 1.2556316427229e+01
5.7207963874999e-02 1.2988208537217e+01
5.7217963874999e-02 1.4210730825244e+01
5.7227963874999e-02 1.6374934270468e+01
5.7237963874999e-02 1.8451009708586e+01
5.7247963874999e-02 2.0470649944489e+01
5.7257963874999e-02 2.2380529368396e+01
5.7267963874999e-02 2.4137239697464e+01
5.7277963874999e-02 2.5110273536806e+01
5.7287963874999e-02 2.5301024604646e+01
5.7297963874999e-02 2.5250404386953e+01
5.7307963874999e-02 2.5617346961931e+01
5.7317963874999e-02 2.5089634700371e+01
5.7327963874999e-02 2.4753105068233e+01
5.7337963874999e-02 2.3540828941633e+01
5.7347963874999e-02 2.2319340700070e+01
5.7357963874999e-02 1.9966206260550e+01
5.7367963874999e-02 1.8246978173523e+01
5.7377963874999e-02 1.6793346198194e+01
5.7387963874999e-02 1.4977104837787e+01
5.7397963874999e-02 1.3682779507847e+01
5.7407963874999e-02 1.2460872044855e+01
5.7417963874999e-02 1.1219330709690e+01
5.7427963874999e-02 9.8259319977841e+00
5.7437963874999e-02 8.5784565553232e+00
5.7447963874999e-02 8.7852336437974e+00
5.7457963874999e-02 7.5805780174592e+00
5.7467963874999e-02 6.1675705188676e+00
5.7477963874999e-02 4.1316828891867e+00
5.7487963874999e-02 3.3188934733353e+00
5.7497963874999e-02 1.6302584023598e+00
5.7507963874999e-02 3.6847477079977e-01
5.7517963874999e-02 -4.5581796670378e-01
5.7527963874999e-02 -2.2387308988564e+00
5.7537963874999e-02 -4.4653502414936e+00
5.7547963874999e-02 -5.8786228615854e+00
5.7557963874999e-02 -7.2601537402765e+00
5.7567963874999e-02 -8.5158718010185e+00
5.7577963874999e-02 -9.1528504251559e+00
5.7587963874999e-02 -1.0702621419521e+01
5.7597963874999e-02 -1.1999524255608e+01
5.7607963874999e-02 -1.3215733880268e+01
5.7617963874999e-02 -1.4854568251367e+01
5.7627963874999e-02 -1.6389794072483e+01
5.7637963874999e-02 -1.7386593352278e+01
5.7647963874999e-02 -1.8474224423806e+01
5.7657963874999e-02 -1.9043080747800e+01
5.7667963874999e-02 -1.9513888161461e+01
5.7677963874999e-02 -2.0083462765937e+01
5.7687963874999e-02 -1.9590836957791e+01
5.7697963874999e-02 -1.9761655566470e+01
5.7707963874999e-02 -1.8889603961076e+01
5.7717963874999e-02 -1.8487674555550e+01
5.7727963874999e-02 -1.7473924200287e+01
5.7737963874999e-02 -1.7760159967918e+01
5.7747963874999e-02 -1.7871709865544e+01
5.7757963874999e-02 -1.5629987298709e+01
5.7767963874999e-02 -1.5135905931464e+01
5.7777963874999e-02 -1.5896617692221e+01
5.7787963874999e-02 -1.4771841064127e+01
5.7797963874999e-02 -1.3564376214598e+01
5.7807963874999e-02 -1.2889122143800e+01
5.7817963874999e-02 -1.2076622908295e+01
5.7827963874999e-02 -9.8123126081559e+00
5.7837963874999e-02 -8.9839385247365e+00
5.7847963874999e-02 -7.5257234280912e+00
5.7857963874999e-02 -6.2132795529298e+00
5.7867963874999e-02 -4.6627638632861e+00
5.7877963874999e-02 -3.8315869186597e+00
5.7887963874999e-02 -1.7812347486926e+00
5.7897963874999e-02 -9.0380860652009e-01
5.7907963874999e-02 -9.8877472915114e-01
5.7917963874999e-02 -4.0583581619235e-01
5.7927963874999e-02 4.7049871493996e-01
5.7937963874999e-02 7.5922808226289e-01
5.7947963874999e-02 1.2031576414911e+00
5.7957963874999e-02 7.5796183327964e-01
5.7967963874999e-02 9.8264432530582e-01
5.7977963874999e-02 6.5362956239822e-01
5.7987963874999e-02 7.2610920014379e-01
5.7997963874999e-02 7.7955011050591e-01
5.8007963874999e-02 -2.7158614576447e-01
5.8017963874999e-02 4.8712091169120e-01
5.8027963874999e-02 4.3409178593328e-01
5.8037963874999e-02 2.2456425074694e-01
5.8047963874999e-02 -1.3098255297282e+00
5.8057963874999e-02 -1.8847734364309e+00
5.8067963874999e-02 -3.3405112245705e+00
5.8077963874999e-02 -3.7530629808312e+00
5.8087963874999e-02 -3.3679227059140e+00
5.8097963874999e-02 -3.3019634439580e+00
5.8107963874999e-02 -2.9047554289972e+00
5.8117963874999e-02 -2.8260267676759e+00
5.8127963874999e-02 -1.9299622456131e+00
5.8137963874999e-02 -6.1631160993507e-01
5.8147963874999e-02 5.0983293487863e-01
5.8157963874999e-02 4.9607282332300e-01
5.8167963874999e-02 1.2458887591644e+00
5.8177963874999e-02 2.5263156402221e+00
5.8187963874999e-02 3.0824238536610e+00
5.8197963874999e-02 2.9882634241611e+00
5.8207963874999e-02 2.3980449498621e+00
5.8217963874999e-02 1.1801681098054e+00
5.8227963874999e-02 1.0954219284725e+00
5.8237963874999e-02 4.8327022220338e-01
5.8247963874999e-02 3.4400126604323e-01
5.8257963874999e-02 6.9438659835307e-01
5.8267963874999e-02 2.0559213135800e+00
5.8277963874999e-02 3.5538243224411e+00
5.8287963874999e-02 4.8696569880687e+00
5.8297963874999e-02 6.1026800396584e+00
5.8307963874999e-02 8.4882881615219e+00
5.8317963874999e-02 9.6627216683372e+00
5.8327963874999e-02 1.0111744727392e+01
5.8337963874999e-02 1.1033278518477e+01
5.8347963874999e-02 1.1591399576976e+01
5.8357963874999e-02 1.1993781334772e+01
5.8367963874999e-02 1.1829438345222e+01
5.8377963874999e-02 9.8814529883195e+00
5.8387963874999e-02 9.0918214510383e+00
5.8397963874999e-02 8.3442580763031e+00
5.8407963874999e-02 8.4540621378606e+00
5.8417963874999e-02 7.9481860311841e+00
5.8427963874999e-02 8.8121251096179e+00
5.8437963874999e-02 9.3774317677305e+00
5.8447963874999e-02 9.5511741700064e+00
5.8457963874999e-02 1.0487544943559e+01
5.8467963874999e-02 1.1094935138345e+01
5.8477963874999e-02 1.1619341656192e+01
5.8487963874999e-02 1.1472896090048e+01
5.8497963874999e-02 1.1921573765629e+01
5.8507963874999e-02 1.2283199660156e+01
5.8517963874999e-02 1.1935277504987e+01
5.8527963874999e-02 1.1774019988601e+01
5.8537963874999e-02 1.2127958912762e+01
5.8547963874999e-02 1.2828862981309e+01
5.8557963874999e-02 1.2943030413557e+01
5.8567963874999e-02 1.2656802146940e+01
5.8577963874999e-02 1.2906659212320e+01
5.8587963874999e-02 1.3438041207135e+01
5.8597963874999e-02 1.3328061335311e+01
5.8607963874999e-02 1.3067545835377e+01
5.8617963874999e-02 1.2948169403252e+01
5.8627963874999e-02 1.2415890615910e+01
5.8637963874999e-02 1.1768550585163e+01
5.8647963874999e-02 1.1614344615284e+01
5.8657963874999e-02 1.1291183271337e+01
5.8667963874999e-02 1.1132067696675e+01
5.8677963874999e-02 1.1226036558310e+01
5.8687963874999e-02 1.0598586006209e+01
5.8697963874999e-02 1.0523668049122e+01
5.8707963874999e-02 1.0241806422521e+01
5.8717963874999e-02 1.0078444231070e+01
5.8727963874999e-02 9.2587662021710e+00
5.8737963874999e-02 8.2393780118918e+00
5.8747963874999e-02 8.4998784221182e+00
5.8757963874999e-02 7.6128305278124e+00
5.8767963874999e-02 7.1109938206832e+00
5.8777963874999e-02 5.9856657038345e+00
5.8787963874999e-02 6.2915038036309e+00
5.8797963874999e-02 4.3895379403610e+00
5.8807963874999e-02 4.3395725166380e+00
5.8817963874999e-02 3.5634538148818e+00
5.8827963874999e-02 4.1028059196908e+00
5.8837963874999e-02 3.3832443467429e+00
5.8847963874999e-02 3.3168543659133e+00
5.8857963874999e-02 2.2204930923741e+00
5.8867963874999e-02 1.7409710710833e+00
5.8877963874999e-02 1.2647564428797e+00
5.8887963874999e-02 6.5870473016537e-01
5.8897963874999e-02 -6.1226770170144e-01
5.8907963874999e-02 -1.4322528527542e+00
5.8917963874999e-02 -2.1259533496955e+00
5.8927963874999e-02 -3.2528064378607e+00
5.8937963874999e-02 -4.3113870450577e+00
5.8947963874999e-02 -5.6025877843110e+00
5.8957963874999e-02 -7.0058607990130e+00
5.8967963874999e-02 -8.1407427734613e+00
5.8977963874999e-02 -8.7623793197069e+00
5.8987963874999e-02 -9.7441818608820e+00
5.8997963874999e-02 -1.0959547633693e+01
5.9007963874999e-02 -1.1812259919650e+01
5.9017963874999e-02 -1.3071844215862e+01
5.9027963874999e-02 -1.4278304050907e+01
5.9037963874999e-02 -1.4987357388532e+01
5.9047963874999e-02 -1.6229074013057e+01
5.9057963874999e-02 -1.6987304699650e+01
5.9067963874999e-02 -1.8275015989676e+01
5.9077963874999e-02 -1.8400182320977e+01
5.9087963874999e-02 -2.0173231596080e+01
5.9097963874999e-02 -2.1074407424720e+01
5.9107963874999e-02 -2.1024068118156e+01
5.9117963874999e-02 -2.2160675961305e+01
5.9127963874999e-02 -2.2008406861124e+01
5.9137963874999e-02 -2.2423468789997e+01
5.9147963874999e-02 -2.1382039402758e+01
5.9157963874999e-02 -2.1056037055809e+01
5.9167963874999e-02 -1.9865892864345e+01
5.9177963874999e-02 -1.9048843771737e+01
5.9187963874999e-02 -1.7518031258981e+01
5.9197963874999e-02 -1.6109365262587e+01
5.9207963874999e-02 -1.4160952465889e+01
5.9217963874999e-02 -1.4324086486636e+01
5.9227963874999e-02 -1.3067387061573e+01
5.9237963874999e-02 -1.0653771722232e+01
5.9247963874999e-02 -9.2527455306458e+00
5.9257963874999e-02 -8.6108715529829e+00
5.9267963874999e-02 -7.5441046689811e+00
5.9277963874999e-02 -6.4718017854417e+00
5.9287963874999e-02 -6.0414429668378e+00
5.9297963874999e-02 -5.0760443913202e+00
5.9307963874999e-02 -4.6703223963291e+00
5.9317963874999e-02 -3.3084287760400e+00
5.9327963874999e-02 -1.8560472679595e+00
5.9337963874999e-02 2.5977722781407e-01
5.9347963874999e-02 1.0918433102990e+00
5.9357963874999e-02 2.1678782642373e+00
5.9367963874999e-02 2.6975972092268e+00
5.9377963874999e-02 2.8158076148955e+00
5.9387963874999e-02 2.6193708850509e+00
5.9397963874999e-02 2.4998734902835e+00
5.9407963874999e-02 2.6100832950161e+00
5.9417963874999e-02 2.4349639532057e+00
5.9427963874999e-02 1.8172530551089e+00
5.9437963874999e-02 1.4314183746830e+00
5.9447963874999e-02 1.5423015442564e+00
5.9457963874999e-02 1.2266882135729e+00
5.9467963874999e-02 5.6352606216392e-01
5.9477963874999e-02 -1.2127915813696e-01
5.9487963874999e-02 -1.3139966360669e+00
5.9497963874999e-02 -3.6467810199067e+00
5.9507963874999e-02 -2.5155535390882e+00
5.9517963874999e-02 -2.9757867748703e+00
5.9527963874999e-02 -3.6583784783871e-01
5.9537963874999e-02 -6.8399417597557e-02
5.9547963874999e-02 7.4220992586713e-01
5.9557963874999e-02 -2.0402078203380e+00
5.9567963874999e-02 -1.7552021031858e+00
5.9577963874999e-02 -3.7332566135370e+00
5.9587963874999e-02 -2.1505000336921e+00
5.9597963874999e-02 -1.5210771286034e+00
5.9607963874999e-02 -2.1215601896763e+00
5.9617963874999e-02 -2.3842369772668e+00
5.9627963874999e-02 -1.5279150133661e+00
5.9637963874999e-02 -1.0897429383571e+00
5.9647963874999e-02 -1.3288821301812e-01
5.9657963874999e-02 1.2351872599101e-01
5.9667963874999e-02 8.9446662010812e-01
5.9677963874999e-02 9.6950816257204e-01
5.9687963874999e-02 1.0518006034607e+00
5.9697963874999e-02 8.9082878780523e-01
5.9707963874999e-02 1.0625471040806e+00
5.9717963874999e-02 1.4915132726569e+00
5.9727963874999e-02 2.0859698315340e+00
5.9737963874999e-02 1.9978142958854e+00
5.9747963874999e-02 1.5691988953340e+00
5.9757963874999e-02 6.8289975487160e-01
5.9767963874999e-02 7.8516880714015e-02
5.9777963874999e-02 1.5184603956305e-01
5.9787963874999e-02 -1.0134402293065e-01
5.9797963874999e-02 -7.7577863562099e-01
5.9807963874999e-02 -9.1050186319261e-01
5.9817963874999e-02 -1.7730619800042e-01
5.9827963874999e-02 4.2087330228465e-01
5.9837963874999e-02 3.2905622507350e-01
5.9847963874999e-02 9.6753996755045e-01
5.9857963874999e-02 1.7885601381715e+00
5.9867963874999e-02 1.9220555281241e+00
5.9877963874999e-02 2.5949799456788e+00
5.9887963874999e-02 3.2997188331564e+00
5.9897963874999e-02 3.9930141805735e+00
5.9907963874999e-02 4.2606744103988e+00
5.9917963874999e-02 4.2985141262053e+00
5.9927963874999e-02 4.3718993629879e+00
5.9937963874999e-02 4.5728803186055e+00
5.9947963874999e-02 5.0022698806983e+00
5.9957963874999e-02 5.5216769668813e+00
5.9967963874999e-02 5.8966518359580e+00
5.9977963874999e-02 5.8066314707060e+00
5.9987963874999e-02 6.5025065903421e+00
5.9997963874999e-02 7.7176461532219e+00
6.0007963874999e-02 7.9611043344676e+00
6.0017963874999e-02 8.6323343521594e+00
6.0027963874999e-02 9.5433906839895e+00
6.0037963874999e-02 1.0541729432854e+01
6.0047963874999e-02 1.1095708177323e+01
6.0057963874999e-02 1.1612339412067e+01
6.0067963874999e-02 1.2718044840976e+01
6.0077963874999e-02 1.3324464230997e+01
6.0087963874999e-02 1.3771542085291e+01
6.0097963874999e-02 1.3892635313499e+01
6.0107963874999e-02 1.3976117356360e+01
6.0117963874999e-02 1.2925027415010e+01
6.0127963874999e-02 1.2522630677804e+01
6.0137963874999e-02 1.1780294858925e+01
6.0147963874999e-02 1.1365128195160e+01
6.0157963874999e-02 1.1045045459957e+01
6.0167963874999e-02 1.0598592058382e+01
6.0177963874999e-02 1.0703702079321e+01
6.0187963874999e-02 1.1081724756058e+01
6.0197963874999e-02 1.1976219720942e+01
6.0207963874999e-02 1.2835335843648e+01
6.0217963874999e-02 1.3203642059473e+01
6.0227963874999e-02 1.3727666559378e+01
6.0237963874999e-02 1.4477148371092e+01
6.0247963874999e-02 1.3917977673503e+01
6.0257963874999e-02 1.4910567069979e+01
6.0267963874999e-02 1.4386205523830e+01
6.0277963874999e-02 1.3530752384173e+01
6.0287963874999e-02 1.2562301820751e+01
6.0297963874999e-02 1.1684479508417e+01
6.0307963874999e-02 1.0881644904636e+01
6.0317963874999e-02 9.5649409904150e+00
6.0327963874999e-02 8.1497820131768e+00
6.0337963874999e-02 6.9925264608609e+00
6.0347963874999e-02 6.4681653984759e+00
6.0357963874999e-02 5.4197798441659e+00
6.0367963874999e-02 5.4752648595897e+00
6.0377963874999e-02 5.1708758142661e+00
6.0387963874999e-02 4.0715133768946e+00
6.0397963874999e-02 3.7604465362915e+00
6.0407963874999e-02 2.9381595053716e+00
6.0417963874999e-02 1.8441984409574e+00
6.0427963874999e-02 5.1112658227786e-01
6.0437963874999e-02 -2.3524773455341e+00
6.0447963874999e-02 -3.8341325119168e+00
6.0457963874999e-02 -4.7561885853077e+00
6.0467963874999e-02 -6.2135737460981e+00
6.0477963874999e-02 -6.9810790872501e+00
6.0487963874999e-02 -6.8122623383172e+00
6.0497963874999e-02 -7.3444972678314e+00
6.0507963874999e-02 -8.1529054857397e+00
6.0517963874999e-02 -8.3957615094150e+00
6.0527963874999e-02 -8.7581424155319e+00
6.0537963874999e-02 -1.0734909356393e+01
6.0547963874999e-02 -1.1827790652470e+01
6.0557963874999e-02 -1.2514877558393e+01
6.0567963874999e-02 -1.4109438595850e+01
6.0577963874999e-02 -1.5813816115082e+01
6.0587963874999e-02 -1.6779349978867e+01
6.0597963874999e-02 -1.7709091901662e+01
6.0607963874999e-02 -1.9001952250520e+01
6.0617963874999e-02 -2.0489711589401e+01
6.0627963874999e-02 -2.1193364105871e+01
6.0637963874999e-02 -2.1618483440949e+01
6.0647963874999e-02 -2.1523043431513e+01
6.0657963874999e-02 -2.1356835070517e+01
6.0667963874999e-02 -2.2010700656169e+01
6.0677963874999e-02 -2.1731387276345e+01
6.0687963874999e-02 -2.0746956139298e+01
6.0697963874999e-02 -2.0595662387857e+01
6.0707963874999e-02 -1.9099848308818e+01
6.0717963874999e-02 -1.7862673978310e+01
6.0727963874999e-02 -1.6853944270360e+01
6.0737963874999e-02 -1.5526516525873e+01
6.0747963874999e-02 -1.3883571770663e+01
6.0757963874999e-02 -1.2653355841889e+01
6.0767963874999e-02 -1.1233461579722e+01
6.0777963874999e-02 -1.0297854489790e+01
6.0787963874999e-02 -8.8936101274297e+00
6.0797963874999e-02 -8.0024543989493e+00
6.0807963874999e-02 -6.9278884935640e+00
6.0817963874999e-02 -5.5245800233357e+00
6.0827963874999e-02 -5.4282995055046e+00
6.0837963874999e-02 -5.3144387148273e+00
6.0847963874999e-02 -4.4333161541202e+00
6.0857963874999e-02 -5.4955040615043e+00
6.0867963874999e-02 -4.9910371553708e+00
6.0877963874999e-02 -2.6434656465975e+00
6.0887963874999e-02 -1.1060444867437e+00
6.0897963874999e-02 -2.7545587200883e-01
6.0907963874999e-02 5.2546674997181e-01
6.0917963874999e-02 4.8947637474504e-01
6.0927963874999e-02 -1.1722638217673e+00
6.0937963874999e-02 -2.3034359933785e-01
6.0947963874999e-02 -5.5354155192511e-02
6.0957963874999e-02 8.4062622565508e-03
6.0967963874999e-02 -3.8886058223921e-01
6.0977963874999e-02 -4.0028637296942e-01
6.0987963874999e-02 -2.3289538947866e-01
6.0997963874999e-02 -2.5757812171718e-01
6.1007963874999e-02 -4.7661288205543e-01
6.1017963874999e-02 -6.5183618454257e-01
6.1027963874999e-02 -9.0293417336926e-01
6.1037963874999e-02 -6.4322088904949e-01
6.1047963874999e-02 -5.6925658441671e-02
6.1057963874999e-02 7.8574138684919e-01
6.1067963874999e-02 1.9745269371715e+00
6.1077963874999e-02 3.0487252868351e+00
6.1087963874999e-02 4.0939125354272e+00
6.1097963874999e-02 5.5522552123682e+00
6.1107963874999e-02 7.2069744323279e+00
6.1117963874999e-02 7.8817968342320e+00
6.1127963874999e-02 9.1183516095689e+00
6.1137963874999e-02 1.0651948836006e+01
6.1147963874999e-02 1.0957903452701e+01
6.1157963874999e-02 1.1359382087792e+01
6.1167963874999e-02 1.1586405369728e+01
6.1177963874999e-02 1.1473391898932e+01
6.1187963874999e-02 1.0660444202682e+01
6.1197963874999e-02 9.8298342712988e+00
6.1207963874999e-02 9.8392175300905e+00
6.1217963874999e-02 9.8620668528430e+00
6.1227963874999e-02 1.0671196338803e+01
6.1237963874999e-02 1.1808348643302e+01
6.1247963874999e-02 1.3296703194964e+01
6.1257963874999e-02 1.4541447189450e+01
6.1267963874999e-02 1.5320784428303e+01
6.1277963874999e-02 1.5709175639377e+01
6.1287963874999e-02 1.5938910185639e+01
6.1297963874999e-02 1.4734163619044e+01
6.1307963874999e-02 1.4592668175213e+01
6.1317963874999e-02 1.3754811643924e+01
6.1327963874999e-02 1.3541721276539e+01
6.1337963874999e-02 1.3947641082507e+01
6.1347963874999e-02 1.4494070455441e+01
6.1357963874999e-02 1.4982937143575e+01
6.1367963874999e-02 1.6727976801347e+01
6.1377963874999e-02 1.7902510839177e+01
6.1387963874999e-02 1.7944171597889e+01
6.1397963874999e-02 1.9038997346623e+01
6.1407963874999e-02 1.9196245873436e+01
6.1417963874999e-02 1.9186377985737e+01
6.1427963874999e-02 1.8543409231689e+01
6.1437963874999e-02 1.7608101429011e+01
6.1447963874999e-02 1.5820456355049e+01
6.1457963874999e-02 1.4689712474597e+01
6.1467963874999e-02 1.3308351753038e+01
6.1477963874999e-02 1.1923883511900e+01
6.1487963874999e-02 1.0191223270562e+01
6.1497963874999e-02 8.6024901973465e+00
6.1507963874999e-02 8.1852477386003e+00
6.1517963874999e-02 6.4734691539137e+00
6.1527963874999e-02 4.9708474870159e+00
6.1537963874999e-02 4.5155717583321e+00
6.1547963874999e-02 3.8868174330038e+00
6.1557963874999e-02 2.6976642815031e+00
6.1567963874999e-02 2.0285784752724e+00
6.1577963874999e-02 1.6148935643589e+00
6.1587963874999e-02 2.6826249399690e-01
6.1597963874999e-02 -6.4111814298937e-01
6.1607963874999e-02 -1.1130985649634e+00
6.1617963874999e-02 -2.0525342894048e+00
6.1627963874999e-02 -3.1736478715403e+00
6.1637963874999e-02 -3.8880789408026e+00
6.1647963874999e-02 -4.7535872587766e+00
6.1657963874999e-02 -5.6443763934957e+00
6.1667963874999e-02 -6.4516845777324e+00
6.1677963874999e-02 -7.6304502234010e+00
6.1687963874999e-02 -8.8281656403474e+00
6.1697963874999e-02 -1.0312581748980e+01
6.1707963874999e-02 -1.1239967032452e+01
6.1717963874999e-02 -1.2570751605329e+01
6.1727963874999e-02 -1.3842237169944e+01
6.1737963874999e-02 -1.5389049874499e+01
6.1747963874999e-02 -1.6979622082603e+01
6.1757963874999e-02 -1.9271002960918e+01
6.1767963874999e-02 -1.9170539705331e+01
6.1777963874999e-02 -2.1469876285301e+01
6.1787963874999e-02 -2.0215790369635e+01
6.1797963874999e-02 -2.0937924395936e+01
6.1807963874999e-02 -2.0639216738704e+01
6.1817963874999e-02 -2.2665903541957e+01
6.1827963874999e-02 -2.0556905622413e+01
6.1837963874999e-02 -2.1385917723067e+01
6.1847963874999e-02 -1.9578306335671e+01
6.1857963874999e-02 -1.8531465285381e+01
6.1867963874999e-02 -1.7591634158431e+01
6.1877963874999e-02 -1.7076109293716e+01
6.1887963874999e-02 -1.5151657545155e+01
6.1897963874999e-02 -1.3739474427859e+01