2.2127963875000e-02 -2.8490746778726e-02
2.2137963875000e-02 -5.5718601084029e-01
2.2147963875000e-02 -1.2330682387250e+00
2.2157963875000e-02 -1.9950513123467e+00
2.2167963875000e-02 -2.0023807175577e+00
2.2177963875000e-02 -2.1381451690817e+00
2.2187963875000e-02 -2.5120255329952e+00
2.2197963875000e-02 -2.5078060758551e+00
2.2207963875000e-02 -2.3935745845388e+00
2.2217963875000e-02 -2.9271699244146e+00
2.2227963875000e-02 -3.5305725338261e+00
2.2237963875000e-02 -3.5870355763922e+00
2.2247963875000e-02 -4.0279268634904e+00
2.2257963875000e-02 -4.6227882390329e+00
2.2267963875000e-02 -5.1780515486825e+00
2.2277963875000e-02 -5.6023397359713e+00
2.2287963875000e-02 -5.9754209613713e+00
2.2297963875000e-02 -6.0429370134701e+00
2.2307963875000e-02 -6.2990959004173e+00
2.2317963875000e-02 -5.7722505037956e+00
2.2327963875000e-02 -5.6718020056282e+00
2.2337963875000e-02 -5.2746315226492e+00
2.2347963875000e-02 -4.8872771183586e+00
2.2357963875000e-02 -4.7930367126701e+00
2.2367963875000e-02 -4.5091857922262e+00
2.2377963875000e-02 -4.6843344943010e+00
2.2387963875000e-02 -4.9057812993853e+00
2.2397963875000e-02 -5.6851278403893e+00
2.2407963875000e-02 -6.7552448915634e+00
2.2417963875000e-02 -7.6599927203360e+00
2.2427963875000e-02 -9.0195740295957e+00
2.2437963875000e-02 -1.0177718478433e+01
2.2447963875000e-02 -1.1170967942648e+01
2.2457963875000e-02 -1.1910627299219e+01
2.2467963875000e-02 -1.2154777183292e+01
2.2477963875000e-02 -1.2836224327683e+01
2.2487963875000e-02 -1.3920514521690e+01
2.2497963875000e-02 -1.4400403096613e+01
2.2507963875000e-02 -1.4184298011012e+01
2.2517963875000e-02 -1.3777499486110e+01
2.2527963875000e-02 -1.3366883506394e+01
2.2537963875000e-02 -1.3398357363577e+01
2.2547963875000e-02 -1.3485937332729e+01
2.2557963875000e-02 -1.2833826141071e+01
2.2567963875000e-02 -1.2453441815492e+01
2.2577963875000e-02 -1.1795073014863e+01
2.2587963875000e-02 -1.0402785527264e+01
2.2597963875000e-02 -9.7790950029126e+00
2.2607963875000e-02 -9.1319330199760e+00
2.2617963875000e-02 -8.4250798105998e+00
2.2627963875000e-02 -7.5241860420838e+00
2.2637963875000e-02 -5.4709347925839e+00
2.2647963875000e-02 -4.5636537618747e+00
2.2657963875000e-02 -3.4416919455144e+00
2.2667963875000e-02 -2.9287443455121e+00
2.2677963875000e-02 -1.9594328846379e+00
2.2687963875000e-02 -1.0646109534417e+00
2.2697963875000e-02 -2.5237638142397e-01
2.2707963875000e-02 3.6871703489344e-01
2.2717963875000e-02 1.0183884440010e+00
2.2727963875000e-02 1.3916300150240e+00
2.2737963875000e-02 2.0126136062048e+00
2.2747963875000e-02 2.0112867655467e+00
2.2757963875000e-02 2.2401035404191e+00
2.2767963875000e-02 2.0890524015814e+00
2.2777963875000e-02 3.3507678680643e+00
2.2787963875000e-02 3.6014236391846e+00
2.2797963875000e-02 3.8403646901556e+00
2.2807963875000e-02 3.4879453732191e+00
2.2817963875000e-02 4.5369588612461e+00
2.2827963875000e-02 3.8755882190538e+00
2.2837963875000e-02 4.4147305134070e+00
2.2847963875000e-02 5.6158316150517e+00
2.2857963875000e-02 6.6190445776261e+00
2.2867963875000e-02 6.6536228108611e+00
2.2877963875000e-02 6.9262405736253e+00
2.2887963875000e-02 7.4267932560189e+00
2.2897963875000e-02 7.9260212910351e+00
2.2907963875000e-02 8.3329904340007e+00
2.2917963875000e-02 9.5312277540906e+00
2.2927963875000e-02 9.9580489262538e+00
2.2937963875000e-02 1.0391861160965e+01
2.2947963875000e-02 1.0682705096565e+01
2.2957963875000e-02 1.0607560784358e+01
2.2967963875000e-02 1.1443167664226e+01
2.2977963875000e-02 1.1743374938086e+01
2.2987963875000e-02 1.2279130785528e+01
2.2997963875000e-02 1.2767514218167e+01
2.3007963875000e-02 1.2882414426184e+01
2.3017963875000e-02 1.2693186562715e+01
2.3027963875000e-02 1.2678976115566e+01
2.3037963875000e-02 1.2380174365594e+01
2.3047963875000e-02 1.2602478460830e+01
2.3057963875000e-02 1.2025984768084e+01
2.3067963875000e-02 1.2158354391214e+01
2.3077963875000e-02 1.1559688224479e+01
2.3087963875000e-02 1.1308871486032e+01
2.3097963875000e-02 1.0812024395862e+01
2.3107963875000e-02 1.0675527498476e+01
2.3117963875000e-02 9.8467718564038e+00
2.3127963875000e-02 9.6346274911603e+00
2.3137963875000e-02 8.8928639418603e+00
2.3147963875000e-02 8.2343943782200e+00
2.3157963875000e-02 8.2000767589228e+00
2.3167963875000e-02 8.1321594584229e+00
2.3177963875000e-02 7.4478739271824e+00
2.3187963875000e-02 7.2379679612101e+00
2.3197963875000e-02 6.9925040591573e+00
2.3207963875000e-02 7.1041954856258e+00
2.3217963875000e-02 6.1822680588259e+00
2.3227963875000e-02 6.7627979383803e+00
2.3237963875000e-02 5.8388442187705e+00
2.3247963875000e-02 4.8508406385012e+00
2.3257963875000e-02 5.6676031887606e+00
2.3267963875000e-02 5.6158338710219e+00
2.3277963875000e-02 4.5174794503572e+00
2.3287963875000e-02 3.5581710591770e+00
2.3297963875000e-02 5.1457786788783e+00
2.3307963875000e-02 3.6372083827776e+00
2.3317963875000e-02 4.2594499491521e+00
2.3327963875000e-02 4.7557638094179e+00
2.3337963875000e-02 4.9351104856686e+00
2.3347963875000e-02 3.4859383643380e+00
2.3357963875000e-02 3.0495384634605e+00
2.3367963875000e-02 1.5473346064500e+00
2.3377963875000e-02 1.7398993885143e+00
2.3387963875000e-02 3.8161670306240e+00
2.3397963875000e-02 2.7940426045745e+00
2.3407963875000e-02 2.7704604615822e+00
2.3417963875000e-02 3.8074780680151e+00
2.3427963875000e-02 2.6269592833364e+00
2.3437963875000e-02 1.9999979837763e+00
2.3447963875000e-02 3.6031431004635e+00
2.3457963875000e-02 4.2028576554353e+00
2.3467963875000e-02 4.1727053289042e+00
2.3477963875000e-02 5.0529380247807e+00
2.3487963875000e-02 3.7983290882050e+00
2.3497963875000e-02 4.8694125659224e+00
2.3507963875000e-02 4.0983856861115e+00
2.3517963875000e-02 3.6556044301851e+00
2.3527963875000e-02 2.9775839891198e+00
2.3537963875000e-02 3.2090399456401e+00
2.3547963875000e-02 1.5034702107767e+00
2.3557963875000e-02 1.6316184792185e+00
2.3567963875000e-02 7.6448519085268e-01
2.3577963875000e-02 -5.2061806729838e-02
2.3587963875000e-02 -5.6607978538231e-01
2.3597963875000e-02 -5.4991467615143e-01
2.3607963875000e-02 -8.5109241098928e-01
2.3617963875000e-02 -7.6627787439596e-01
2.3627963875000e-02 -9.4614612053780e-01
2.3637963875000e-02 -9.1668142731202e-01
2.3647963875000e-02 -5.6728443527937e-01
2.3657963875000e-02 -1.6088228129750e-01
2.3667963875000e-02 -1.9930118557581e-01
2.3677963875000e-02 -1.1426171246844e-01
2.3687963875000e-02 3.5414318132565e-01
2.3697963875000e-02 6.6527683375208e-01
2.3707963875000e-02 4.3161530428133e-01
2.3717963875000e-02 7.1296521854111e-01
2.3727963875000e-02 8.0825061135039e-01
2.3737963875000e-02 1.5200457240776e+00
2.3747963875000e-02 1.4840491901318e+00
2.3757963875000e-02 2.2343981497877e+00
2.3767963875000e-02 2.9476819499849e+00
2.3777963875000e-02 3.4122668664497e+00
2.3787963875000e-02 3.6649830763271e+00
2.3797963875000e-02 4.0925675755874e+00
2.3807963875000e-02 4.2485960501712e+00
2.3817963875000e-02 4.3498273483805e+00
2.3827963875000e-02 4.0240891018887e+00
2.3837963875000e-02 3.4579339754334e+00
2.3847963875000e-02 2.3203493867956e+00
2.3857963875000e-02 1.1337735581133e+00
2.3867963875000e-02 -1.2071625358788e-01
2.3877963875000e-02 -9.1733016312897e-01
2.3887963875000e-02 -2.0082710360473e+00
2.3897963875000e-02 -2.9243104334065e+00
2.3907963875000e-02 -3.8918219311215e+00
2.3917963875000e-02 -4.6299826589889e+00
2.3927963875000e-02 -5.3964105751321e+00
2.3937963875000e-02 -5.7051606713307e+00
2.3947963875000e-02 -6.2376839290003e+00
2.3957963875000e-02 -6.6304674393325e+00
2.3967963875000e-02 -6.7656723629486e+00
2.3977963875000e-02 -6.8467685772356e+00
2.3987963875000e-02 -6.4588804334018e+00
2.3997963875000e-02 -5.7543774519650e+00
2.4007963875000e-02 -5.2575726467202e+00
2.4017963875000e-02 -4.1669227957239e+00
2.4027963875000e-02 -3.4296337633770e+00
2.4037963875000e-02 -2.0992258175335e+00
2.4047963875000e-02 -6.0618621915595e-01
2.4057963875000e-02 7.4268110589488e-01
2.4067963875000e-02 2.0999687359569e+00
2.4077963875000e-02 3.6629642594201e+00
2.4087963875000e-02 4.7135607592644e+00
2.4097963875000e-02 5.7902692565456e+00
2.4107963875000e-02 6.5745720630840e+00
2.4117963875000e-02 7.0010163766542e+00
2.4127963875000e-02 6.8059067366317e+00
2.4137963875000e-02 6.1088473262765e+00
2.4147963875000e-02 5.0928550422158e+00
2.4157963875000e-02 3.8775282149461e+00
2.4167963875000e-02 2.8069111747285e+00
2.4177963875000e-02 1.4579622785354e+00
2.4187963875000e-02 -4.6731244743330e-02
2.4197963875000e-02 -1.3335386136090e+00
2.4207963875000e-02 -2.7284869516487e+00
2.4217963875000e-02 -3.8085158317365e+00
2.4227963875000e-02 -4.7313996667016e+00
2.4237963875000e-02 -5.2191496405194e+00
2.4247963875000e-02 -6.0280517041326e+00
2.4257963875000e-02 -6.6689728687460e+00
2.4267963875000e-02 -7.3933418050227e+00
2.4277963875000e-02 -7.9105559842153e+00
2.4287963875000e-02 -8.4384145013822e+00
2.4297963875000e-02 -8.8302326916408e+00
2.4307963875000e-02 -9.1716140898469e+00
2.4317963875000e-02 -8.7155576955489e+00
2.4327963875000e-02 -9.0318144507018e+00
2.4337963875000e-02 -9.1213519394707e+00
2.4347963875000e-02 -8.9294124342105e+00
2.4357963875000e-02 -9.3068143839969e+00
2.4367963875000e-02 -9.2071120212089e+00
2.4377963875000e-02 -9.0359288471084e+00
2.4387963875000e-02 -9.2708373386668e+00
2.4397963875000e-02 -9.5262771788921e+00
2.4407963875000e-02 -9.4008720599002e+00
2.4417963875000e-02 -9.2987221276858e+00
2.4427963875000e-02 -9.3100021397657e+00
2.4437963875000e-02 -9.2172027230815e+00
2.4447963875000e-02 -8.7435832542616e+00
2.4457963875000e-02 -8.7165166822120e+00
2.4467963875000e-02 -9.1008982488460e+00
2.4477963875000e-02 -8.9443378109505e+00
2.4487963875000e-02 -9.3912272964865e+00
2.4497963875000e-02 -9.6795909836867e+00
2.4507963875000e-02 -9.8789841168687e+00
2.4517963875000e-02 -1.0155169351384e+01
2.4527963875000e-02 -1.0513323497759e+01
2.4537963875000e-02 -1.0909783215983e+01
2.4547963875000e-02 -1.1516307373770e+01
2.4557963875000e-02 -1.1804098141704e+01
2.4567963875000e-02 -1.2252866501805e+01
2.4577963875000e-02 -1.2304566890151e+01
2.4587963875000e-02 -1.2717884446018e+01
2.4597963875000e-02 -1.3144153994885e+01
2.4607963875000e-02 -1.3304058167643e+01
2.4617963875000e-02 -1.3520222995417e+01
2.4627963875000e-02 -1.3394778497851e+01
2.4637963875000e-02 -1.2836590890759e+01
2.4647963875000e-02 -1.2722271711092e+01
2.4657963875000e-02 -1.2833325297905e+01
2.4667963875000e-02 -1.2151592621968e+01
2.4677963875000e-02 -1.1752412347360e+01
2.4687963875000e-02 -1.1798945298332e+01
2.4697963875000e-02 -1.1089832176331e+01
2.4707963875000e-02 -1.0397066557821e+01
2.4717963875000e-02 -9.5824813272191e+00
2.4727963875000e-02 -9.2734739441039e+00
2.4737963875000e-02 -8.7268981451207e+00
2.4747963875000e-02 -7.8550950106526e+00
2.4757963875000e-02 -7.7357982625285e+00
2.4767963875000e-02 -7.1369632295935e+00
2.4777963875000e-02 -6.2118857319924e+00
2.4787963875000e-02 -5.5727368471204e+00
2.4797963875000e-02 -5.9150982192215e+00
2.4807963875000e-02 -5.1129488503329e+00
2.4817963875000e-02 -4.1854006689252e+00
2.4827963875000e-02 -3.9018509172462e+00
2.4837963875000e-02 -2.2855734180198e+00
2.4847963875000e-02 -1.5178617835304e+00
2.4857963875000e-02 -1.3342081237439e+00
2.4867963875000e-02 9.6603365617550e-03
2.4877963875000e-02 1.8820921705112e+00
2.4887963875000e-02 1.8936760430106e+00
2.4897963875000e-02 2.6678991696244e+00
2.4907963875000e-02 3.6640669572252e+00
2.4917963875000e-02 5.2797061456520e+00
2.4927963875000e-02 6.1445361875495e+00
2.4937963875000e-02 6.7660103570516e+00
2.4947963875000e-02 7.1086181119648e+00
2.4957963875000e-02 7.5793562469664e+00
2.4967963875000e-02 8.2276977960032e+00
2.4977963875000e-02 9.1424915252194e+00
2.4987963875000e-02 9.5326827182212e+00
2.4997963875000e-02 9.7926371531074e+00
2.5007963875000e-02 1.0183976328543e+01
2.5017963875000e-02 1.0091132003897e+01
2.5027963875000e-02 1.0083762206306e+01
2.5037963875000e-02 1.0835368881203e+01
2.5047963875000e-02 1.0778173029537e+01
2.5057963875000e-02 1.0821541850453e+01
2.5067963875000e-02 1.0880412738929e+01
2.5077963875000e-02 1.1223731655273e+01
2.5087963875000e-02 1.1649235499245e+01
2.5097963875000e-02 1.2733047278940e+01
2.5107963875000e-02 1.3557608991389e+01
2.5117963875000e-02 1.4351938480597e+01
2.5127963875000e-02 1.4613707077965e+01
2.5137963875000e-02 1.6045974010086e+01
2.5147963875000e-02 1.6355193054935e+01
2.5157963875000e-02 1.5826134384753e+01
2.5167963875000e-02 1.6627788353869e+01
2.5177963875000e-02 1.6981110081856e+01
2.5187963875000e-02 1.7238379726562e+01
2.5197963875000e-02 1.7170407291370e+01
2.5207963875000e-02 1.5666906268864e+01
2.5217963875000e-02 1.5022563433091e+01
2.5227963875000e-02 1.3955552007121e+01
2.5237963875000e-02 1.2493464033633e+01
2.5247963875000e-02 1.1252661455331e+01
2.5257963875000e-02 9.6275235182621e+00
2.5267963875000e-02 8.3656328274046e+00
2.5277963875000e-02 7.3080337761161e+00
2.5287963875000e-02 6.8014187067133e+00
2.5297963875000e-02 6.0736746837236e+00
2.5307963875000e-02 6.1405059891676e+00
2.5317963875000e-02 5.6228172751810e+00
2.5327963875000e-02 5.5615343976654e+00
2.5337963875000e-02 5.1166861577647e+00
2.5347963875000e-02 4.7201043379799e+00
2.5357963875000e-02 4.6830942428475e+00
2.5367963875000e-02 4.2077010086685e+00
2.5377963875000e-02 4.1035601316857e+00
2.5387963875000e-02 3.6766826453434e+00
2.5397963875000e-02 2.9436372852542e+00
2.5407963875000e-02 2.1351983263214e+00
2.5417963875000e-02 1.2804006715969e+00
2.5427963875000e-02 7.7110446987001e-01
2.5437963875000e-02 2.6343438323439e-02
2.5447963875000e-02 -7.1907935734763e-01
2.5457963875000e-02 -1.3053212646898e+00
2.5467963875000e-02 -1.9803803369270e+00
2.5477963875000e-02 -2.5572099910542e+00
2.5487963875000e-02 -3.3571331765605e+00
2.5497963875000e-02 -4.0919801706990e+00
2.5507963875000e-02 -4.6077442117179e+00
2.5517963875000e-02 -5.1804359795997e+00
2.5527963875000e-02 -5.6978630988250e+00
2.5537963875000e-02 -6.3500235440116e+00
2.5547963875000e-02 -6.6809409891207e+00
2.5557963875000e-02 -7.4557721093035e+00
2.5567963875000e-02 -7.5161735239848e+00
2.5577963875000e-02 -7.2805857700478e+00
2.5587963875000e-02 -7.5267633796189e+00
2.5597963875000e-02 -7.4646691156673e+00
2.5607963875000e-02 -7.5084903736950e+00
2.5617963875000e-02 -7.2796775590895e+00
2.5627963875000e-02 -7.3634791180268e+00
2.5637963875000e-02 -7.6502828747486e+00
2.5647963875000e-02 -7.8125659462404e+00
2.5657963875000e-02 -8.0721265964873e+00
2.5667963875000e-02 -8.6921144230815e+00
2.5677963875000e-02 -8.9928807461764e+00
2.5687963875000e-02 -1.0561690519706e+01
2.5697963875000e-02 -1.0447064006466e+01
2.5707963875000e-02 -1.0917057914384e+01
2.5717963875000e-02 -1.0657687692806e+01
2.5727963875000e-02 -1.1012583897570e+01
2.5737963875000e-02 -1.1175881561288e+01
2.5747963875000e-02 -1.1464794462939e+01
2.5757963875000e-02 -1.1670643610918e+01
2.5767963875000e-02 -1.1696552674251e+01
2.5777963875000e-02 -1.1512278095884e+01
2.5787963875000e-02 -1.1033371166619e+01
2.5797963875000e-02 -1.0337741610785e+01
2.5807963875000e-02 -9.9497076898072e+00
2.5817963875000e-02 -9.5938951371347e+00
2.5827963875000e-02 -9.2702591200694e+00
2.5837963875000e-02 -8.7079559456594e+00
2.5847963875000e-02 -8.5593759225927e+00
2.5857963875000e-02 -8.0240492495887e+00
2.5867963875000e-02 -8.2985380272744e+00
2.5877963875000e-02 -8.1381617832047e+00
2.5887963875000e-02 -8.6253298365790e+00
2.5897963875000e-02 -8.8910215156349e+00
2.5907963875000e-02 -9.2294899416750e+00
2.5917963875000e-02 -8.5183377003264e+00
2.5927963875000e-02 -7.5012999055876e+00
2.5937963875000e-02 -7.0512960332632e+00
2.5947963875000e-02 -6.5744379512196e+00
2.5957963875000e-02 -6.0342146642652e+00
2.5967963875000e-02 -5.2279708332628e+00
2.5977963875000e-02 -4.2534183399772e+00
2.5987963875000e-02 -3.2210421703980e+00
2.5997963875000e-02 -2.7230484604212e+00
2.6007963875000e-02 -1.9043970586437e+00
2.6017963875000e-02 -9.3709562646468e-01
2.6027963875000e-02 5.6399261317598e-02
2.6037963875000e-02 9.1451184271612e-01
2.6047963875000e-02 1.7843209580014e+00
2.6057963875000e-02 2.1589982887572e+00
2.6067963875000e-02 1.9915479120990e+00
2.6077963875000e-02 2.0306371672895e+00
2.6087963875000e-02 2.8059355424364e+00
2.6097963875000e-02 2.8517806127886e+00
2.6107963875000e-02 3.0159133766302e+00
2.6117963875000e-02 3.2509546490346e+00
2.6127963875000e-02 3.5448632268036e+00
2.6137963875000e-02 4.2860838949354e+00
2.6147963875000e-02 4.5267337712792e+00
2.6157963875000e-02 4.6188011753933e+00
2.6167963875000e-02 5.1100251478072e+00
2.6177963875000e-02 5.8507074614198e+00
2.6187963875000e-02 5.9758668575443e+00
2.6197963875000e-02 5.8899029293665e+00
2.6207963875000e-02 6.3779614495757e+00
2.6217963875000e-02 6.5777021277214e+00
2.6227963875000e-02 6.5796865173393e+00
2.6237963875000e-02 6.4629734778150e+00
2.6247963875000e-02 6.3586162189792e+00
2.6257963875000e-02 6.3876086631432e+00
2.6267963875000e-02 6.5344399376344e+00
2.6277963875000e-02 6.5391552596743e+00
2.6287963875000e-02 6.2895817295136e+00
2.6297963875000e-02 6.2248953243594e+00
2.6307963875000e-02 6.4482484782133e+00
2.6317963875000e-02 6.5768074390808e+00
2.6327963875000e-02 7.0832129723916e+00
2.6337963875000e-02 7.4892960567315e+00
2.6347963875000e-02 8.1131509384680e+00
2.6357963875000e-02 8.6811971820800e+00
2.6367963875000e-02 9.2657529025501e+00
2.6377963875000e-02 9.9585240905946e+00
2.6387963875000e-02 1.0718560804489e+01
2.6397963875000e-02 1.1564224434980e+01
2.6407963875000e-02 1.2358991971057e+01
2.6417963875000e-02 1.2954700084853e+01
2.6427963875000e-02 1.3789047269455e+01
2.6437963875000e-02 1.4445930767686e+01
2.6447963875000e-02 1.4650325853565e+01
2.6457963875000e-02 1.4596637802309e+01
2.6467963875000e-02 1.4572752367831e+01
2.6477963875000e-02 1.4629936692250e+01
2.6487963875000e-02 1.4369998514533e+01
2.6497963875000e-02 1.4006748860992e+01
2.6507963875000e-02 1.3965948686815e+01
2.6517963875000e-02 1.3524953829257e+01
2.6527963875000e-02 1.2931384619028e+01
2.6537963875000e-02 1.2301396511946e+01
2.6547963875000e-02 1.1411828422353e+01
2.6557963875000e-02 1.0469699830474e+01
2.6567963875000e-02 9.3596176322140e+00
2.6577963875000e-02 8.2219511855398e+00
2.6587963875000e-02 7.1072111315351e+00
2.6597963875000e-02 6.3337946971396e+00
2.6607963875000e-02 4.6828968469414e+00
2.6617963875000e-02 3.8276054193198e+00
2.6627963875000e-02 3.0825662156337e+00
2.6637963875000e-02 1.7368006388161e+00
2.6647963875000e-02 8.8444358140849e-01
2.6657963875000e-02 -1.1816483157824e-01
2.6667963875000e-02 -7.2553030469105e-01
2.6677963875000e-02 -1.2508529839655e+00
2.6687963875000e-02 -2.1501147791834e+00
2.6697963875000e-02 -3.1418436268554e+00
2.6707963875000e-02 -4.1167353573809e+00
2.6717963875000e-02 -5.2831882457049e+00
2.6727963875000e-02 -5.9600202541467e+00
2.6737963875000e-02 -6.7085672657574e+00
2.6747963875000e-02 -7.1579587766298e+00
2.6757963875000e-02 -7.9550823588864e+00
2.6767963875000e-02 -9.0521474915246e+00
2.6777963875000e-02 -9.5524511985255e+00
2.6787963875000e-02 -9.8891470145516e+00
2.6797963875000e-02 -1.0616714726831e+01
2.6807963875000e-02 -1.1045308847742e+01
2.6817963875000e-02 -1.2321883438155e+01
2.6827963875000e-02 -1.3479176999390e+01
2.6837963875000e-02 -1.4112904145477e+01
2.6847963875000e-02 -1.4959410949290e+01
2.6857963875000e-02 -1.5105735007608e+01
2.6867963875000e-02 -1.5760618879666e+01
2.6877963875000e-02 -1.6630144112490e+01
2.6887963875000e-02 -1.6201503620827e+01
2.6897963875000e-02 -1.6925851196394e+01
2.6907963875000e-02 -1.6459775081229e+01
2.6917963875000e-02 -1.6798700245049e+01
2.6927963875000e-02 -1.6179159206687e+01
2.6937963875000e-02 -1.4976681158992e+01
2.6947963875000e-02 -1.3777223284430e+01
2.6957963875000e-02 -1.3373751489856e+01
2.6967963875000e-02 -1.1666268464445e+01
2.6977963875000e-02 -1.1110007923516e+01
2.6987963875000e-02 -9.7270333232107e+00
2.6997963875000e-02 -8.8711620233660e+00
2.7007963875000e-02 -7.1171355180078e+00
2.7017963875000e-02 -6.2048688642373e+00
2.7027963875000e-02 -5.2289322620605e+00
2.7037963875000e-02 -4.7922186900855e+00
2.7047963875000e-02 -4.1608442340398e+00
2.7057963875000e-02 -3.2894474852108e+00
2.7067963875000e-02 -2.8055725113981e+00
2.7077963875000e-02 -2.7661657119141e+00
2.7087963875000e-02 -1.9655029604719e+00
2.7097963875000e-02 -1.0869791853203e+00
2.7107963875000e-02 -1.4772725978762e+00
2.7117963875000e-02 -6.1643729355607e-01
2.7127963875000e-02 4.6785608487378e-01
2.7137963875000e-02 1.2052843815858e+00
2.7147963875000e-02 2.2396580325254e+00
2.7157963875000e-02 2.9669416823616e+00
2.7167963875000e-02 3.2320458638183e+00
2.7177963875000e-02 4.0108434523888e+00
2.7187963875000e-02 4.8703848841169e+00
2.7197963875000e-02 5.2269687657081e+00
2.7207963875000e-02 6.0334798583618e+00
2.7217963875000e-02 5.9810229022969e+00
2.7227963875000e-02 6.4791039519862e+00
2.7237963875000e-02 6.8249828270694e+00
2.7247963875000e-02 7.0050593466754e+00
2.7257963875000e-02 7.3347562737607e+00
2.7267963875000e-02 7.4785354354330e+00
2.7277963875000e-02 7.9095690446352e+00
2.7287963875000e-02 8.3959322418426e+00
2.7297963875000e-02 8.2579455520812e+00
2.7307963875000e-02 8.2325654842242e+00
2.7317963875000e-02 8.6047060216610e+00
2.7327963875000e-02 9.1443097196917e+00
2.7337963875000e-02 9.6633799270310e+00
2.7347963875000e-02 1.0430513144646e+01
2.7357963875000e-02 1.1322308696010e+01
2.7367963875000e-02 1.1853405511644e+01
2.7377963875000e-02 1.2969283239305e+01
2.7387963875000e-02 1.3347522916090e+01
2.7397963875000e-02 1.3415098342163e+01
2.7407963875000e-02 1.2901269086258e+01
2.7417963875000e-02 1.2761561120462e+01
2.7427963875000e-02 1.2700074488209e+01
2.7437963875000e-02 1.1989697059463e+01
2.7447963875000e-02 1.1063899335614e+01
2.7457963875000e-02 1.0613769150606e+01
2.7467963875000e-02 1.0262784359240e+01
2.7477963875000e-02 9.4018516410655e+00
2.7487963875000e-02 9.3937464934373e+00
2.7497963875000e-02 9.6373686436994e+00
2.7507963875000e-02 9.7749032890245e+00
2.7517963875000e-02 9.6076386328267e+00
2.7527963875000e-02 9.3481028197235e+00
2.7537963875000e-02 8.9095648097395e+00
2.7547963875000e-02 8.7923467490567e+00
2.7557963875000e-02 8.0724018083578e+00
2.7567963875000e-02 7.3770787708116e+00
2.7577963875000e-02 6.5998489420577e+00
2.7587963875000e-02 5.7100101553009e+00
2.7597963875000e-02 5.0582185384029e+00
2.7607963875000e-02 4.4140081167087e+00
2.7617963875000e-02 3.8360670293283e+00
2.7627963875000e-02 3.5460721604695e+00
2.7637963875000e-02 2.7742557010589e+00
2.7647963875000e-02 1.5165571055006e+00
2.7657963875000e-02 4.6020848498575e-01
2.7667963875000e-02 -1.2710417330591e-01
2.7677963875000e-02 -1.2856627134930e+00
2.7687963875000e-02 -2.1003413497629e+00
2.7697963875000e-02 -2.8860744125672e+00
2.7707963875000e-02 -3.6490917346655e+00
2.7717963875000e-02 -3.9796120880884e+00
2.7727963875000e-02 -4.6301224117258e+00
2.7737963875000e-02 -5.0231422534976e+00
2.7747963875000e-02 -6.3277441994376e+00
2.7757963875000e-02 -6.3039279495700e+00
2.7767963875000e-02 -7.1087069375345e+00
2.7777963875000e-02 -6.8220586880319e+00
2.7787963875000e-02 -6.8549044413827e+00
2.7797963875000e-02 -8.1066972172617e+00
2.7807963875000e-02 -8.9352171833985e+00
2.7817963875000e-02 -8.0399029809919e+00
2.7827963875000e-02 -7.8015723706249e+00
2.7837963875000e-02 -8.5670482654028e+00
2.7847963875000e-02 -8.7283779953247e+00
2.7857963875000e-02 -9.1578711011758e+00
2.7867963875000e-02 -1.0034341056360e+01
2.7877963875000e-02 -1.0739329693789e+01
2.7887963875000e-02 -1.1345602862997e+01
2.7897963875000e-02 -1.1786294277417e+01
2.7907963875000e-02 -1.2589338734729e+01
2.7917963875000e-02 -1.4105084768206e+01
2.7927963875000e-02 -1.4568140282448e+01
2.7937963875000e-02 -1.5137237325988e+01
2.7947963875000e-02 -1.5733826731826e+01
2.7957963875000e-02 -1.6023410180962e+01
2.7967963875000e-02 -1.5759884337377e+01
2.7977963875000e-02 -1.6265802713814e+01
2.7987963875000e-02 -1.6063151849144e+01
2.7997963875000e-02 -1.5528035916462e+01
2.8007963875000e-02 -1.4324104169165e+01
2.8017963875000e-02 -1.3032568076655e+01
2.8027963875000e-02 -1.2252288177933e+01
2.8037963875000e-02 -1.1576635424041e+01
2.8047963875000e-02 -9.7902400894069e+00
2.8057963875000e-02 -8.0682760698404e+00
2.8067963875000e-02 -6.8235067858868e+00
2.8077963875000e-02 -5.1220831630918e+00
2.8087963875000e-02 -2.6838288792281e+00
2.8097963875000e-02 -7.5712605616027e-01
2.8107963875000e-02 1.2548774197112e-02
2.8117963875000e-02 7.8558658025207e-01
2.8127963875000e-02 1.9307268721014e+00
2.8137963875000e-02 2.6434837427432e+00
2.8147963875000e-02 2.9147080899184e+00
2.8157963875000e-02 3.3955746704040e+00
2.8167963875000e-02 4.7510535623372e+00
2.8177963875000e-02 5.9756160629800e+00
2.8187963875000e-02 5.6478115079325e+00
2.8197963875000e-02 5.7750536489918e+00
2.8207963875000e-02 5.6972247518988e+00
2.8217963875000e-02 5.5879149623671e+00
2.8227963875000e-02 4.8354449114141e+00
2.8237963875000e-02 4.0369484782175e+00
2.8247963875000e-02 4.3433244892135e+00
2.8257963875000e-02 5.0012153329480e+00
2.8267963875000e-02 5.1915368040856e+00
2.8277963875000e-02 5.9504227673434e+00
2.8287963875000e-02 6.7584561843368e+00
2.8297963875000e-02 7.1595272638907e+00
2.8307963875000e-02 6.6620171077071e+00
2.8317963875000e-02 7.0060098711487e+00
2.8327963875000e-02 7.6101135875291e+00
2.8337963875000e-02 7.6500585341761e+00
2.8347963875000e-02 7.9661298714591e+00
2.8357963875000e-02 8.9221642122283e+00
2.8367963875000e-02 9.4238325302375e+00
2.8377963875000e-02 1.0279166915711e+01
2.8387963875000e-02 1.0838006051671e+01
2.8397963875000e-02 1.1492049534963e+01
2.8407963875000e-02 1.2274607628744e+01
2.8417963875000e-02 1.3049089817510e+01
2.8427963875000e-02 1.4032961007919e+01
2.8437963875000e-02 1.4324041000420e+01
2.8447963875000e-02 1.4294276094978e+01
2.8457963875000e-02 1.4601135527256e+01
2.8467963875000e-02 1.4046039176835e+01
2.8477963875000e-02 1.3543256502132e+01
2.8487963875000e-02 1.2747457368389e+01
2.8497963875000e-02 1.1893222901865e+01
2.8507963875000e-02 1.1258072948858e+01
2.8517963875000e-02 1.0833050673840e+01
2.8527963875000e-02 1.0377187558269e+01
2.8537963875000e-02 9.9598288887526e+00
2.8547963875000e-02 9.3312619273928e+00
2.8557963875000e-02 8.9655828893765e+00
2.8567963875000e-02 8.4569654356374e+00
2.8577963875000e-02 7.8498782827382e+00
2.8587963875000e-02 6.6879507941098e+00
2.8597963875000e-02 5.5446018132907e+00
2.8607963875000e-02 5.5146736367035e+00
2.8617963875000e-02 4.4482513292221e+00
2.8627963875000e-02 5.0064328838316e+00
2.8637963875000e-02 6.5401450472885e+00
2.8647963875000e-02 6.1354429342032e+00
2.8657963875000e-02 4.3307585026072e+00
2.8667963875000e-02 2.6900502047258e+00
2.8677963875000e-02 7.4936167136093e-01
2.8687963875000e-02 -1.8573097472968e-01
2.8697963875000e-02 -1.3681143585181e+00
2.8707963875000e-02 -1.4677811038633e+00
2.8717963875000e-02 -2.0326502829398e+00
2.8727963875000e-02 -3.1858887935750e+00
2.8737963875000e-02 -4.1215490831527e+00
2.8747963875000e-02 -4.4449547081319e+00
2.8757963875000e-02 -5.8382521441502e+00
2.8767963875000e-02 -6.1564718325902e+00
2.8777963875000e-02 -7.2321165696608e+00
2.8787963875000e-02 -7.9024738474952e+00
2.8797963875000e-02 -8.2314864740442e+00
2.8807963875000e-02 -9.0058039656783e+00
2.8817963875000e-02 -9.4741540535133e+00
2.8827963875000e-02 -9.8772828888689e+00
2.8837963875000e-02 -1.0694362549063e+01
2.8847963875000e-02 -1.0635584706291e+01
2.8857963875000e-02 -1.0927698861322e+01
2.8867963875000e-02 -1.1468783147064e+01
2.8877963875000e-02 -1.1286922400383e+01
2.8887963875000e-02 -1.1541851466307e+01
2.8897963875000e-02 -1.1336560379852e+01
2.8907963875000e-02 -1.1688458010398e+01
2.8917963875000e-02 -1.1561377576135e+01
2.8927963875000e-02 -1.0762979834034e+01
2.8937963875000e-02 -1.1761471169748e+01
2.8947963875000e-02 -1.2018065705509e+01
2.8957963875000e-02 -1.2083653300282e+01
2.8967963875000e-02 -1.2723180217958e+01
2.8977963875000e-02 -1.2985088668493e+01
2.8987963875000e-02 -1.3911105018263e+01
2.8997963875000e-02 -1.4404150678244e+01
2.9007963875000e-02 -1.4210187829946e+01
2.9017963875000e-02 -1.3933246457783e+01
2.9027963875000e-02 -1.3711282274593e+01
2.9037963875000e-02 -1.3658929148600e+01
2.9047963875000e-02 -1.3246302952373e+01
2.9057963875000e-02 -1.2191647927543e+01
2.9067963875000e-02 -1.1741606516593e+01
2.9077963875000e-02 -1.0870361289507e+01
2.9087963875000e-02 -1.0172236943963e+01
2.9097963875000e-02 -9.4629031795729e+00
2.9107963875000e-02 -8.2216101781879e+00
2.9117963875000e-02 -6.3430749738363e+00
2.9127963875000e-02 -5.6928162084778e+00
2.9137963875000e-02 -5.4744220921613e+00
2.9147963875000e-02 -5.0979076042422e+00
2.9157963875000e-02 -3.8916617650426e+00
2.9167963875000e-02 -3.5828071615852e+00
2.9177963875000e-02 -2.9139925999654e+00
2.9187963875000e-02 -1.9997467573964e+00
2.9197963875000e-02 -2.6972589439987e+00
2.9207963875000e-02 -2.0325466422067e+00
2.9217963875000e-02 -2.0887467532124e+00
2.9227963875000e-02 -1.8054140131100e+00
2.9237963875000e-02 -1.8106114169418e+00
2.9247963875000e-02 -2.1968321408385e+00
2.9257963875000e-02 -2.3677369692818e+00
2.9267963875000e-02 -2.6172840558621e+00
2.9277963875000e-02 -2.5575934977404e+00
2.9287963875000e-02 -2.7830217260675e+00
2.9297963875000e-02 -3.1094710487763e+00
2.9307963875000e-02 -2.9866948227898e+00
2.9317963875000e-02 -3.1872664738355e+00
2.9327963875000e-02 -3.0573376035715e+00
2.9337963875000e-02 -2.4614270488393e+00
2.9347963875000e-02 -2.1913917227978e+00
2.9357963875000e-02 -2.1788099698683e+00
2.9367963875000e-02 -1.8521310608360e+00
2.9377963875000e-02 -1.5135800289040e+00
2.9387963875000e-02 -1.1167690746314e+00
2.9397963875000e-02 -3.8502103551904e-01
2.9407963875000e-02 1.0068900496546e-01
2.9417963875000e-02 1.0315862519790e+00
2.9427963875000e-02 1.2560574870703e+00
2.9437963875000e-02 2.1573022924841e+00
2.9447963875000e-02 3.0214477457267e+00
2.9457963875000e-02 3.9898473835593e+00
2.9467963875000e-02 4.5275707818399e+00
2.9477963875000e-02 5.0227865615047e+00
2.9487963875000e-02 4.4871498601563e+00
2.9497963875000e-02 3.4390627649489e+00
2.9507963875000e-02 2.6513682583920e+00
2.9517963875000e-02 1.2613134153596e+00
2.9527963875000e-02 6.3375350087279e-01
2.9537963875000e-02 3.0612568563526e-01
2.9547963875000e-02 -1.0349443841511e+00
2.9557963875000e-02 -1.2544241852243e+00
2.9567963875000e-02 -1.6328469678528e+00
2.9577963875000e-02 -2.1689134316142e+00
2.9587963875000e-02 -2.0325108195068e+00
2.9597963875000e-02 -1.9293682363790e+00
2.9607963875000e-02 -1.4623195362288e+00
2.9617963875000e-02 -8.0769603335768e-01
2.9627963875000e-02 3.2621200871833e-02
2.9637963875000e-02 3.9059037000873e-01
2.9647963875000e-02 1.0364757377471e+00
2.9657963875000e-02 1.9981484441089e+00
2.9667963875000e-02 2.4048118651277e+00
2.9677963875000e-02 2.8218238900567e+00
2.9687963875000e-02 2.8930290974194e+00
2.9697963875000e-02 2.7008870518848e+00
2.9707963875000e-02 2.8770695707232e+00
2.9717963875000e-02 2.7253220441339e+00
2.9727963875000e-02 3.5412575608596e+00
2.9737963875000e-02 4.1809071243490e+00
2.9747963875000e-02 4.7266453078921e+00
2.9757963875000e-02 5.5493423610806e+00
2.9767963875000e-02 6.5943372048853e+00
2.9777963875000e-02 7.1079857386020e+00
2.9787963875000e-02 7.7209446307155e+00
2.9797963875000e-02 8.1947823703263e+00
2.9807963875000e-02 8.6941045675472e+00
2.9817963875000e-02 9.0503953249449e+00
2.9827963875000e-02 9.4257665011496e+00
2.9837963875000e-02 9.8233295423750e+00
2.9847963875000e-02 1.0694174017196e+01
2.9857963875000e-02 1.0752604609445e+01
2.9867963875000e-02 1.0731080071308e+01
2.9877963875000e-02 1.0865303381371e+01
2.9887963875000e-02 1.0754281601735e+01
2.9897963875000e-02 1.0508458270064e+01
2.9907963875000e-02 9.9411660005396e+00
2.9917963875000e-02 9.5196417102783e+00
2.9927963875000e-02 8.9497602153878e+00
2.9937963875000e-02 8.7834397152205e+00
2.9947963875000e-02 8.9588498083849e+00
2.9957963875000e-02 8.5780658751198e+00
2.9967963875000e-02 7.8913754492856e+00
2.9977963875000e-02 7.9869233110573e+00
2.9987963875000e-02 8.4187237564130e+00
2.9997963875000e-02 8.9451053090506e+00
3.0007963875000e-02 9.8237657156220e+00
3.0017963875000e-02 1.0567726869395e+01
3.0027963875000e-02 1.1448669812831e+01
3.0037963875000e-02 1.1760708389284e+01
3.0047963875000e-02 1.2232196498250e+01
3.0057963875000e-02 1.2409282231591e+01
3.0067963875000e-02 1.2681338370314e+01
3.0077963875000e-02 1.2412095563249e+01
3.0087963875000e-02 1.1488568315493e+01
3.0097963875000e-02 1.1069181120540e+01
3.0107963875000e-02 1.0108110117336e+01
3.0117963875000e-02 9.4770311537263e+00
3.0127963875000e-02 8.4220252741770e+00
3.0137963875000e-02 7.6815968476137e+00
3.0147963875000e-02 7.1215184040455e+00
3.0157963875000e-02 6.8693324923075e+00
3.0167963875000e-02 6.4130499816527e+00
3.0177963875000e-02 5.6298127355202e+00
3.0187963875000e-02 5.4659014814983e+00
3.0197963875000e-02 4.9019705990580e+00
3.0207963875000e-02 4.3208439299901e+00
3.0217963875000e-02 3.5477680723168e+00
3.0227963875000e-02 2.6107518102049e+00
3.0237963875000e-02 2.4530284924749e+00
3.0247963875000e-02 1.8816755947552e+00
3.0257963875000e-02 6.7547049041979e-01
3.0267963875000e-02 4.1238700909977e-01
3.0277963875000e-02 -4.0666691372887e-02
3.0287963875000e-02 -6.4159793331158e-01
3.0297963875000e-02 -1.0426821377471e+00
3.0307963875000e-02 -1.2696977748939e+00
3.0317963875000e-02 -1.9613544503423e+00
3.0327963875000e-02 -2.2373169657468e+00
3.0337963875000e-02 -2.8549154331511e+00
3.0347963875000e-02 -3.1741240920448e+00
3.0357963875000e-02 -3.4783056017338e+00
3.0367963875000e-02 -3.9850544682344e+00
3.0377963875000e-02 -4.9531803929865e+00
3.0387963875000e-02 -6.0156341642544e+00
3.0397963875000e-02 -6.9602139690744e+00
3.0407963875000e-02 -7.6953137729623e+00
3.0417963875000e-02 -8.3721853943102e+00
3.0427963875000e-02 -9.6126648579430e+00
3.0437963875000e-02 -1.0637988927643e+01
3.0447963875000e-02 -1.1855150039741e+01
3.0457963875000e-02 -1.2774567256136e+01
3.0467963875000e-02 -1.3212131220965e+01
3.0477963875000e-02 -1.3809822170909e+01
3.0487963875000e-02 -1.4640119641303e+01
3.0497963875000e-02 -1.5225866815459e+01
3.0507963875000e-02 -1.5878895469122e+01
3.0517963875000e-02 -1.6163625964118e+01
3.0527963875000e-02 -1.6703037282866e+01
3.0537963875000e-02 -1.6727549120315e+01
3.0547963875000e-02 -1.6663372459835e+01
3.0557963875000e-02 -1.6011370650978e+01
3.0567963875000e-02 -1.5428745430365e+01
3.0577963875000e-02 -1.4805460659197e+01
3.0587963875000e-02 -1.3757539601607e+01
3.0597963875000e-02 -1.2734517275478e+01
3.0607963875000e-02 -1.1294824003193e+01
3.0617963875000e-02 -9.5616119015077e+00
3.0627963875000e-02 -8.5623426137817e+00
3.0637963875000e-02 -7.1481445783522e+00
3.0647963875000e-02 -5.7765929837347e+00
3.0657963875000e-02 -4.3963941777291e+00
3.0667963875000e-02 -3.8020499895181e+00
3.0677963875000e-02 -3.0644937038032e+00
3.0687963875000e-02 -2.6537681246715e+00
3.0697963875000e-02 -1.9022531684997e+00
3.0707963875000e-02 -1.9952181162396e+00
3.0717963875000e-02 -1.4450025345458e+00
3.0727963875000e-02 5.2190051803903e-01
3.0737963875000e-02 1.3870705046555e+00
3.0747963875000e-02 2.4384203123771e+00
3.0757963875000e-02 3.1466114953206e+00
3.0767963875000e-02 3.3605436785172e+00
3.0777963875000e-02 2.8536055476597e+00
3.0787963875000e-02 4.0423903792582e+00
3.0797963875000e-02 4.1689912939331e+00
3.0807963875000e-02 6.2365648903212e+00
3.0817963875000e-02 7.0618676435779e+00
3.0827963875000e-02 7.3527369671116e+00
3.0837963875000e-02 7.4976447728243e+00
3.0847963875000e-02 8.3275244785936e+00
3.0857963875000e-02 7.4478961282369e+00
3.0867963875000e-02 8.2811724357900e+00
3.0877963875000e-02 8.9708562588450e+00
3.0887963875000e-02 9.5426892610692e+00
3.0897963875000e-02 1.0240074180110e+01
3.0907963875000e-02 1.0303171445086e+01
3.0917963875000e-02 1.0719164029425e+01
3.0927963875000e-02 1.0489482831438e+01
3.0937963875000e-02 9.9332973677488e+00
3.0947963875000e-02 9.9849663906447e+00
3.0957963875000e-02 7.4922624724112e+00
3.0967963875000e-02 7.3593674785999e+00
3.0977963875000e-02 8.2580620583448e+00
3.0987963875000e-02 7.7898280060841e+00
3.0997963875000e-02 8.6834086869485e+00
3.1007963875000e-02 9.3267179585715e+00
3.1017963875000e-02 8.7215908751010e+00
3.1027963875000e-02 7.3263264056685e+00
3.1037963875000e-02 8.3493893100252e+00
3.1047963875000e-02 6.6114747593630e+00
3.1057963875000e-02 7.8489949715148e+00
3.1067963875000e-02 7.8454197718211e+00
3.1077963875000e-02 8.3313232636888e+00
3.1087963875000e-02 9.6317222424322e+00
3.1097963875000e-02 1.0207093044471e+01
3.1107963875000e-02 9.3687451614135e+00
3.1117963875000e-02 9.0595015776185e+00
3.1127963875000e-02 8.8975929061774e+00
3.1137963875000e-02 8.1250114171512e+00
3.1147963875000e-02 8.2287343810048e+00
3.1157963875000e-02 7.8755668852247e+00
3.1167963875000e-02 7.5426135533017e+00
3.1177963875000e-02 6.8860887042159e+00
3.1187963875000e-02 7.1174441133843e+00
3.1197963875000e-02 6.9633060234853e+00
3.1207963875000e-02 7.1184275557740e+00
3.1217963875000e-02 6.6191645617175e+00
3.1227963875000e-02 6.3939965344270e+00
3.1237963875000e-02 6.2565445196148e+00
3.1247963875000e-02 6.4706250282997e+00
3.1257963875000e-02 5.9561589378117e+00
3.1267963875000e-02 5.6822241291674e+00
3.1277963875000e-02 5.3773112175648e+00
3.1287963875000e-02 4.8480225267052e+00
3.1297963875000e-02 4.0809672513237e+00
3.1307963875000e-02 3.6331723973854e+00
3.1317963875000e-02 3.4832022758972e+00
3.1327963875000e-02 2.7057367965857e+00
3.1337963875000e-02 1.8871638648021e+00
3.1347963875000e-02 1.3399964453692e+00
3.1357963875000e-02 5.4272586361897e-01
3.1367963875000e-02 -4.9054701019612e-01
3.1377963875000e-02 -9.3522332841866e-01
3.1387963875000e-02 -1.7199387528035e+00
3.1397963875000e-02 -2.4013113600708e+00
3.1407963875000e-02 -3.2988941812495e+00
3.1417963875000e-02 -3.7475659633539e+00
3.1427963875000e-02 -4.2052113749717e+00
3.1437963875000e-02 -4.5569116704748e+00
3.1447963875000e-02 -5.0388847079113e+00
3.1457963875000e-02 -5.4184982408920e+00
3.1467963875000e-02 -5.6932385902773e+00
3.1477963875000e-02 -5.7513008901089e+00
3.1487963875000e-02 -5.8118523846809e+00
3.1497963875000e-02 -5.5840885611220e+00
3.1507963875000e-02 -5.3037469374476e+00
3.1517963875000e-02 -4.9533741351761e+00
3.1527963875000e-02 -4.3041519275216e+00
3.1537963875000e-02 -3.9164732940224e+00
3.1547963875000e-02 -3.1858106002345e+00
3.1557963875000e-02 -3.0586168009649e+00
3.1567963875000e-02 -3.1609932368106e+00
3.1577963875000e-02 -3.3084582775880e+00
3.1587963875000e-02 -3.7552859666333e+00
3.1597963875000e-02 -5.0292631926232e+00
3.1607963875000e-02 -6.2008522580056e+00
3.1617963875000e-02 -7.9780120689932e+00
3.1627963875000e-02 -9.3631601002124e+00
3.1637963875000e-02 -1.1215763439312e+01
3.1647963875000e-02 -1.3289559238597e+01
3.1657963875000e-02 -1.4435523240702e+01
3.1667963875000e-02 -1.5508156520850e+01
3.1677963875000e-02 -1.6841945174512e+01
3.1687963875000e-02 -1.7325405818347e+01
3.1697963875000e-02 -1.7571301746684e+01
3.1707963875000e-02 -1.8090376108811e+01
3.1717963875000e-02 -1.7702370845376e+01
3.1727963875000e-02 -1.7953794113741e+01
3.1737963875000e-02 -1.8119827633167e+01
3.1747963875000e-02 -1.7280805668535e+01
3.1757963875000e-02 -1.6672493549678e+01
3.1767963875000e-02 -1.6597615330373e+01
3.1777963875000e-02 -1.5165030426468e+01
3.1787963875000e-02 -1.4509666333044e+01
3.1797963875000e-02 -1.3469212503474e+01
3.1807963875000e-02 -1.2370758141944e+01
3.1817963875000e-02 -1.1289635257257e+01
3.1827963875000e-02 -1.0035886352407e+01
3.1837963875000e-02 -8.3881861573014e+00
3.1847963875000e-02 -7.4966183448520e+00
3.1857963875000e-02 -6.8044528109775e+00
3.1867963875000e-02 -5.5129354032214e+00
3.1877963875000e-02 -4.2474046808904e+00
3.1887963875000e-02 -3.4944974664736e+00
3.1897963875000e-02 -2.3880677590317e+00
3.1907963875000e-02 -1.8226426567358e+00
3.1917963875000e-02 -1.1485097886221e+00
3.1927963875000e-02 -6.3734916243369e-01
3.1937963875000e-02 -4.1275598756189e-01
3.1947963875000e-02 2.9458970089230e-01
3.1957963875000e-02 1.1909198655115e+00
3.1967963875000e-02 2.0041016855286e+00
3.1977963875000e-02 2.2679817942022e+00
3.1987963875000e-02 2.9880494998367e+00
3.1997963875000e-02 4.1032250830689e+00
3.2007963875000e-02 5.2829456800356e+00
3.2017963875000e-02 5.9542010493927e+00
3.2027963875000e-02 6.5852863978614e+00
3.2037963875000e-02 7.3624673326395e+00
3.2047963875000e-02 7.7123898757399e+00
3.2057963875000e-02 8.0320033805748e+00
3.2067963875000e-02 8.8541052823963e+00
3.2077963875000e-02 9.1009443651130e+00
3.2087963875000e-02 9.4706618674352e+00
3.2097963875000e-02 1.0536407249858e+01
3.2107963875000e-02 1.1048751232863e+01
3.2117963875000e-02 1.1528808632496e+01
3.2127963875000e-02 1.2104006316468e+01
3.2137963875000e-02 1.3502450815695e+01
3.2147963875000e-02 1.4096154392992e+01
3.2157963875000e-02 1.4291538769495e+01
3.2167963875000e-02 1.5236546659641e+01
3.2177963875000e-02 1.5993212730672e+01
3.2187963875000e-02 1.6205217735546e+01
3.2197963875000e-02 1.6631196982011e+01
3.2207963875000e-02 1.6451836921481e+01
3.2217963875000e-02 1.6469990946254e+01
3.2227963875000e-02 1.5561672974304e+01
3.2237963875000e-02 1.4776815696743e+01
3.2247963875000e-02 1.3877291661892e+01
3.2257963875000e-02 1.3185188207369e+01
3.2267963875000e-02 1.1901006263651e+01
3.2277963875000e-02 1.1548265110492e+01
3.2287963875000e-02 1.0110984630229e+01
3.2297963875000e-02 9.6176172420677e+00
3.2307963875000e-02 9.8521107536931e+00
3.2317963875000e-02 9.3402674685169e+00
3.2327963875000e-02 8.9107021984151e+00
3.2337963875000e-02 7.8725624631672e+00
3.2347963875000e-02 7.7521298157034e+00
3.2357963875000e-02 7.6780381386742e+00
3.2367963875000e-02 6.7749947818199e+00
3.2377963875000e-02 6.3195409231333e+00
3.2387963875000e-02 5.5364376261738e+00
3.2397963875000e-02 5.0505152208490e+00
3.2407963875000e-02 4.2674717135842e+00
3.2417963875000e-02 4.0376025308248e+00
3.2427963875000e-02 3.1607910877894e+00
3.2437963875000e-02 2.9512702253822e+00
3.2447963875000e-02 2.0427283262326e+00
3.2457963875000e-02 1.2861580385449e+00
3.2467963875000e-02 6.4313940454567e-01
3.2477963875000e-02 -3.4123915646230e-01
3.2487963875000e-02 -1.6942343703018e+00
3.2497963875000e-02 -1.9237513849050e+00
3.2507963875000e-02 -2.7598023427785e+00
3.2517963875000e-02 -3.5105661690755e+00
3.2527963875000e-02 -4.6487732642353e+00
3.2537963875000e-02 -5.8574752321401e+00
3.2547963875000e-02 -7.1559064105343e+00
3.2557963875000e-02 -7.1890316551418e+00
3.2567963875000e-02 -7.4820901158674e+00
3.2577963875000e-02 -8.1329456570969e+00
3.2587963875000e-02 -8.8221179127597e+00
3.2597963875000e-02 -9.2443806489303e+00
3.2607963875000e-02 -9.5838612519132e+00
3.2617963875000e-02 -8.2648919100105e+00
3.2627963875000e-02 -8.6795591366858e+00
3.2637963875000e-02 -9.4571543518800e+00
3.2647963875000e-02 -9.0218979482440e+00
3.2657963875000e-02 -9.3656069776649e+00
3.2667963875000e-02 -9.8182235190705e+00
3.2677963875000e-02 -1.0517908531605e+01
3.2687963875000e-02 -1.1298496846790e+01
3.2697963875000e-02 -1.2821235687207e+01
3.2707963875000e-02 -1.3168677302460e+01
3.2717963875000e-02 -1.3560145868295e+01
3.2727963875000e-02 -1.4205239442797e+01
3.2737963875000e-02 -1.5044571830586e+01
3.2747963875000e-02 -1.5480445036055e+01
3.2757963875000e-02 -1.6069979707386e+01
3.2767963875000e-02 -1.5861815033389e+01
3.2777963875000e-02 -1.5075522584455e+01
3.2787963875000e-02 -1.3900032401565e+01
3.2797963875000e-02 -1.2984074672812e+01
3.2807963875000e-02 -1.2065945008895e+01
3.2817963875000e-02 -1.1101466494843e+01
3.2827963875000e-02 -9.6628931278279e+00
3.2837963875000e-02 -8.8035734591823e+00
3.2847963875000e-02 -7.4833431059577e+00
3.2857963875000e-02 -6.6644877683424e+00
3.2867963875000e-02 -5.7547364764063e+00
3.2877963875000e-02 -4.9303587236177e+00
3.2887963875000e-02 -4.7128378055065e+00
3.2897963875000e-02 -3.3752847274851e+00
3.2907963875000e-02 -3.2217603699755e+00
3.2917963875000e-02 -2.5164406203082e+00
3.2927963875000e-02 -1.8546009423027e+00
3.2937963875000e-02 -1.6547959226642e+00
3.2947963875000e-02 -4.3193865079119e-01
3.2957963875000e-02 5.7294818379960e-01
3.2967963875000e-02 2.2366587875643e-01
3.2977963875000e-02 7.4616891191125e-01
3.2987963875000e-02 1.2880135743425e+00
3.2997963875000e-02 1.6371639765194e+00
3.3007963875000e-02 2.0110196147002e+00
3.3017963875000e-02 1.5981179993789e+00
3.3027963875000e-02 -5.1091370930979e-02
3.3037963875000e-02 3.4637556511451e+00
3.3047963875000e-02 2.4158654423114e+00
3.3057963875000e-02 2.2532772770617e+00
3.3067963875000e-02 3.7893726400585e+00
3.3077963875000e-02 4.8844240478416e+00
3.3087963875000e-02 2.4630876879925e+00
3.3097963875000e-02 5.5850361293026e+00
3.3107963875000e-02 4.8855928333901e+00
3.3117963875000e-02 4.5020493601964e+00
3.3127963875000e-02 4.3160101327173e+00
3.3137963875000e-02 4.4898132950581e+00
3.3147963875000e-02 5.2102363168257e+00
3.3157963875000e-02 6.4446443721509e+00
3.3167963875000e-02 5.6408952239626e+00
3.3177963875000e-02 6.2982539246106e+00
3.3187963875000e-02 6.1928956498821e+00
3.3197963875000e-02 6.0311381967065e+00
3.3207963875000e-02 6.9064951882595e+00
3.3217963875000e-02 7.3945996274006e+00
3.3227963875000e-02 7.1431974529142e+00
3.3237963875000e-02 7.4720425036952e+00
3.3247963875000e-02 8.1214631450432e+00
3.3257963875000e-02 8.7918212513505e+00
3.3267963875000e-02 9.5566974926136e+00
3.3277963875000e-02 1.0517909579138e+01
3.3287963875000e-02 1.0997460397331e+01
3.3297963875000e-02 1.1854055268366e+01
3.3307963875000e-02 1.2114031513607e+01
3.3317963875000e-02 1.2728013867369e+01
3.3327963875000e-02 1.3115754541854e+01
3.3337963875000e-02 1.3659240347121e+01
3.3347963875000e-02 1.4107298120053e+01
3.3357963875000e-02 1.3709633964774e+01
3.3367963875000e-02 1.2990312491614e+01
3.3377963875000e-02 1.2616126875975e+01
3.3387963875000e-02 1.2424023037953e+01
3.3397963875000e-02 1.1834047235866e+01
3.3407963875000e-02 1.1393038791389e+01
3.3417963875000e-02 1.1182417878124e+01
3.3427963875000e-02 1.1062846327280e+01
3.3437963875000e-02 1.0613336952371e+01
3.3447963875000e-02 1.0192024006362e+01
3.3457963875000e-02 9.3143843443324e+00
3.3467963875000e-02 8.7860279126990e+00
3.3477963875000e-02 8.4854400769905e+00
3.3487963875000e-02 7.1268469913775e+00
3.3497963875000e-02 6.6048002501888e+00
3.3507963875000e-02 6.0073322086840e+00
3.3517963875000e-02 5.7574200666984e+00
3.3527963875000e-02 5.0004539038417e+00
3.3537963875000e-02 4.6772632538015e+00
3.3547963875000e-02 3.6318975842000e+00
3.3557963875000e-02 2.8634348055676e+00
3.3567963875000e-02 1.9055648554758e+00
3.3577963875000e-02 1.3612996638968e+00
3.3587963875000e-02 4.2020814953647e-01
3.3597963875000e-02 -1.6741607647984e-01
3.3607963875000e-02 -3.7661897319075e-01
3.3617963875000e-02 -1.9540145134229e+00
3.3627963875000e-02 -2.8775002139453e+00
3.3637963875000e-02 -3.2759837314250e+00
3.3647963875000e-02 -4.5604528943782e+00
3.3657963875000e-02 -4.7308040626641e+00
3.3667963875000e-02 -4.6675231698677e+00
3.3677963875000e-02 -5.2092829149348e+00
3.3687963875000e-02 -5.9624763069667e+00
3.3697963875000e-02 -6.4113490854739e+00
3.3707963875000e-02 -7.1953287238583e+00
3.3717963875000e-02 -7.8596931944522e+00
3.3727963875000e-02 -8.1829337839067e+00
3.3737963875000e-02 -8.7137977097245e+00
3.3747963875000e-02 -9.6189266934497e+00
3.3757963875000e-02 -9.6077939712505e+00
3.3767963875000e-02 -9.6001191144719e+00
3.3777963875000e-02 -9.6578682848970e+00
3.3787963875000e-02 -9.6983806679188e+00
3.3797963875000e-02 -8.8584386635851e+00
3.3807963875000e-02 -8.5880436025233e+00
3.3817963875000e-02 -8.6549087646678e+00
3.3827963875000e-02 -8.7480329748128e+00
3.3837963875000e-02 -8.6441029949999e+00
3.3847963875000e-02 -8.3397958463756e+00
3.3857963875000e-02 -9.0307228768375e+00
3.3867963875000e-02 -9.4063796560567e+00
3.3877963875000e-02 -1.0060320928195e+01
3.3887963875000e-02 -1.0697834534865e+01
3.3897963875000e-02 -1.1686082675135e+01
3.3907963875000e-02 -1.1943911080112e+01
3.3917963875000e-02 -1.2944769952708e+01
3.3927963875000e-02 -1.3227592268000e+01
3.3937963875000e-02 -1.3233937811296e+01
3.3947963875000e-02 -1.3294834196918e+01
3.3957963875000e-02 -1.3705656181403e+01
3.3967963875000e-02 -1.3644489670052e+01
3.3977963875000e-02 -1.3608147666162e+01
3.3987963875000e-02 -1.2876572218729e+01
3.3997963875000e-02 -1.1902160794701e+01
3.4007963875000e-02 -1.2084926203570e+01
3.4017963875000e-02 -1.1178438630065e+01
3.4027963875000e-02 -1.0373865200014e+01
3.4037963875000e-02 -9.8012360532697e+00
3.4047963875000e-02 -9.2099892500180e+00
3.4057963875000e-02 -8.3109521896412e+00
3.4067963875000e-02 -7.4627731163440e+00
3.4077963875000e-02 -6.4798606229841e+00
3.4087963875000e-02 -5.7642098813024e+00
3.4097963875000e-02 -5.1956027372457e+00
3.4107963875000e-02 -5.0014326909756e+00
3.4117963875000e-02 -4.4621560295734e+00
3.4127963875000e-02 -4.2592240712600e+00
3.4137963875000e-02 -4.1459284398940e+00
3.4147963875000e-02 -3.5251791577793e+00
3.4157963875000e-02 -3.5141276155630e+00
3.4167963875000e-02 -3.7131691496713e+00
3.4177963875000e-02 -3.3963779502951e+00
3.4187963875000e-02 -3.4234316562975e+00
3.4197963875000e-02 -3.4885407207393e+00
3.4207963875000e-02 -3.6298039228506e+00
3.4217963875000e-02 -3.5434366152943e+00
3.4227963875000e-02 -3.8374587294024e+00
3.4237963875000e-02 -4.1148173856066e+00
3.4247963875000e-02 -4.3017018804320e+00
3.4257963875000e-02 -4.7190639056210e+00
3.4267963875000e-02 -5.0429511395036e+00
3.4277963875000e-02 -5.1314416147952e+00
3.4287963875000e-02 -5.4448706668058e+00
3.4297963875000e-02 -5.2887032841844e+00
3.4307963875000e-02 -5.1638764230183e+00
3.4317963875000e-02 -4.9558724260055e+00
3.4327963875000e-02 -4.6181801440101e+00
3.4337963875000e-02 -4.2518337223416e+00
3.4347963875000e-02 -3.8067117633233e+00
3.4357963875000e-02 -3.2603829552151e+00
3.4367963875000e-02 -2.4786295589576e+00
3.4377963875000e-02 -1.6861138812505e+00
3.4387963875000e-02 -7.2829252402055e-01
3.4397963875000e-02 6.1277449820689e-02
3.4407963875000e-02 6.9485967285622e-01
3.4417963875000e-02 1.3216136880351e+00
3.4427963875000e-02 2.1602994220455e+00
3.4437963875000e-02 2.8615397119570e+00
3.4447963875000e-02 2.4967514072507e+00
3.4457963875000e-02 1.7245840052461e+00
3.4467963875000e-02 1.7694956615133e+00
3.4477963875000e-02 9.9912501116768e-01
3.4487963875000e-02 1.7308473985181e-01
3.4497963875000e-02 -1.8052592320933e-01
3.4507963875000e-02 -9.8298738706635e-02
3.4517963875000e-02 1.0168096508972e-01
3.4527963875000e-02 -6.9566998549132e-01
3.4537963875000e-02 -1.0733931804351e+00
3.4547963875000e-02 -1.2118447471702e+00
3.4557963875000e-02 -1.4775649354636e+00
3.4567963875000e-02 -1.7792802713368e+00
3.4577963875000e-02 -1.8227831194880e+00
3.4587963875000e-02 -1.4631987972298e+00
3.4597963875000e-02 -9.0436168493618e-01
3.4607963875000e-02 -4.6449122784045e-01
3.4617963875000e-02 1.8199324869275e-01
3.4627963875000e-02 8.7653126504949e-01
3.4637963875000e-02 1.6970352979842e+00
3.4647963875000e-02 2.6635026078432e+00
3.4657963875000e-02 3.8022914623950e+00
3.4667963875000e-02 4.8101059850818e+00
3.4677963875000e-02 5.7856087995894e+00
3.4687963875000e-02 6.7591488529420e+00
3.4697963875000e-02 7.7144495989297e+00
3.4707963875000e-02 8.8444549296087e+00
3.4717963875000e-02 9.9392614090901e+00
3.4727963875000e-02 1.0695427404581e+01
3.4737963875000e-02 1.1416196711645e+01
3.4747963875000e-02 1.1624903129656e+01
3.4757963875000e-02 1.1798921113957e+01
3.4767963875000e-02 1.1375657350914e+01
3.4777963875000e-02 1.2056406717678e+01
3.4787963875000e-02 1.2432982861204e+01
3.4797963875000e-02 1.2732468398143e+01
3.4807963875000e-02 1.3282514489730e+01
3.4817963875000e-02 1.3306025060085e+01
3.4827963875000e-02 1.4506674476860e+01
3.4837963875000e-02 1.4599081946448e+01
3.4847963875000e-02 1.4857442398760e+01
3.4857963875000e-02 1.5632151145719e+01
3.4867963875000e-02 1.5670478677643e+01
3.4877963875000e-02 1.5398223203506e+01
3.4887963875000e-02 1.4060828436900e+01
3.4897963875000e-02 1.3301378350681e+01
3.4907963875000e-02 1.1882440429942e+01
3.4917963875000e-02 1.0820048490290e+01
3.4927963875000e-02 1.0208220283763e+01
3.4937963875000e-02 8.2428576129107e+00
3.4947963875000e-02 7.3963961594540e+00
3.4957963875000e-02 6.4047840604371e+00
3.4967963875000e-02 5.2188741396984e+00
3.4977963875000e-02 4.3219561200310e+00
3.4987963875000e-02 4.4767331681295e+00
3.4997963875000e-02 4.1545211365540e+00
3.5007963875000e-02 3.9367892945642e+00
3.5017963875000e-02 3.8507081827039e+00
3.5027963875000e-02 3.3032487337296e+00
3.5037963875000e-02 2.5262787977682e+00
3.5047963875000e-02 2.2126767109780e+00
3.5057963875000e-02 1.8295362195023e+00
3.5067963875000e-02 7.0731389603616e-01
3.5077963875000e-02 6.4352585401475e-01
3.5087963875000e-02 -5.0162175699761e-01
3.5097963875000e-02 -1.0772672253521e+00
3.5107963875000e-02 -9.5020160905273e-01
3.5117963875000e-02 -1.0970258017299e+00
3.5127963875000e-02 -8.3674770006823e-01
3.5137963875000e-02 -1.0092741380301e+00
3.5147963875000e-02 -1.2130281813720e+00
3.5157963875000e-02 -1.2040971245137e+00
3.5167963875000e-02 -1.4776579899124e+00
3.5177963875000e-02 -1.9498922286187e+00
3.5187963875000e-02 -2.2186094018861e+00
3.5197963875000e-02 -2.7024329888333e+00
3.5207963875000e-02 -2.7428816800437e+00
3.5217963875000e-02 -3.5985596243016e+00
3.5227963875000e-02 -4.0587826587254e+00
3.5237963875000e-02 -4.7571408515638e+00
3.5247963875000e-02 -5.2955210718905e+00
3.5257963875000e-02 -5.4991878029582e+00
3.5267963875000e-02 -5.8879781314795e+00
3.5277963875000e-02 -6.7734562808148e+00
3.5287963875000e-02 -6.8026170284106e+00
3.5297963875000e-02 -7.3566230640429e+00
3.5307963875000e-02 -7.9702616229416e+00
3.5317963875000e-02 -8.6439230653355e+00
3.5327963875000e-02 -8.9125420957823e+00
3.5337963875000e-02 -9.1649863325137e+00
3.5347963875000e-02 -9.0868579497532e+00
3.5357963875000e-02 -9.4741081043534e+00
3.5367963875000e-02 -9.0535549738645e+00
3.5377963875000e-02 -8.6897857570838e+00
3.5387963875000e-02 -9.2823117031658e+00
3.5397963875000e-02 -9.0202349270970e+00
3.5407963875000e-02 -9.0630442259616e+00
3.5417963875000e-02 -9.1108715693880e+00
3.5427963875000e-02 -8.5549019635869e+00
3.5437963875000e-02 -8.1435172036620e+00
3.5447963875000e-02 -7.9583206336620e+00
3.5457963875000e-02 -8.6034883701013e+00
3.5467963875000e-02 -8.4715293450552e+00
3.5477963875000e-02 -8.9137348514609e+00
3.5487963875000e-02 -9.1436206130885e+00
3.5497963875000e-02 -9.1873139590364e+00
3.5507963875000e-02 -8.8052950079496e+00
3.5517963875000e-02 -9.5085674164209e+00
3.5527963875000e-02 -9.4400372409208e+00
3.5537963875000e-02 -8.8461425875675e+00
3.5547963875000e-02 -8.2832648167945e+00
3.5557963875000e-02 -8.6386677883003e+00
3.5567963875000e-02 -7.7935976525366e+00
3.5577963875000e-02 -7.0348718998680e+00
3.5587963875000e-02 -6.8615162500642e+00
3.5597963875000e-02 -6.4625488382138e+00
3.5607963875000e-02 -6.3010839509110e+00
3.5617963875000e-02 -5.9723898259107e+00
3.5627963875000e-02 -5.7080513661323e+00
3.5637963875000e-02 -5.7738536994719e+00
3.5647963875000e-02 -5.6802551352006e+00
3.5657963875000e-02 -5.4853703039793e+00
3.5667963875000e-02 -5.5186708439334e+00
3.5677963875000e-02 -4.7092786400315e+00
3.5687963875000e-02 -4.5383645951023e+00
3.5697963875000e-02 -4.0761938146103e+00
3.5707963875000e-02 -3.9534361178150e+00
3.5717963875000e-02 -3.8728695788413e+00
3.5727963875000e-02 -3.6385846444509e+00
3.5737963875000e-02 -3.5917062738190e+00
3.5747963875000e-02 -2.9816903026703e+00
3.5757963875000e-02 -3.0072887482418e+00
3.5767963875000e-02 -3.0251505578966e+00
3.5777963875000e-02 -3.1935384920365e+00
3.5787963875000e-02 -3.1441576585804e+00
3.5797963875000e-02 -3.2267217888925e+00
3.5807963875000e-02 -3.2722105000498e+00
3.5817963875000e-02 -3.0271150352610e+00
3.5827963875000e-02 -2.8527832243831e+00
3.5837963875000e-02 -2.1759559810030e+00
3.5847963875000e-02 -2.0559877762159e+00
3.5857963875000e-02 -1.9076399189910e+00
3.5867963875000e-02 -1.4929777055158e+00
3.5877963875000e-02 -1.4800774083488e+00
3.5887963875000e-02 -1.1131605129131e+00
3.5897963875000e-02 -6.8050932705831e-01
3.5907963875000e-02 3.8909541495207e-01
3.5917963875000e-02 7.7775165426712e-01
3.5927963875000e-02 1.3111367075338e+00
3.5937963875000e-02 1.7343732294431e+00
3.5947963875000e-02 1.6778351342696e+00
3.5957963875000e-02 2.4928230716328e+00
3.5967963875000e-02 2.7995943348961e+00
3.5977963875000e-02 2.7803918757786e+00
3.5987963875000e-02 3.4660728808655e+00
3.5997963875000e-02 4.0173594543796e+00
3.6007963875000e-02 4.1600672225618e+00
3.6017963875000e-02 4.2750073304809e+00
3.6027963875000e-02 4.4553057044055e+00
3.6037963875000e-02 4.3017513501068e+00
3.6047963875000e-02 4.3285877220569e+00
3.6057963875000e-02 4.8940363226012e+00
3.6067963875000e-02 5.5163750049719e+00
3.6077963875000e-02 5.7194471012289e+00
3.6087963875000e-02 6.1619415060119e+00
3.6097963875000e-02 6.7687123385652e+00
3.6107963875000e-02 7.9476261780797e+00
3.6117963875000e-02 8.4836265390924e+00
3.6127963875000e-02 8.8727620742360e+00
3.6137963875000e-02 9.4300333379701e+00
3.6147963875000e-02 9.9569734704729e+00
3.6157963875000e-02 1.0187220612112e+01
3.6167963875000e-02 1.0005880490200e+01
3.6177963875000e-02 9.5038824875836e+00
3.6187963875000e-02 1.0242360344776e+01
3.6197963875000e-02 9.9021347556581e+00
3.6207963875000e-02 1.0151606230104e+01
3.6217963875000e-02 1.0273366402507e+01
3.6227963875000e-02 9.8660019444937e+00
3.6237963875000e-02 1.1800067964599e+01
3.6247963875000e-02 1.1628725056224e+01
3.6257963875000e-02 1.0358414145376e+01
3.6267963875000e-02 1.1682034875744e+01
3.6277963875000e-02 1.3798351786061e+01
3.6287963875000e-02 1.2795780932573e+01
3.6297963875000e-02 1.3673235924538e+01
3.6307963875000e-02 1.4773619535201e+01
3.6317963875000e-02 1.1806618617693e+01
3.6327963875000e-02 1.0564391801428e+01
3.6337963875000e-02 1.0158395352316e+01
3.6347963875000e-02 1.0806578401816e+01
3.6357963875000e-02 9.8389571929284e+00
3.6367963875000e-02 1.0135163594586e+01
3.6377963875000e-02 1.0182761528804e+01
3.6387963875000e-02 9.1914910273354e+00
3.6397963875000e-02 8.2823827213474e+00
3.6407963875000e-02 7.0487609507065e+00
3.6417963875000e-02 6.1757224369965e+00
3.6427963875000e-02 5.1571002269272e+00
3.6437963875000e-02 4.5297968720028e+00
3.6447963875000e-02 3.7855763914986e+00
3.6457963875000e-02 3.1303214768710e+00
3.6467963875000e-02 3.2966206300641e+00
3.6477963875000e-02 3.3897553983301e+00
3.6487963875000e-02 2.9946888838904e+00
3.6497963875000e-02 2.9402154988346e+00
3.6507963875000e-02 2.9116648150534e+00
3.6517963875000e-02 2.6282194252772e+00
3.6527963875000e-02 3.0343418429747e+00
3.6537963875000e-02 3.0057585987502e+00
3.6547963875000e-02 2.8061318959561e+00
3.6557963875000e-02 2.4511946616911e+00
3.6567963875000e-02 1.5756341168942e+00
3.6577963875000e-02 1.2636389759108e+00
3.6587963875000e-02 9.3327364429585e-01
3.6597963875000e-02 -6.6508527710580e-01
3.6607963875000e-02 -9.9833067777586e-01
3.6617963875000e-02 -1.1805906315718e+00
3.6627963875000e-02 -2.2152332924357e+00
3.6637963875000e-02 -2.9440998646923e+00
3.6647963875000e-02 -3.2896091117033e+00
3.6657963875000e-02 -3.5357910281540e+00
3.6667963875000e-02 -4.0964124609361e+00
3.6677963875000e-02 -4.3886950509634e+00
3.6687963875000e-02 -4.3473950986663e+00
3.6697963875000e-02 -4.0770587226397e+00
3.6707963875000e-02 -4.2502627226541e+00
3.6717963875000e-02 -4.3143726521411e+00
3.6727963875000e-02 -4.2109465626169e+00
3.6737963875000e-02 -3.6247412487601e+00
3.6747963875000e-02 -3.7033626895622e+00
3.6757963875000e-02 -3.8653977633556e+00
3.6767963875000e-02 -3.9501547551339e+00
3.6777963875000e-02 -3.7921301606220e+00
3.6787963875000e-02 -2.7934851646196e+00
3.6797963875000e-02 -2.4030863638252e+00
3.6807963875000e-02 -2.4129985542802e+00
3.6817963875000e-02 -2.3058602761197e+00
3.6827963875000e-02 -2.7116985483524e+00
3.6837963875000e-02 -3.0829865375057e+00
3.6847963875000e-02 -3.1802985257849e+00
3.6857963875000e-02 -3.8590591669495e+00
3.6867963875000e-02 -4.8398031168951e+00
3.6877963875000e-02 -5.1466121297923e+00
3.6887963875000e-02 -6.1152801776119e+00
3.6897963875000e-02 -6.8039050920767e+00
3.6907963875000e-02 -7.7066212466621e+00
3.6917963875000e-02 -8.5219016206686e+00
3.6927963875000e-02 -9.0080567143240e+00
3.6937963875000e-02 -9.5205867189692e+00
3.6947963875000e-02 -1.0572241882939e+01
3.6957963875000e-02 -1.0812777045650e+01
3.6967963875000e-02 -1.1326449410681e+01
3.6977963875000e-02 -1.2148137003755e+01
3.6987963875000e-02 -1.2012695331243e+01
3.6997963875000e-02 -1.1968782815948e+01
3.7007963875000e-02 -1.1817295530377e+01
3.7017963875000e-02 -1.1844487799341e+01
3.7027963875000e-02 -1.1761952590429e+01
3.7037963875000e-02 -1.1481690145006e+01
3.7047963875000e-02 -1.0874009629846e+01
3.7057963875000e-02 -1.0609706353930e+01
3.7067963875000e-02 -1.0639008766202e+01
3.7077963875000e-02 -1.0567218121934e+01
3.7087963875000e-02 -1.0462727125958e+01
3.7097963875000e-02 -1.0689619366204e+01
3.7107963875000e-02 -1.0480692252767e+01
3.7117963875000e-02 -1.0449254175628e+01
3.7127963875000e-02 -1.0553586747314e+01
3.7137963875000e-02 -1.0437650721822e+01
3.7147963875000e-02 -1.0086878110160e+01
3.7157963875000e-02 -9.9896036791792e+00
3.7167963875000e-02 -9.2175712480023e+00
3.7177963875000e-02 -8.3671274474968e+00
3.7187963875000e-02 -7.8393278458755e+00
3.7197963875000e-02 -7.1423561642403e+00
3.7207963875000e-02 -5.9097915510932e+00
3.7217963875000e-02 -5.5173715366080e+00
3.7227963875000e-02 -4.7090378695919e+00
3.7237963875000e-02 -3.2501040517028e+00
3.7247963875000e-02 -2.7479138254773e+00
3.7257963875000e-02 -2.1243430485395e+00
3.7267963875000e-02 -1.9300762469683e+00
3.7277963875000e-02 -1.2952352302523e+00
3.7287963875000e-02 -1.8303867237741e-01
3.7297963875000e-02 1.7522396672763e-02
3.7307963875000e-02 9.4169543130158e-01
3.7317963875000e-02 2.0516421054070e+00
3.7327963875000e-02 2.2164722190006e+00
3.7337963875000e-02 2.2914264131175e+00
3.7347963875000e-02 3.1208631387880e+00
3.7357963875000e-02 3.2935971709408e+00
3.7367963875000e-02 3.4586240518791e+00
3.7377963875000e-02 4.5390095971088e+00
3.7387963875000e-02 4.9021270194368e+00
3.7397963875000e-02 5.4940908711989e+00
3.7407963875000e-02 5.8763892445325e+00
3.7417963875000e-02 6.3943879625146e+00
3.7427963875000e-02 6.7442507568947e+00
3.7437963875000e-02 7.9783903735847e+00
3.7447963875000e-02 8.8972113634844e+00
3.7457963875000e-02 9.4407808080044e+00
3.7467963875000e-02 1.0355110409757e+01
3.7477963875000e-02 1.0907432132904e+01
3.7487963875000e-02 1.1846354665973e+01
3.7497963875000e-02 1.2420130310389e+01
3.7507963875000e-02 1.3561944877513e+01
3.7517963875000e-02 1.4508096761362e+01
3.7527963875000e-02 1.4651959504764e+01
3.7537963875000e-02 1.5419676794043e+01
3.7547963875000e-02 1.5658146533807e+01
3.7557963875000e-02 1.5433601221541e+01
3.7567963875000e-02 1.5708714495319e+01
3.7577963875000e-02 1.4724091403217e+01
3.7587963875000e-02 1.3490069362580e+01
3.7597963875000e-02 1.3519459398299e+01
3.7607963875000e-02 1.3393028860670e+01
3.7617963875000e-02 1.2165283635105e+01
3.7627963875000e-02 1.2304323204908e+01
3.7637963875000e-02 1.0406287956212e+01
3.7647963875000e-02 9.6761477598856e+00
3.7657963875000e-02 7.4810255662144e+00
3.7667963875000e-02 6.4340107584394e+00
3.7677963875000e-02 5.4137986124107e+00
3.7687963875000e-02 3.9872891984170e+00
3.7697963875000e-02 4.0206913263869e+00
3.7707963875000e-02 3.6472884631309e+00
3.7717963875000e-02 1.5529845999577e+00
3.7727963875000e-02 1.6935701373803e+00
3.7737963875000e-02 6.6447275695817e-01
3.7747963875000e-02 -8.4866152313900e-02
3.7757963875000e-02 -7.0067933957759e-01
3.7767963875000e-02 -9.4490170013905e-01
3.7777963875000e-02 -2.0584837181401e+00
3.7787963875000e-02 -1.4047327998628e+00
3.7797963875000e-02 -1.3354845965659e+00
3.7807963875000e-02 -1.8306340498394e+00
3.7817963875000e-02 -1.5939828356089e+00
3.7827963875000e-02 -1.7895164397434e+00
3.7837963875000e-02 -2.3670841843276e+00
3.7847963875000e-02 -2.7241438372609e+00
3.7857963875000e-02 -3.1496133941803e+00
3.7867963875000e-02 -3.4154116823672e+00
3.7877963875000e-02 -4.3938315535271e+00
3.7887963875000e-02 -5.0463060492279e+00
3.7897963875000e-02 -5.4289325805642e+00
3.7907963875000e-02 -5.8412133643376e+00
3.7917963875000e-02 -6.3733061522329e+00
3.7927963875000e-02 -6.4389521097015e+00
3.7937963875000e-02 -7.0182660212522e+00
3.7947963875000e-02 -7.0583696975274e+00
3.7957963875000e-02 -7.5259085221241e+00
3.7967963875000e-02 -7.7460383608109e+00
3.7977963875000e-02 -7.4134666448910e+00
3.7987963875000e-02 -7.2404943817094e+00
3.7997963875000e-02 -7.3335888541549e+00
3.8007963875000e-02 -7.0025538459935e+00
3.8017963875000e-02 -7.0730451178753e+00
3.8027963875000e-02 -7.3685965860693e+00
3.8037963875000e-02 -7.6634486680970e+00
3.8047963875000e-02 -8.1178583218231e+00
3.8057963875000e-02 -7.2000579860552e+00
3.8067963875000e-02 -6.6421034102660e+00
3.8077963875000e-02 -7.3804283437531e+00
3.8087963875000e-02 -7.5508536253966e+00
3.8097963875000e-02 -8.4046177744180e+00
3.8107963875000e-02 -9.5402407165838e+00
3.8117963875000e-02 -9.9996951487567e+00
3.8127963875000e-02 -1.0504187234766e+01
3.8137963875000e-02 -1.0708081120641e+01
3.8147963875000e-02 -1.1253432338016e+01
3.8157963875000e-02 -1.1757857661591e+01
3.8167963875000e-02 -1.1890505192275e+01
3.8177963875000e-02 -1.1706904845625e+01
3.8187963875000e-02 -1.0772277876549e+01
3.8197963875000e-02 -9.9640955215970e+00
3.8207963875000e-02 -9.5336632845953e+00
3.8217963875000e-02 -9.1921471617896e+00
3.8227963875000e-02 -8.6138896147930e+00
3.8237963875000e-02 -7.8856207311564e+00
3.8247963875000e-02 -7.6331558752211e+00
3.8257963875000e-02 -7.2668124469534e+00
3.8267963875000e-02 -7.2141606671697e+00
3.8277963875000e-02 -7.0436056394359e+00
3.8287963875000e-02 -6.6017582059350e+00
3.8297963875000e-02 -6.4053744307806e+00
3.8307963875000e-02 -5.9746704541055e+00
3.8317963875000e-02 -5.7264134905519e+00
3.8327963875000e-02 -5.9107559876095e+00
3.8337963875000e-02 -5.2029734599312e+00
3.8347963875000e-02 -4.5899232025106e+00
3.8357963875000e-02 -4.2043661001968e+00
3.8367963875000e-02 -3.6458157664510e+00
3.8377963875000e-02 -3.4102273819349e+00
3.8387963875000e-02 -3.1082260130035e+00
3.8397963875000e-02 -2.8788039190117e+00
3.8407963875000e-02 -2.5179235383427e+00
3.8417963875000e-02 -2.2259376702528e+00
3.8427963875000e-02 -2.3826038985849e+00
3.8437963875000e-02 -2.0075039087935e+00
3.8447963875000e-02 -1.7447516105470e+00
3.8457963875000e-02 -1.6180862839915e+00
3.8467963875000e-02 -1.1620633143406e+00
3.8477963875000e-02 -8.2351656711666e-01
3.8487963875000e-02 -4.3279720308733e-01
3.8497963875000e-02 -5.5433354663627e-02
3.8507963875000e-02 4.1586576213399e-01
3.8517963875000e-02 5.1381489943233e-01
3.8527963875000e-02 1.2340589133034e+00
3.8537963875000e-02 1.5380703900612e+00
3.8547963875000e-02 2.7605709526568e+00
3.8557963875000e-02 3.6947625395929e+00
3.8567963875000e-02 4.2106524946729e+00
3.8577963875000e-02 5.0375745257667e+00
3.8587963875000e-02 6.0521265005282e+00
3.8597963875000e-02 7.0646027187789e+00
3.8607963874999e-02 7.3343423312253e+00
3.8617963875000e-02 7.8595245551456e+00
3.8627963875000e-02 8.3483962598239e+00
3.8637963875000e-02 8.8414445373601e+00
3.8647963874999e-02 9.4448920046286e+00
3.8657963875000e-02 9.3667362568214e+00
3.8667963875000e-02 9.3856193324322e+00
3.8677963874999e-02 9.7129844423500e+00
3.8687963874999e-02 1.0072664516617e+01
3.8697963874999e-02 9.9555373461510e+00
3.8707963875000e-02 9.8531012246505e+00
3.8717963874999e-02 1.0103624012376e+01
3.8727963874999e-02 1.0293474469435e+01
3.8737963874999e-02 1.0757062995610e+01
3.8747963875000e-02 1.1060094743438e+01
3.8757963874999e-02 1.1648842144757e+01
3.8767963874999e-02 1.2321985887411e+01
3.8777963874999e-02 1.3262176669480e+01
3.8787963874999e-02 1.3909779242794e+01
3.8797963874999e-02 1.5466052212395e+01
3.8807963874999e-02 1.6122640862316e+01
3.8817963874999e-02 1.7000965606823e+01
3.8827963874999e-02 1.6835030362639e+01
3.8837963874999e-02 1.6445727832064e+01
3.8847963874999e-02 1.4591896727477e+01
3.8857963874999e-02 1.4602884396474e+01
3.8867963874999e-02 1.2451603705296e+01
3.8877963874999e-02 1.1775030123663e+01
3.8887963874999e-02 1.1131268067841e+01
3.8897963874999e-02 9.8646403158416e+00
3.8907963874999e-02 9.2322718596900e+00
3.8917963874999e-02 9.1240784538759e+00
3.8927963874999e-02 8.6201309052081e+00
3.8937963874999e-02 8.4371687477194e+00
3.8947963874999e-02 8.2332652927618e+00
3.8957963874999e-02 6.7072154634824e+00
3.8967963874999e-02 7.0069971719735e+00
3.8977963874999e-02 7.3571918860509e+00
3.8987963874999e-02 6.9323019953674e+00
3.8997963874999e-02 6.5348046600905e+00
3.9007963874999e-02 5.7362831977167e+00
3.9017963874999e-02 5.5453667974860e+00
3.9027963874999e-02 4.6898930899938e+00
3.9037963874999e-02 4.3697721907659e+00
3.9047963874999e-02 4.0030925663846e+00
3.9057963874999e-02 3.8608822727301e+00
3.9067963874999e-02 2.6520859366782e+00
3.9077963874999e-02 1.9610672851102e+00
3.9087963874999e-02 1.2990954896543e+00
3.9097963874999e-02 1.1724220058107e+00
3.9107963874999e-02 8.5121501840496e-01
3.9117963874999e-02 2.5028613031740e-01
3.9127963874999e-02 -1.0424100768030e-01
3.9137963874999e-02 -2.7931653925903e-01
3.9147963874999e-02 -7.8339218966266e-01
3.9157963874999e-02 -8.9421453355465e-01
3.9167963874999e-02 -1.1405767956596e+00
3.9177963874999e-02 -1.6247069091151e+00
3.9187963874999e-02 -1.9907651133985e+00
3.9197963874999e-02 -2.3018898065540e+00
3.9207963874999e-02 -2.6798695128840e+00
3.9217963874999e-02 -2.6819397622257e+00
3.9227963874999e-02 -2.8492556373167e+00
3.9237963874999e-02 -3.0673941006402e+00
3.9247963874999e-02 -3.2461399591467e+00
3.9257963874999e-02 -3.3553840578271e+00
3.9267963874999e-02 -3.1293311574386e+00
3.9277963874999e-02 -2.9142643959844e+00
3.9287963874999e-02 -2.4200290503435e+00
3.9297963874999e-02 -2.0310150753721e+00
3.9307963874999e-02 -1.6993389818677e+00
3.9317963874999e-02 -1.3021218210793e+00
3.9327963874999e-02 -1.1290479872390e+00
3.9337963874999e-02 -1.0457593335320e+00
3.9347963874999e-02 -1.3275372356054e+00
3.9357963874999e-02 -1.8532455311763e+00
3.9367963874999e-02 -3.0224691887604e+00
3.9377963874999e-02 -3.3740868292579e+00
3.9387963874999e-02 -6.0247160299975e+00
3.9397963874999e-02 -4.6038560139683e+00
3.9407963874999e-02 -8.3870897506916e+00
3.9417963874999e-02 -8.8590414283818e+00
3.9427963874999e-02 -7.9033828233824e+00
3.9437963874999e-02 -9.6095210037557e+00
3.9447963874999e-02 -1.0854219915949e+01
3.9457963874999e-02 -8.3516304490393e+00
3.9467963874999e-02 -8.8903439914369e+00
3.9477963874999e-02 -1.1270775197318e+01
3.9487963874999e-02 -8.3038770347270e+00
3.9497963874999e-02 -1.0091072962462e+01
3.9507963874999e-02 -9.2482837009115e+00
3.9517963874999e-02 -1.0023183123265e+01
3.9527963874999e-02 -8.6821150523571e+00
3.9537963874999e-02 -8.8914378390800e+00
3.9547963874999e-02 -5.8989054639416e+00
3.9557963874999e-02 -7.5572423716366e+00
3.9567963874999e-02 -5.3575629384251e+00
3.9577963874999e-02 -9.7979410946552e+00
3.9587963874999e-02 -9.3835276609139e+00
3.9597963874999e-02 -1.2539663282215e+01
3.9607963874999e-02 -1.0808578445899e+01
3.9617963874999e-02 -1.0359610181818e+01
3.9627963874999e-02 -1.0859168055629e+01
3.9637963874999e-02 -1.2005878612372e+01
3.9647963874999e-02 -1.4416294776022e+01
3.9657963874999e-02 -1.4194677772690e+01
3.9667963874999e-02 -1.5656323523538e+01
3.9677963874999e-02 -1.2209723085406e+01
3.9687963874999e-02 -1.5680548330019e+01
3.9697963874999e-02 -1.2805747606505e+01
3.9707963874999e-02 -1.2606769946251e+01
3.9717963874999e-02 -1.2216728915389e+01
3.9727963874999e-02 -1.2039272701888e+01
3.9737963874999e-02 -8.3596327170355e+00
3.9747963874999e-02 -9.3819561235163e+00
3.9757963874999e-02 -8.4167898493295e+00
3.9767963874999e-02 -7.6200239519846e+00
3.9777963874999e-02 -6.6545546528077e+00
3.9787963874999e-02 -5.6570193114501e+00
3.9797963874999e-02 -4.9112943712279e+00
3.9807963874999e-02 -4.2665302742537e+00
3.9817963874999e-02 -3.7412236748933e+00
3.9827963874999e-02 -3.7138868382402e+00
3.9837963874999e-02 -2.6248527958031e+00
3.9847963874999e-02 -2.3078250847159e+00
3.9857963874999e-02 -2.0640798918558e+00
3.9867963874999e-02 -1.8075209059372e+00
3.9877963874999e-02 -1.5800214618788e+00
3.9887963874999e-02 -8.7952742629211e-01
3.9897963874999e-02 -2.9317734304515e-01
3.9907963874999e-02 -5.8260076413046e-02
3.9917963874999e-02 5.4883255655913e-01
3.9927963874999e-02 1.0016713505360e+00
3.9937963874999e-02 1.3632281266824e+00
3.9947963874999e-02 2.3553321957972e+00
3.9957963874999e-02 3.5346833947000e+00
3.9967963874999e-02 4.5949817335348e+00
3.9977963874999e-02 5.2379221183675e+00
3.9987963874999e-02 5.9957708026887e+00
3.9997963874999e-02 6.5745537392605e+00
4.0007963874999e-02 7.2320081348485e+00
4.0017963874999e-02 7.4876222940556e+00
4.0027963874999e-02 8.6468413646342e+00
4.0037963874999e-02 9.7303273206909e+00
4.0047963874999e-02 1.1014176582103e+01
4.0057963874999e-02 1.2554943275620e+01
4.0067963874999e-02 1.1334918152561e+01
4.0077963874999e-02 1.1582805735969e+01
4.0087963874999e-02 1.2953298029104e+01
4.0097963874999e-02 1.2604557594063e+01
4.0107963874999e-02 1.4544904741018e+01
4.0117963874999e-02 1.6814929904870e+01
4.0127963874999e-02 1.6885776862896e+01
4.0137963874999e-02 1.7013069658443e+01
4.0147963874999e-02 1.8211378370915e+01
4.0157963874999e-02 1.8172356801297e+01
4.0167963874999e-02 1.8892316802334e+01
4.0177963874999e-02 1.7583133853341e+01
4.0187963874999e-02 1.7570855732037e+01
4.0197963874999e-02 1.6997716967015e+01
4.0207963874999e-02 1.6687204172190e+01
4.0217963874999e-02 1.5783001004173e+01
4.0227963874999e-02 1.4002341109180e+01
4.0237963874999e-02 1.2841157503154e+01
4.0247963874999e-02 1.2293465055310e+01
4.0257963874999e-02 1.0926602286424e+01
4.0267963874999e-02 9.6023783877223e+00
4.0277963874999e-02 9.0121878847690e+00
4.0287963874999e-02 8.1674878800578e+00
4.0297963874999e-02 7.9494149917942e+00
4.0307963874999e-02 7.4372960160881e+00
4.0317963874999e-02 6.2599396225470e+00
4.0327963874999e-02 5.8332997002491e+00
4.0337963874999e-02 4.9929731369538e+00
4.0347963874999e-02 4.7751426114874e+00
4.0357963874999e-02 3.8032205912961e+00
4.0367963874999e-02 3.4982959712545e+00
4.0377963874999e-02 3.2318124327393e+00
4.0387963874999e-02 2.2497248491879e+00
4.0397963874999e-02 1.5787644985993e+00
4.0407963874999e-02 9.1179466540798e-01
4.0417963874999e-02 1.3742233518415e-01
4.0427963874999e-02 -6.1920828221303e-01
4.0437963874999e-02 -1.7357487944754e+00
4.0447963874999e-02 -2.4060314736191e+00
4.0457963874999e-02 -2.8444847420767e+00
4.0467963874999e-02 -3.8906106871045e+00
4.0477963874999e-02 -4.6250300796618e+00
4.0487963874999e-02 -5.3519461464675e+00
4.0497963874999e-02 -6.0200812346239e+00
4.0507963874999e-02 -6.7099589971185e+00
4.0517963874999e-02 -7.0349323554249e+00
4.0527963874999e-02 -7.7421301600111e+00
4.0537963874999e-02 -8.7949885341759e+00
4.0547963874999e-02 -9.3549277011480e+00
4.0557963874999e-02 -1.0152370934686e+01
4.0567963874999e-02 -1.0679739273565e+01
4.0577963874999e-02 -1.0927051627490e+01
4.0587963874999e-02 -1.0977377290029e+01
4.0597963874999e-02 -1.1872252779588e+01
4.0607963874999e-02 -1.1997167535925e+01
4.0617963874999e-02 -1.1897784957264e+01
4.0627963874999e-02 -1.2316292254673e+01
4.0637963874999e-02 -1.2227654093648e+01
4.0647963874999e-02 -1.2448891082806e+01
4.0657963874999e-02 -1.2480209972743e+01
4.0667963874999e-02 -1.2704457829271e+01
4.0677963874999e-02 -1.2490543839000e+01
4.0687963874999e-02 -1.2207223066355e+01
4.0697963874999e-02 -1.2925772870461e+01
4.0707963874999e-02 -1.3755897983210e+01
4.0717963874999e-02 -1.3738690033063e+01
4.0727963874999e-02 -1.4135563504595e+01
4.0737963874999e-02 -1.4579904470668e+01
4.0747963874999e-02 -1.4095490897142e+01
4.0757963874999e-02 -1.3959512089253e+01
4.0767963874999e-02 -1.4266302831121e+01
4.0777963874999e-02 -1.3520230404610e+01
4.0787963874999e-02 -1.2841817534519e+01
4.0797963874999e-02 -1.2715291829373e+01
4.0807963874999e-02 -1.1634722627577e+01
4.0817963874999e-02 -1.0305874854306e+01
4.0827963874999e-02 -9.4067819823440e+00
4.0837963874999e-02 -8.1122754444735e+00
4.0847963874999e-02 -7.1436482618118e+00
4.0857963874999e-02 -6.2850715174460e+00
4.0867963874999e-02 -4.5486143326536e+00
4.0877963874999e-02 -2.9249815032727e+00
4.0887963874999e-02 -3.1716260988549e+00
4.0897963874999e-02 -1.7203823247129e+00
4.0907963874999e-02 -1.2009271889592e+00
4.0917963874999e-02 -1.4557713925204e+00
4.0927963874999e-02 -2.3735485996817e-01
4.0937963874999e-02 -3.3688232860421e-01
4.0947963874999e-02 6.0732530890172e-01
4.0957963874999e-02 1.2160189918361e+00
4.0967963874999e-02 1.8974749280618e+00
4.0977963874999e-02 2.6305205302183e+00
4.0987963874999e-02 3.6607898656235e+00
4.0997963874999e-02 4.7814668374696e+00
4.1007963874999e-02 5.3336278165177e+00
4.1017963874999e-02 6.5812141949974e+00
4.1027963874999e-02 7.2493540233709e+00
4.1037963874999e-02 8.0515964860439e+00
4.1047963874999e-02 8.8518754475929e+00
4.1057963874999e-02 1.0135309696188e+01
4.1067963874999e-02 1.0602592071729e+01
4.1077963874999e-02 1.1744657870873e+01
4.1087963874999e-02 1.2887850976009e+01
4.1097963874999e-02 1.4064470337993e+01
4.1107963874999e-02 1.5088821059686e+01
4.1117963874999e-02 1.5950114178510e+01
4.1127963874999e-02 1.6911544979569e+01
4.1137963874999e-02 1.7613730891464e+01
4.1147963874999e-02 1.7454810688570e+01
4.1157963874999e-02 1.7913152621616e+01
4.1167963874999e-02 1.7565991425617e+01
4.1177963874999e-02 1.6891206859883e+01
4.1187963874999e-02 1.5803455365713e+01
4.1197963874999e-02 1.4883335853952e+01
4.1207963874999e-02 1.3732372873197e+01
4.1217963874999e-02 1.3293670325062e+01
4.1227963874999e-02 1.2407389900274e+01
4.1237963874999e-02 1.1985330077333e+01
4.1247963874999e-02 1.1717448285459e+01
4.1257963874999e-02 1.1187834531484e+01
4.1267963874999e-02 1.0743564894533e+01
4.1277963874999e-02 9.8416756435254e+00
4.1287963874999e-02 9.3509013736243e+00
4.1297963874999e-02 8.8824874307585e+00
4.1307963874999e-02 8.8095834259871e+00
4.1317963874999e-02 7.5540993261844e+00
4.1327963874999e-02 7.0936196877302e+00
4.1337963874999e-02 5.7021979136684e+00
4.1347963874999e-02 5.5533751186169e+00
4.1357963874999e-02 4.9124625107211e+00
4.1367963874999e-02 4.4141331955747e+00
4.1377963874999e-02 3.6923185061826e+00
4.1387963874999e-02 2.9700405920277e+00
4.1397963874999e-02 2.2100532280390e+00
4.1407963874999e-02 5.5172696971573e-01
4.1417963874999e-02 -4.2766201517706e-01
4.1427963874999e-02 -8.4979722013433e-01
4.1437963874999e-02 -1.3831230758040e+00
4.1447963874999e-02 -2.4718451923378e+00
4.1457963874999e-02 -3.5538691550522e+00
4.1467963874999e-02 -4.7019257159767e+00
4.1477963874999e-02 -5.8221250987283e+00
4.1487963874999e-02 -7.3888235024297e+00
4.1497963874999e-02 -7.7579721965669e+00
4.1507963874999e-02 -8.3595155373563e+00
4.1517963874999e-02 -9.2960317123134e+00
4.1527963874999e-02 -1.0126675480404e+01
4.1537963874999e-02 -1.1044284602808e+01
4.1547963874999e-02 -1.1973168451167e+01
4.1557963874999e-02 -1.1513132386040e+01
4.1567963874999e-02 -1.0680771405987e+01
4.1577963874999e-02 -1.0375804153483e+01
4.1587963874999e-02 -9.8643777691313e+00
4.1597963874999e-02 -9.5739431240992e+00
4.1607963874999e-02 -9.1408841321035e+00
4.1617963874999e-02 -9.3187869204974e+00
4.1627963874999e-02 -9.6965569102671e+00
4.1637963874999e-02 -1.0243409473234e+01
4.1647963874999e-02 -1.0238328970701e+01
4.1657963874999e-02 -1.1090006261927e+01
4.1667963874999e-02 -1.2781908451177e+01
4.1677963874999e-02 -1.3615799415562e+01
4.1687963874999e-02 -1.4035513372223e+01
4.1697963874999e-02 -1.4944470885980e+01
4.1707963874999e-02 -1.5353241444690e+01
4.1717963874999e-02 -1.4805469471414e+01
4.1727963874999e-02 -1.5039759194979e+01
4.1737963874999e-02 -1.4887313775147e+01
4.1747963874999e-02 -1.4797447304687e+01
4.1757963874999e-02 -1.3118149086516e+01
4.1767963874999e-02 -1.2466314855570e+01
4.1777963874999e-02 -1.1599778634090e+01
4.1787963874999e-02 -1.0404141376953e+01
4.1797963874999e-02 -9.0838308556838e+00
4.1807963874999e-02 -8.3116293711333e+00
4.1817963874999e-02 -6.4664494361949e+00
4.1827963874999e-02 -6.0163005226198e+00
4.1837963874999e-02 -5.0272004592265e+00
4.1847963874999e-02 -4.4719201955433e+00
4.1857963874999e-02 -3.5469800213876e+00
4.1867963874999e-02 -2.6556362564393e+00
4.1877963874999e-02 -1.6140493052737e+00
4.1887963874999e-02 -1.3252865704622e+00
4.1897963874999e-02 -9.1219884745851e-01
4.1907963874999e-02 -4.3811814684781e-01
4.1917963874999e-02 3.2759061573681e-01
4.1927963874999e-02 1.2408220308452e+00
4.1937963874999e-02 2.2088247304943e+00
4.1947963874999e-02 3.2512693224517e+00
4.1957963874999e-02 3.9295129206158e+00
4.1967963874999e-02 4.5610663492450e+00
4.1977963874999e-02 4.7982810072112e+00
4.1987963874999e-02 5.1676908506752e+00
4.1997963874999e-02 5.5106023975184e+00
4.2007963874999e-02 5.8330007669261e+00
4.2017963874999e-02 6.5693758882445e+00
4.2027963874999e-02 6.6189169870913e+00
4.2037963874999e-02 7.5175173294755e+00
4.2047963874999e-02 7.9594590911151e+00
4.2057963874999e-02 8.4397523389948e+00
4.2067963874999e-02 9.2941135421404e+00
4.2077963874999e-02 9.7760808112988e+00
4.2087963874999e-02 1.0376413691716e+01
4.2097963874999e-02 1.0780575574726e+01
4.2107963874999e-02 1.1188624921467e+01
4.2117963874999e-02 1.1921258847100e+01
4.2127963874999e-02 1.2083992509763e+01
4.2137963874999e-02 1.1881141348953e+01
4.2147963874999e-02 1.1686134467129e+01
4.2157963874999e-02 1.2134568337774e+01
4.2167963874999e-02 1.2195869141909e+01
4.2177963874999e-02 1.2646843912262e+01
4.2187963874999e-02 1.2867132292229e+01
4.2197963874999e-02 1.3315651610568e+01
4.2207963874999e-02 1.3781670984155e+01
4.2217963874999e-02 1.4255901777193e+01
4.2227963874999e-02 1.4045764302751e+01
4.2237963874999e-02 1.3309179400787e+01
4.2247963874999e-02 1.3043230230476e+01
4.2257963874999e-02 1.2477109851165e+01
4.2267963874999e-02 1.2001683928222e+01
4.2277963874999e-02 1.1964310934767e+01
4.2287963874999e-02 1.1026214358382e+01
4.2297963874999e-02 9.9268430289387e+00
4.2307963874999e-02 9.3390153581508e+00
4.2317963874999e-02 8.9056490919041e+00
4.2327963874999e-02 8.5533899266552e+00
4.2337963874999e-02 8.1763369938405e+00
4.2347963874999e-02 7.4778725540336e+00
4.2357963874999e-02 7.0240139315845e+00
4.2367963874999e-02 6.2765459642746e+00
4.2377963874999e-02 5.4682336086385e+00
4.2387963874999e-02 4.9482028217886e+00
4.2397963874999e-02 4.5561482336365e+00
4.2407963874999e-02 4.2875963501226e+00
4.2417963874999e-02 3.2397350607572e+00
4.2427963874999e-02 3.4657427792857e+00
4.2437963874999e-02 2.6844329023248e+00
4.2447963874999e-02 2.2716503010458e+00
4.2457963874999e-02 1.9237351965066e+00
4.2467963874999e-02 1.4065453012255e+00
4.2477963874999e-02 9.9389790063210e-01
4.2487963874999e-02 1.0908365940092e+00
4.2497963874999e-02 8.4165555395759e-01
4.2507963874999e-02 7.3975083337932e-01
4.2517963874999e-02 3.0839042583471e-01
4.2527963874999e-02 -3.4792799710528e-02
4.2537963874999e-02 -4.0531331374525e-01
4.2547963874999e-02 -1.2835059009090e-01
4.2557963874999e-02 -2.3491671569427e-01
4.2567963874999e-02 -3.9715143137225e-01
4.2577963874999e-02 -1.9826931359613e-01
4.2587963874999e-02 -1.2625463884263e-01
4.2597963874999e-02 1.4252184023713e-01
4.2607963874999e-02 4.3923757456857e-01
4.2617963874999e-02 1.1864064254898e+00
4.2627963874999e-02 1.9794573041793e+00
4.2637963874999e-02 2.1942269890380e+00
4.2647963874999e-02 2.4763781352832e+00
4.2657963874999e-02 3.0684733168244e+00
4.2667963874999e-02 3.1535720747631e+00
4.2677963874999e-02 3.2460293734684e+00
4.2687963874999e-02 2.6291121611985e+00
4.2697963874999e-02 1.9731911995253e+00
4.2707963874999e-02 1.3526783837870e+00
4.2717963874999e-02 6.6101172732173e-02
4.2727963874999e-02 -1.0196030404974e+00
4.2737963874999e-02 -2.0973670763476e+00
4.2747963874999e-02 -3.4277691318688e+00
4.2757963874999e-02 -4.6224046136679e+00
4.2767963874999e-02 -5.2525980483992e+00
4.2777963874999e-02 -5.7800177268919e+00
4.2787963874999e-02 -6.5215873526606e+00
4.2797963874999e-02 -7.2984415082491e+00
4.2807963874999e-02 -7.5122124975081e+00
4.2817963874999e-02 -7.8081307921643e+00
4.2827963874999e-02 -7.4103892222789e+00
4.2837963874999e-02 -7.4619643518615e+00
4.2847963874999e-02 -7.4679940350325e+00
4.2857963874999e-02 -7.1207011054051e+00
4.2867963874999e-02 -5.8712062152467e+00
4.2877963874999e-02 -4.9225839577212e+00
4.2887963874999e-02 -4.2058038324967e+00
4.2897963874999e-02 -4.1810184000042e+00
4.2907963874999e-02 -2.8384041365042e+00
4.2917963874999e-02 -4.1539640701661e+00
4.2927963874999e-02 -1.6273135916922e+00
4.2937963874999e-02 7.1438491800024e-05
4.2947963874999e-02 2.4964922276675e-01
4.2957963874999e-02 -2.0385739430897e+00
4.2967963874999e-02 3.2067729007432e-01
4.2977963874999e-02 -3.9815361778562e+00
4.2987963874999e-02 -6.5163114383697e+00
4.2997963874999e-02 -7.9903946911355e+00
4.3007963874999e-02 -9.8204837968548e+00
4.3017963874999e-02 -1.4596310899467e+01
4.3027963874999e-02 -1.6059769378797e+01
4.3037963874999e-02 -1.7486102753550e+01
4.3047963874999e-02 -1.8781714424672e+01
4.3057963874999e-02 -1.9568427909623e+01
4.3067963874999e-02 -1.9483516024218e+01
4.3077963874999e-02 -1.8923094376210e+01
4.3087963874999e-02 -1.8411421929912e+01
4.3097963874999e-02 -1.7938525591252e+01
4.3107963874999e-02 -1.7223496248427e+01
4.3117963874999e-02 -1.6331154084370e+01
4.3127963874999e-02 -1.5380627856300e+01
4.3137963874999e-02 -1.5025001357996e+01
4.3147963874999e-02 -1.4163756199429e+01
4.3157963874999e-02 -1.3190329074358e+01
4.3167963874999e-02 -1.2601551851646e+01
4.3177963874999e-02 -1.1835886438767e+01
4.3187963874999e-02 -1.1215368350014e+01
4.3197963874999e-02 -1.0758154703847e+01
4.3207963874999e-02 -1.0224913652823e+01
4.3217963874999e-02 -9.6279070116090e+00
4.3227963874999e-02 -8.7913785334615e+00
4.3237963874999e-02 -8.0455497208671e+00
4.3247963874999e-02 -7.5193327830331e+00
4.3257963874999e-02 -6.4715816338186e+00
4.3267963874999e-02 -5.5277244252408e+00
4.3277963874999e-02 -4.7867176742146e+00
4.3287963874999e-02 -3.4195316167006e+00
4.3297963874999e-02 -2.6278492061570e+00
4.3307963874999e-02 -1.1868726855916e+00
4.3317963874999e-02 -1.6965706183361e-01
4.3327963874999e-02 7.7085075874543e-01
4.3337963874999e-02 1.4185848673154e+00
4.3347963874999e-02 2.3087494370666e+00
4.3357963874999e-02 2.8112694857563e+00
4.3367963874999e-02 3.7494280851348e+00
4.3377963874999e-02 4.1635464308086e+00
4.3387963874999e-02 4.4130389281324e+00
4.3397963874999e-02 4.8677409515539e+00
4.3407963874999e-02 5.1077629254846e+00
4.3417963874999e-02 5.5013454198041e+00
4.3427963874999e-02 6.0810402852071e+00
4.3437963874999e-02 5.9124767751166e+00
4.3447963874999e-02 6.3400184192580e+00
4.3457963874999e-02 6.4923402623917e+00
4.3467963874999e-02 6.7255336336389e+00
4.3477963874999e-02 7.2326212910643e+00
4.3487963874999e-02 7.5490225725269e+00
4.3497963874999e-02 8.0956286619757e+00
4.3507963874999e-02 8.7172546921138e+00
4.3517963874999e-02 9.5807769924020e+00
4.3527963874999e-02 1.0320824400876e+01
4.3537963874999e-02 1.1188273509547e+01
4.3547963874999e-02 1.2102953411367e+01
4.3557963874999e-02 1.3253674963305e+01
4.3567963874999e-02 1.4842262148678e+01
4.3577963874999e-02 1.5599294067079e+01
4.3587963874999e-02 1.7552437454236e+01
4.3597963874999e-02 1.8935632430514e+01
4.3607963874999e-02 2.0194570525898e+01
4.3617963874999e-02 2.0358872621059e+01
4.3627963874999e-02 2.0158375767321e+01
4.3637963874999e-02 1.7879008067072e+01
4.3647963874999e-02 1.7193200820247e+01
4.3657963874999e-02 1.5633658104670e+01
4.3667963874999e-02 1.4143844693079e+01
4.3677963874999e-02 1.2563039899032e+01
4.3687963874999e-02 1.1979298452368e+01
4.3697963874999e-02 9.8515971846218e+00
4.3707963874999e-02 8.9029844403797e+00
4.3717963874999e-02 7.8538934485659e+00
4.3727963874999e-02 7.9128348541767e+00
4.3737963874999e-02 7.1737760604293e+00
4.3747963874999e-02 6.5852117462493e+00
4.3757963874999e-02 7.2165271499902e+00
4.3767963874999e-02 6.3596673215337e+00
4.3777963874999e-02 5.7824177436719e+00
4.3787963874999e-02 5.6532699827469e+00
4.3797963874999e-02 5.1008487472257e+00
4.3807963874999e-02 4.2761409369485e+00
4.3817963874999e-02 4.2906418957038e+00
4.3827963874999e-02 4.1007016902213e+00
4.3837963874999e-02 3.4013040643451e+00
4.3847963874999e-02 2.3446293550666e+00
4.3857963874999e-02 1.3463227142214e+00
4.3867963874999e-02 1.1868525127155e+00
4.3877963874999e-02 6.4367536485765e-01
4.3887963874999e-02 -2.3586783276821e-03
4.3897963874999e-02 -8.1337078485091e-01
4.3907963874999e-02 -1.3912491045754e+00
4.3917963874999e-02 -1.5197874762150e+00
4.3927963874999e-02 -2.2102832803202e+00
4.3937963874999e-02 -2.3486624360813e+00
4.3947963874999e-02 -2.3619103268826e+00
4.3957963874999e-02 -2.5368852677725e+00
4.3967963874999e-02 -2.4572336348619e+00
4.3977963874999e-02 -2.2955146894263e+00
4.3987963874999e-02 -2.1123229602120e+00
4.3997963874999e-02 -2.2091361883702e+00
4.4007963874999e-02 -1.9383299236227e+00
4.4017963874999e-02 -2.3794448614476e+00
4.4027963874999e-02 -3.0950712306121e+00
4.4037963874999e-02 -3.8221117838974e+00
4.4047963874999e-02 -4.5363443319040e+00
4.4057963874999e-02 -5.7051346944516e+00
4.4067963874999e-02 -6.7800148581388e+00
4.4077963874999e-02 -8.1912558968364e+00
4.4087963874999e-02 -9.3820507719581e+00
4.4097963874999e-02 -1.0293454426400e+01
4.4107963874999e-02 -1.0851130614426e+01
4.4117963874999e-02 -1.1661718903321e+01
4.4127963874999e-02 -1.2662694424576e+01
4.4137963874999e-02 -1.3190439169034e+01
4.4147963874999e-02 -1.3293295642035e+01
4.4157963874999e-02 -1.3143284059344e+01
4.4167963874999e-02 -1.3374472379078e+01
4.4177963874999e-02 -1.3811161982841e+01
4.4187963874999e-02 -1.4009058649475e+01
4.4197963874999e-02 -1.3640809273588e+01
4.4207963874999e-02 -1.3574040629469e+01
4.4217963874999e-02 -1.3986073330719e+01
4.4227963874999e-02 -1.4108639330848e+01
4.4237963874999e-02 -1.3450306856391e+01
4.4247963874999e-02 -1.3294779776508e+01
4.4257963874999e-02 -1.2617653667453e+01
4.4267963874999e-02 -1.2144295069672e+01
4.4277963874999e-02 -1.1141600106018e+01
4.4287963874999e-02 -1.0178761212266e+01
4.4297963874999e-02 -9.1095096283179e+00
4.4307963874999e-02 -8.3797780303622e+00
4.4317963874999e-02 -7.3204023976562e+00
4.4327963874999e-02 -5.8872351775778e+00
4.4337963874999e-02 -4.7656125263585e+00
4.4347963874999e-02 -3.5057894937321e+00
4.4357963874999e-02 -2.0326273829383e+00
4.4367963874999e-02 -9.2156742724915e-01
4.4377963874999e-02 -8.1657217755791e-02
4.4387963874999e-02 9.8335998899242e-01
4.4397963874999e-02 1.9554491526241e+00
4.4407963874999e-02 3.0290841146240e+00
4.4417963874999e-02 3.5534269430678e+00
4.4427963874999e-02 4.0576520116460e+00
4.4437963874999e-02 5.0137226218838e+00
4.4447963874999e-02 6.0803753683056e+00
4.4457963874999e-02 6.3195525571863e+00
4.4467963874999e-02 6.3507470572987e+00
4.4477963874999e-02 7.7247351165256e+00
4.4487963874999e-02 8.3048104521071e+00
4.4497963874999e-02 7.9956849495717e+00
4.4507963874999e-02 8.4016745245263e+00
4.4517963874999e-02 8.5147439167346e+00
4.4527963874999e-02 8.5635539760259e+00
4.4537963874999e-02 9.0635893206144e+00
4.4547963874999e-02 9.3134440980363e+00
4.4557963874999e-02 9.4519831691530e+00
4.4567963874999e-02 9.8903418071244e+00
4.4577963874999e-02 1.0473495400602e+01
4.4587963874999e-02 1.1365420951279e+01
4.4597963874999e-02 1.1327498238349e+01
4.4607963874999e-02 1.1406328779977e+01
4.4617963874999e-02 1.1542063458694e+01
4.4627963874999e-02 1.2668956619592e+01
4.4637963874999e-02 1.2497170176918e+01
4.4647963874999e-02 1.3141263362879e+01
4.4657963874999e-02 1.3405855555377e+01
4.4667963874999e-02 1.3614522731329e+01
4.4677963874999e-02 1.3518374057326e+01
4.4687963874999e-02 1.3192018974093e+01
4.4697963874999e-02 1.2723663410708e+01
4.4707963874999e-02 1.1945832137339e+01
4.4717963874999e-02 1.1821340828187e+01
4.4727963874999e-02 1.0520808786855e+01
4.4737963874999e-02 9.5849294291435e+00
4.4747963874999e-02 9.3823551706560e+00
4.4757963874999e-02 8.8019547652689e+00
4.4767963874999e-02 7.9072307685343e+00
4.4777963874999e-02 7.7368283642076e+00
4.4787963874999e-02 7.1611957346851e+00
4.4797963874999e-02 7.1454609577998e+00
4.4807963874999e-02 6.1513343131069e+00
4.4817963874999e-02 5.9241205545299e+00
4.4827963874999e-02 5.3322029604996e+00
4.4837963874999e-02 5.2064017885270e+00
4.4847963874999e-02 5.0997312261564e+00
4.4857963874999e-02 4.6239171562708e+00
4.4867963874999e-02 4.0140179458774e+00
4.4877963874999e-02 3.8353900112283e+00
4.4887963874999e-02 2.8855246138236e+00
4.4897963874999e-02 1.9501480818325e+00
4.4907963874999e-02 1.6291224909825e+00
4.4917963874999e-02 1.5851695789981e+00
4.4927963874999e-02 7.0759221075582e-01
4.4937963874999e-02 8.0665373637500e-01
4.4947963874999e-02 3.6577457864888e-01
4.4957963874999e-02 1.6504618553392e-01
4.4967963874999e-02 -3.0242691300696e-02
4.4977963874999e-02 -3.4936705960514e-01
4.4987963874999e-02 -1.3683838598363e+00
4.4997963874999e-02 -1.3150673260190e+00
4.5007963874999e-02 -8.8226418908483e-01
4.5017963874999e-02 -5.5753245161098e-01
4.5027963874999e-02 -6.8580575421974e-01
4.5037963874999e-02 -3.5383916344459e-01
4.5047963874999e-02 1.7827972390775e-01
4.5057963874999e-02 2.5003128286372e-01
4.5067963874999e-02 -7.9741015310230e-02
4.5077963874999e-02 -1.6627318339997e-01
4.5087963874999e-02 -7.4600587810518e-01
4.5097963874999e-02 -1.7576775086716e+00
4.5107963874999e-02 -2.3462707946230e+00
4.5117963874999e-02 -2.8670604843440e+00
4.5127963874999e-02 -3.6806416284222e+00
4.5137963874999e-02 -4.8982160229218e+00
4.5147963874999e-02 -5.9927975100783e+00
4.5157963874999e-02 -7.0995088179908e+00
4.5167963874999e-02 -8.2806271725925e+00
4.5177963874999e-02 -9.5705270406062e+00
4.5187963874999e-02 -1.0839473701537e+01
4.5197963874999e-02 -1.1926272675031e+01
4.5207963874999e-02 -1.2516538643955e+01
4.5217963874999e-02 -1.3070116235941e+01
4.5227963874999e-02 -1.4099272092446e+01
4.5237963874999e-02 -1.5274399829369e+01
4.5247963874999e-02 -1.5692258597360e+01
4.5257963874999e-02 -1.5835089379894e+01
4.5267963874999e-02 -1.6719942454568e+01
4.5277963874999e-02 -1.6944051802891e+01
4.5287963874999e-02 -1.6352968331398e+01
4.5297963874999e-02 -1.6130583155252e+01
4.5307963874999e-02 -1.6129435255465e+01
4.5317963874999e-02 -1.4536241021254e+01
4.5327963874999e-02 -1.2143665339680e+01
4.5337963874999e-02 -1.1580882395048e+01
4.5347963874999e-02 -1.2722849723993e+01
4.5357963874999e-02 -9.9067102203769e+00
4.5367963874999e-02 -9.1634127075580e+00
4.5377963874999e-02 -8.4857223636265e+00
4.5387963874999e-02 -5.0415685946061e+00
4.5397963874999e-02 -1.9737351591532e+00
4.5407963874999e-02 -2.8398748064437e+00
4.5417963874999e-02 -1.4741775208493e+00
4.5427963874999e-02 -3.9068560752988e-01
4.5437963874999e-02 -2.1425753716728e-01
4.5447963874999e-02 -6.3587223505198e-02
4.5457963874999e-02 -3.3738766568212e-02
4.5467963874999e-02 7.4709966965064e-01
4.5477963874999e-02 1.1184760695936e+00
4.5487963874999e-02 8.0557255329804e-01
4.5497963874999e-02 1.1916728110976e+00
4.5507963874999e-02 1.8950372356078e+00
4.5517963874999e-02 2.7399333790387e+00
4.5527963874999e-02 3.5669914517717e+00
4.5537963874999e-02 4.2908898550029e+00
4.5547963874999e-02 4.8231348717757e+00
4.5557963874999e-02 5.8600404740264e+00
4.5567963874999e-02 6.9377882133811e+00
4.5577963874999e-02 6.9405605527925e+00
4.5587963874999e-02 6.9448163594302e+00
4.5597963874999e-02 7.1821531572095e+00
4.5607963874999e-02 7.7876426210560e+00
4.5617963874999e-02 7.8332987753735e+00
4.5627963874999e-02 7.5157552552055e+00
4.5637963874999e-02 7.1243472689362e+00
4.5647963874999e-02 6.9869062199398e+00
4.5657963874999e-02 6.3783043778473e+00
4.5667963874999e-02 5.5166380046364e+00
4.5677963874999e-02 5.0238321281220e+00
4.5687963874999e-02 4.9618865701254e+00
4.5697963874999e-02 5.1910776118094e+00
4.5707963874999e-02 4.8880445645333e+00
4.5717963874999e-02 4.7337703094844e+00
4.5727963874999e-02 4.6959198345622e+00
4.5737963874999e-02 4.9650480966784e+00
4.5747963874999e-02 4.9088540386732e+00
4.5757963874999e-02 4.7275843692016e+00
4.5767963874999e-02 4.5333920837112e+00
4.5777963874999e-02 4.9034497599997e+00
4.5787963874999e-02 5.9085735883522e+00
4.5797963874999e-02 6.2884957958522e+00
4.5807963874999e-02 6.0349464712003e+00
4.5817963874999e-02 5.9245379692145e+00
4.5827963874999e-02 5.6170803746718e+00
4.5837963874999e-02 6.4213507256079e+00
4.5847963874999e-02 6.1199704952968e+00
4.5857963874999e-02 5.8483936867024e+00
4.5867963874999e-02 5.8095555560900e+00
4.5877963874999e-02 5.8279038211805e+00
4.5887963874999e-02 5.6851247128758e+00
4.5897963874999e-02 6.3640787423750e+00
4.5907963874999e-02 6.5964923060783e+00
4.5917963874999e-02 7.0078538619765e+00
4.5927963874999e-02 7.6078709149050e+00
4.5937963874999e-02 7.9434501907878e+00
4.5947963874999e-02 7.9809142132640e+00
4.5957963874999e-02 7.9406017398098e+00
4.5967963874999e-02 7.6689074896849e+00
4.5977963874999e-02 7.6049882837924e+00
4.5987963874999e-02 7.1500583991476e+00
4.5997963874999e-02 7.2084544588042e+00
4.6007963874999e-02 7.0775622508243e+00
4.6017963874999e-02 6.8938621425247e+00
4.6027963874999e-02 6.7786862518146e+00
4.6037963874999e-02 6.7607281258903e+00
4.6047963874999e-02 6.8651212274380e+00
4.6057963874999e-02 6.9371658244807e+00
4.6067963874999e-02 7.4516239382157e+00
4.6077963874999e-02 7.6558180179388e+00
4.6087963874999e-02 7.4499040099521e+00
4.6097963874999e-02 7.4208214792543e+00
4.6107963874999e-02 6.7342714345562e+00
4.6117963874999e-02 6.6231877027698e+00
4.6127963874999e-02 6.2745957799422e+00
4.6137963874999e-02 5.8243821668481e+00
4.6147963874999e-02 5.2097148669693e+00
4.6157963874999e-02 4.5286447385705e+00
4.6167963874999e-02 3.5609435981378e+00
4.6177963874999e-02 2.8647934089052e+00
4.6187963874999e-02 2.2190112210902e+00
4.6197963874999e-02 1.6569069556292e+00
4.6207963874999e-02 1.3115710056255e+00
4.6217963874999e-02 1.1606769340783e+00
4.6227963874999e-02 9.4190748561421e-01
4.6237963874999e-02 5.3107336711973e-01
4.6247963874999e-02 3.4530694925431e-02
4.6257963874999e-02 -8.6801990814095e-02
4.6267963874999e-02 -6.7957485129793e-01
4.6277963874999e-02 -1.0149105333131e+00
4.6287963874999e-02 -1.0842109236760e+00
4.6297963874999e-02 -1.5452433661064e+00
4.6307963874999e-02 -1.8211960662218e+00
4.6317963874999e-02 -2.2964782648482e+00
4.6327963874999e-02 -2.6861594777135e+00
4.6337963874999e-02 -2.8720760211884e+00
4.6347963874999e-02 -3.1510794476507e+00
4.6357963874999e-02 -3.8875982932446e+00
4.6367963874999e-02 -4.5685775103539e+00
4.6377963874999e-02 -5.3132074696915e+00
4.6387963874999e-02 -5.9699721922571e+00
4.6397963874999e-02 -6.9493684123862e+00
4.6407963874999e-02 -8.0907568964039e+00
4.6417963874999e-02 -9.0877525782769e+00
4.6427963874999e-02 -9.9990982625457e+00
4.6437963874999e-02 -1.1200249143882e+01
4.6447963874999e-02 -1.2366835820914e+01
4.6457963874999e-02 -1.4297969069017e+01
4.6467963874999e-02 -1.5481328015859e+01
4.6477963874999e-02 -1.6315077910545e+01
4.6487963874999e-02 -1.6342819133407e+01
4.6497963874999e-02 -1.6675623025578e+01
4.6507963874999e-02 -1.6005249271920e+01
4.6517963874999e-02 -1.6445925705507e+01
4.6527963874999e-02 -1.6597617310980e+01
4.6537963874999e-02 -1.7170255026931e+01
4.6547963874999e-02 -1.5396014727626e+01
4.6557963874999e-02 -1.4971412327320e+01
4.6567963874999e-02 -1.3374191387932e+01
4.6577963874999e-02 -1.2260812937569e+01
4.6587963874999e-02 -1.0495124344038e+01
4.6597963874999e-02 -9.4282599681780e+00
4.6607963874999e-02 -7.8631209377794e+00
4.6617963874999e-02 -6.5488204922023e+00
4.6627963874999e-02 -4.8496036791382e+00
4.6637963874999e-02 -3.7347621977904e+00
4.6647963874999e-02 -2.6612362565986e+00
4.6657963874999e-02 -2.5295044551139e+00
4.6667963874999e-02 -1.2751414287589e+00
4.6677963874999e-02 -7.4341027672584e-01
4.6687963874999e-02 -1.1960664891263e-01
4.6697963874999e-02 2.7939213268704e-01
4.6707963874999e-02 4.7901562645167e-01
4.6717963874999e-02 5.4566178382983e-01
4.6727963874999e-02 2.5730136626875e-01
4.6737963874999e-02 7.1557935656821e-01
4.6747963874999e-02 4.8776438969372e-01
4.6757963874999e-02 -1.0059580268956e-01
4.6767963874999e-02 1.0150554979141e-01
4.6777963874999e-02 1.1579917225030e-01
4.6787963874999e-02 8.9966058556856e-01
4.6797963874999e-02 2.0568233076388e+00
4.6807963874999e-02 2.8149394260414e+00
4.6817963874999e-02 3.3767954700503e+00
4.6827963874999e-02 3.7990695735261e+00
4.6837963874999e-02 3.4946150950435e+00
4.6847963874999e-02 3.1131358251755e+00
4.6857963874999e-02 2.6728694288873e+00
4.6867963874999e-02 2.4004146456406e+00
4.6877963874999e-02 2.3070552346444e+00
4.6887963874999e-02 1.9374291911261e+00
4.6897963874999e-02 1.4995459555073e+00
4.6907963874999e-02 7.8307145063139e-01
4.6917963874999e-02 -1.1467222291776e-01
4.6927963874999e-02 -9.4599508269198e-01
4.6937963874999e-02 -1.7068294469104e+00
4.6947963874999e-02 -2.2677758198066e+00
4.6957963874999e-02 -3.3479327534501e+00
4.6967963874999e-02 -3.7485266443150e+00
4.6977963874999e-02 -4.0006036197850e+00
4.6987963874999e-02 -4.1534388956577e+00
4.6997963874999e-02 -3.8809136455640e+00
4.7007963874999e-02 -3.3031774338665e+00
4.7017963874999e-02 -3.0084881266213e+00
4.7027963874999e-02 -3.2169236016338e+00
4.7037963874999e-02 -2.9155855570455e+00
4.7047963874999e-02 -2.4249095932372e+00
4.7057963874999e-02 -2.5600093073237e+00
4.7067963874999e-02 -2.5924850523540e+00
4.7077963874999e-02 -1.8420580403366e+00
4.7087963874999e-02 -1.8054143208935e+00
4.7097963874999e-02 -2.1040051871201e+00
4.7107963874999e-02 -2.1166460702338e+00
4.7117963874999e-02 -2.3382200277795e+00
4.7127963874999e-02 -2.8929731395850e+00
4.7137963874999e-02 -3.3149971669007e+00
4.7147963874999e-02 -4.2095428607901e+00
4.7157963874999e-02 -5.0217699762553e+00
4.7167963874999e-02 -5.4798885715233e+00
4.7177963874999e-02 -5.8837773041093e+00
4.7187963874999e-02 -6.5445297500375e+00
4.7197963874999e-02 -7.1305600333527e+00
4.7207963874999e-02 -7.7939403006952e+00
4.7217963874999e-02 -8.1063818526283e+00
4.7227963874999e-02 -8.0779611845155e+00
4.7237963874999e-02 -7.9796710498296e+00
4.7247963874999e-02 -7.5607624321595e+00
4.7257963874999e-02 -6.9907857300188e+00
4.7267963874999e-02 -6.4464737970484e+00
4.7277963874999e-02 -6.1152439394503e+00
4.7287963874999e-02 -7.2856601256432e+00
4.7297963874999e-02 -5.2823180338969e+00
4.7307963874999e-02 -4.6719799092964e+00
4.7317963874999e-02 -4.1014703861124e+00
4.7327963874999e-02 -3.4704085124492e+00
4.7337963874999e-02 -2.1715266215555e+00
4.7347963874999e-02 -4.4690998989250e+00
4.7357963874999e-02 -4.6733905211774e+00
4.7367963874999e-02 -3.7518700383904e+00
4.7377963874999e-02 -4.3132903262800e+00
4.7387963874999e-02 -4.4186785642394e+00
4.7397963874999e-02 -4.2685512741490e+00
4.7407963874999e-02 -3.9754479494444e+00
4.7417963874999e-02 -4.7969912839495e+00
4.7427963874999e-02 -4.2884455158208e+00
4.7437963874999e-02 -4.3098585783066e+00
4.7447963874999e-02 -4.7349799052949e+00
4.7457963874999e-02 -5.0481987189624e+00
4.7467963874999e-02 -5.1419631618648e+00
4.7477963874999e-02 -5.3984872536222e+00
4.7487963874999e-02 -5.4510976456602e+00
4.7497963874999e-02 -5.4709966290062e+00
4.7507963874999e-02 -5.3430698928469e+00
4.7517963874999e-02 -5.0645346181307e+00
4.7527963874999e-02 -4.5956376111902e+00
4.7537963874999e-02 -3.8897563600606e+00
4.7547963874999e-02 -3.3746732015006e+00
4.7557963874999e-02 -2.4554961772391e+00
4.7567963874999e-02 -1.6939375619506e+00
4.7577963874999e-02 -1.0344741115856e+00
4.7587963874999e-02 -1.7530608049909e-01
4.7597963874999e-02 1.1637796792596e+00
4.7607963874999e-02 1.8318175755107e+00
4.7617963874999e-02 2.3662369464689e+00
4.7627963874999e-02 2.9881332413692e+00
4.7637963874999e-02 3.2284976417873e+00
4.7647963874999e-02 3.1331895456227e+00
4.7657963874999e-02 2.4484304303984e+00
4.7667963874999e-02 1.8462702379876e+00
4.7677963874999e-02 1.5437796506416e+00
4.7687963874999e-02 1.3378727956668e+00
4.7697963874999e-02 1.3504425939051e+00
4.7707963874999e-02 1.8461172057982e+00
4.7717963874999e-02 2.2736989033850e+00
4.7727963874999e-02 2.6170296419035e+00
4.7737963874999e-02 2.1857331085489e+00
4.7747963874999e-02 4.3688366037599e+00
4.7757963874999e-02 3.0066340803855e+00
4.7767963874999e-02 3.8719380430056e+00
4.7777963874999e-02 4.4775406709042e+00
4.7787963874999e-02 5.7005174829005e+00
4.7797963874999e-02 5.7220606937505e+00
4.7807963874999e-02 7.3582181814716e+00
4.7817963874999e-02 7.3920461615732e+00
4.7827963874999e-02 6.1930031196294e+00
4.7837963874999e-02 7.0653583322381e+00
4.7847963874999e-02 6.8451516246092e+00
4.7857963874999e-02 8.6392264040035e+00
4.7867963874999e-02 8.7165670080840e+00
4.7877963874999e-02 1.0399190917376e+01
4.7887963874999e-02 9.7069251032459e+00
4.7897963874999e-02 1.0813173858988e+01
4.7907963874999e-02 1.1541653155335e+01
4.7917963874999e-02 1.2037098901476e+01
4.7927963874999e-02 1.2725336976152e+01
4.7937963874999e-02 1.3157823732805e+01
4.7947963874999e-02 1.3325378250014e+01
4.7957963874999e-02 1.3658596462260e+01
4.7967963874999e-02 1.3738203814790e+01
4.7977963874999e-02 1.3910538271796e+01
4.7987963874999e-02 1.3397881570211e+01
4.7997963874999e-02 1.3311677446089e+01
4.8007963874999e-02 1.2071422606625e+01
4.8017963874999e-02 1.1115468280252e+01
4.8027963874999e-02 9.6456885512033e+00
4.8037963874999e-02 8.9824494734913e+00
4.8047963874999e-02 7.6395868766132e+00
4.8057963874999e-02 6.0062157509562e+00
4.8067963874999e-02 5.5201040158265e+00
4.8077963874999e-02 4.4020876737565e+00
4.8087963874999e-02 3.7093571149613e+00
4.8097963874999e-02 3.3800316448278e+00
4.8107963874999e-02 3.3034741058348e+00
4.8117963874999e-02 2.8537175312880e+00
4.8127963874999e-02 2.6606537310393e+00
4.8137963874999e-02 2.2884995360523e+00
4.8147963874999e-02 1.8582555352052e+00
4.8157963874999e-02 2.1720142507709e+00
4.8167963874999e-02 1.3210879029580e+00
4.8177963874999e-02 1.7614480835324e+00
4.8187963874999e-02 1.0450071576053e+00
4.8197963874999e-02 6.6288521035982e-01
4.8207963874999e-02 4.2478658519192e-01
4.8217963874999e-02 2.1237104326447e-02
4.8227963874999e-02 -7.2725675464926e-03
4.8237963874999e-02 4.9323347247702e-02
4.8247963874999e-02 -1.5924184616156e-05
4.8257963874999e-02 -9.6481013879047e-02
4.8267963874999e-02 -1.6480055505915e-01
4.8277963874999e-02 4.5546756736057e-02
4.8287963874999e-02 3.0526989743039e-02
4.8297963874999e-02 4.3230446134132e-01
4.8307963874999e-02 7.5811326329580e-01
4.8317963874999e-02 8.1358041802040e-01
4.8327963874999e-02 1.1679990182113e+00
4.8337963874999e-02 1.4880916501468e+00
4.8347963874999e-02 1.8460271920444e+00
4.8357963874999e-02 2.2098886848650e+00
4.8367963874999e-02 2.5067984497347e+00
4.8377963874999e-02 2.6189138315343e+00
4.8387963874999e-02 2.7933369999047e+00
4.8397963874999e-02 2.8919046857858e+00
4.8407963874999e-02 3.0773352527589e+00
4.8417963874999e-02 3.4831394775508e+00
4.8427963874999e-02 3.4153966676460e+00
4.8437963874999e-02 3.3074852471497e+00
4.8447963874999e-02 3.4713825764792e+00
4.8457963874999e-02 3.1686261387519e+00
4.8467963874999e-02 2.7833515247168e+00
4.8477963874999e-02 2.2669544263053e+00
4.8487963874999e-02 1.9840393853856e+00
4.8497963874999e-02 1.4083749443988e+00
4.8507963874999e-02 1.0494635713595e+00
4.8517963874999e-02 1.1904668144715e+00
4.8527963874999e-02 1.1095956727557e+00
4.8537963874999e-02 9.9512445493725e-01
4.8547963874999e-02 8.6631919685447e-01
4.8557963874999e-02 8.7013150469624e-01
4.8567963874999e-02 5.1870929692219e-01
4.8577963874999e-02 6.1725656181909e-01
4.8587963874999e-02 6.4213779127943e-01
4.8597963874999e-02 5.7696847128361e-01
4.8607963874999e-02 -4.3516721783631e-01
4.8617963874999e-02 -1.2621856259742e+00
4.8627963874999e-02 -6.3053088614365e-01
4.8637963874999e-02 -3.2547794615798e-01
4.8647963874999e-02 -4.4589466019193e-02
4.8657963874999e-02 1.3403191778491e+00
4.8667963874999e-02 -1.4337092903900e-01
4.8677963874999e-02 -6.0848248677369e-01
4.8687963874999e-02 -4.5906585610016e-01
4.8697963874999e-02 -5.3984344640762e-01
4.8707963874999e-02 -1.3525175908556e+00
4.8717963874999e-02 -2.7208425927361e-03
4.8727963874999e-02 -9.1688534615907e-01
4.8737963874999e-02 2.9102359270489e-02
4.8747963874999e-02 6.3706548039842e-01
4.8757963874999e-02 7.0313033923059e-01
4.8767963874999e-02 1.0552818197157e+00
4.8777963874999e-02 1.2993902517711e+00
4.8787963874999e-02 1.6672609636169e+00
4.8797963874999e-02 1.9904350000445e+00
4.8807963874999e-02 1.9244684032825e+00
4.8817963874999e-02 1.7341424958869e+00
4.8827963874999e-02 1.5370482699175e+00
4.8837963874999e-02 1.0121898496041e+00
4.8847963874999e-02 5.2966639031710e-01
4.8857963874999e-02 1.8547465631352e-01
4.8867963874999e-02 -3.6112924661065e-01
4.8877963874999e-02 -1.0141364148437e+00
4.8887963874999e-02 -1.5716188341619e+00
4.8897963874999e-02 -1.8163064611797e+00
4.8907963874999e-02 -2.1608786248783e+00
4.8917963874999e-02 -2.3714967051992e+00
4.8927963874999e-02 -2.5913096042470e+00
4.8937963874999e-02 -2.4875372891933e+00
4.8947963874999e-02 -3.0795582565748e+00
4.8957963874999e-02 -3.3397368408747e+00
4.8967963874999e-02 -3.1885589462031e+00
4.8977963874999e-02 -2.9956034488346e+00
4.8987963874999e-02 -3.4189322622284e+00
4.8997963874999e-02 -3.7044975760689e+00
4.9007963874999e-02 -3.6736616760210e+00
4.9017963874999e-02 -3.4945035895504e+00
4.9027963874999e-02 -3.6811158265947e+00
4.9037963874999e-02 -3.8153239376770e+00
4.9047963874999e-02 -3.8403801686056e+00
4.9057963874999e-02 -4.0413452170612e+00
4.9067963874999e-02 -4.5724892327698e+00
4.9077963874999e-02 -4.7316211483244e+00
4.9087963874999e-02 -5.1538240733191e+00
4.9097963874999e-02 -5.3710717203529e+00
4.9107963874999e-02 -5.5782546235290e+00
4.9117963874999e-02 -5.7807381081581e+00
4.9127963874999e-02 -6.1059043364829e+00
4.9137963874999e-02 -6.2841382977978e+00
4.9147963874999e-02 -6.6197069250667e+00
4.9157963874999e-02 -6.9170047149971e+00
4.9167963874999e-02 -6.8848341631439e+00
4.9177963874999e-02 -7.2106376748780e+00
4.9187963874999e-02 -7.6184285627816e+00
4.9197963874999e-02 -7.9194179951813e+00
4.9207963874999e-02 -8.1781828746701e+00
4.9217963874999e-02 -8.4179110044189e+00
4.9227963874999e-02 -8.7814946526492e+00
4.9237963874999e-02 -8.6501133904241e+00
4.9247963874999e-02 -8.4809473754021e+00
4.9257963874999e-02 -8.7461456629963e+00
4.9267963874999e-02 -8.9220808454438e+00
4.9277963874999e-02 -9.1145852256835e+00
4.9287963874999e-02 -9.0594816300293e+00
4.9297963874999e-02 -8.8774755806253e+00
4.9307963874999e-02 -8.9526756230905e+00
4.9317963874999e-02 -9.1143897645766e+00
4.9327963874999e-02 -9.3609254207246e+00
4.9337963874999e-02 -8.9261724547942e+00
4.9347963874999e-02 -9.6243022005938e+00
4.9357963874999e-02 -9.7249200170819e+00
4.9367963874999e-02 -9.1615937794741e+00
4.9377963874999e-02 -9.1793807699789e+00
4.9387963874999e-02 -9.9563947192755e+00
4.9397963874999e-02 -1.0046805182363e+01
4.9407963874999e-02 -1.0894852769323e+01
4.9417963874999e-02 -1.1187790562682e+01
4.9427963874999e-02 -1.0640622926622e+01
4.9437963874999e-02 -1.0445055731050e+01
4.9447963874999e-02 -9.6794072294488e+00
4.9457963874999e-02 -9.8291843442588e+00
4.9467963874999e-02 -9.2936001577223e+00
4.9477963874999e-02 -8.7099402422899e+00
4.9487963874999e-02 -7.9664054879429e+00
4.9497963874999e-02 -7.4292510006124e+00
4.9507963874999e-02 -6.7345532840899e+00
4.9517963874999e-02 -6.0799703953634e+00
4.9527963874999e-02 -5.2527889245276e+00
4.9537963874999e-02 -4.8959528192643e+00
4.9547963874999e-02 -3.8137028176563e+00
4.9557963874999e-02 -3.2764839552180e+00
4.9567963874999e-02 -3.1811909404612e+00
4.9577963874999e-02 -2.7431241027965e+00
4.9587963874999e-02 -2.1390991768675e+00
4.9597963874999e-02 -1.7665080877513e+00
4.9607963874999e-02 -1.2082483123500e+00
4.9617963874999e-02 -7.7735714954626e-01
4.9627963874999e-02 -3.3598263814027e-01
4.9637963874999e-02 -1.9269042762714e-01
4.9647963874999e-02 4.6241984774495e-01
4.9657963874999e-02 1.1904279567920e+00
4.9667963874999e-02 2.2789329679944e+00
4.9677963874999e-02 2.4389309296793e+00
4.9687963874999e-02 3.3502579524055e+00
4.9697963874999e-02 3.4003398271729e+00
4.9707963874999e-02 3.8868124772949e+00
4.9717963874999e-02 4.8571300473589e+00
4.9727963874999e-02 6.0605545288531e+00
4.9737963874999e-02 7.2709367483007e+00
4.9747963874999e-02 8.4375202881558e+00
4.9757963874999e-02 9.2572395071980e+00
4.9767963874999e-02 1.0158352779228e+01
4.9777963874999e-02 1.1250092909966e+01
4.9787963874999e-02 1.2249927567687e+01
4.9797963874999e-02 1.3029788202774e+01
4.9807963874999e-02 1.4201201974870e+01
4.9817963874999e-02 1.5555123209707e+01
4.9827963874999e-02 1.6684706902823e+01
4.9837963874999e-02 1.7690125751318e+01
4.9847963874999e-02 1.8715638163412e+01
4.9857963874999e-02 1.9036398837063e+01
4.9867963874999e-02 1.9366536083167e+01
4.9877963874999e-02 1.9907998709152e+01
4.9887963874999e-02 2.0008320431804e+01
4.9897963874999e-02 1.9118876241046e+01
4.9907963874999e-02 1.8514130791656e+01
4.9917963874999e-02 1.7782394817454e+01
4.9927963874999e-02 1.5927012352926e+01
4.9937963874999e-02 1.4470910626895e+01
4.9947963874999e-02 1.3222954834723e+01
4.9957963874999e-02 1.1973517709996e+01
4.9967963874999e-02 1.0575362453214e+01
4.9977963874999e-02 9.0905859777682e+00
4.9987963874999e-02 7.9932686870851e+00
4.9997963874999e-02 6.2413207425997e+00
5.0007963874999e-02 5.9887010281695e+00
5.0017963874999e-02 5.4802050995918e+00
5.0027963874999e-02 4.6698208749875e+00
5.0037963874999e-02 4.6205167738686e+00
5.0047963874999e-02 3.4899538444530e+00
5.0057963874999e-02 2.6505833828020e+00
5.0067963874999e-02 2.3528369140835e+00
5.0077963874999e-02 1.2263196387809e+00
5.0087963874999e-02 3.4815595061833e-01
5.0097963874999e-02 -2.2952324057736e-01
5.0107963874999e-02 -1.1203002581215e+00
5.0117963874999e-02 -1.5882639236202e+00
5.0127963874999e-02 -2.4654603813496e+00
5.0137963874999e-02 -3.2749350337579e+00
5.0147963874999e-02 -3.7995926432122e+00
5.0157963874999e-02 -4.3138873561933e+00
5.0167963874999e-02 -5.1629602649404e+00
5.0177963874999e-02 -5.5413516786857e+00
5.0187963874999e-02 -6.3173319601294e+00
5.0197963874999e-02 -6.8097931888021e+00
5.0207963874999e-02 -7.2341002587661e+00
5.0217963874999e-02 -7.9559085875479e+00
5.0227963874999e-02 -8.5102852826278e+00
5.0237963874999e-02 -9.3203729920258e+00
5.0247963874999e-02 -1.0028541031037e+01
5.0257963874999e-02 -1.0595811390155e+01
5.0267963874999e-02 -1.1014895676719e+01
5.0277963874999e-02 -1.1646555157010e+01
5.0287963874999e-02 -1.2182223077883e+01
5.0297963874999e-02 -1.1763236834579e+01
5.0307963874999e-02 -1.1568699494280e+01
5.0317963874999e-02 -1.1763698438590e+01
5.0327963874999e-02 -1.1378678986825e+01
5.0337963874999e-02 -1.0294943634432e+01
5.0347963874999e-02 -1.0312511214919e+01
5.0357963874999e-02 -9.9346719799009e+00
5.0367963874999e-02 -8.8435774384058e+00
5.0377963874999e-02 -7.9818531821534e+00
5.0387963874999e-02 -7.2645530070301e+00
5.0397963874999e-02 -6.5258833474079e+00
5.0407963874999e-02 -6.6039131502815e+00
5.0417963874999e-02 -6.1698438345802e+00
5.0427963874999e-02 -6.0749425388983e+00
5.0437963874999e-02 -6.1943984966127e+00
5.0447963874999e-02 -6.0887432841898e+00
5.0457963874999e-02 -6.4637838674594e+00
5.0467963874999e-02 -6.6769316005462e+00
5.0477963874999e-02 -7.5031406286391e+00
5.0487963874999e-02 -7.4766013271163e+00
5.0497963874999e-02 -8.3874843555014e+00
5.0507963874999e-02 -7.8096699446136e+00
5.0517963874999e-02 -7.1069901789235e+00
5.0527963874999e-02 -6.8674153818055e+00
5.0537963874999e-02 -6.9249212785166e+00
5.0547963874999e-02 -6.5482489927097e+00
5.0557963874999e-02 -6.6009364860017e+00
5.0567963874999e-02 -5.0815519271505e+00
5.0577963874999e-02 -3.5218919834430e+00
5.0587963874999e-02 -2.8356931638740e+00
5.0597963874999e-02 -1.7459013300630e+00
5.0607963874999e-02 -1.3986290704925e+00
5.0617963874999e-02 -1.0924641240874e+00
5.0627963874999e-02 -1.0745823350265e+00
5.0637963874999e-02 -1.2841210555578e+00
5.0647963874999e-02 -1.3607414752374e+00
5.0657963874999e-02 -1.2489706136242e+00
5.0667963874999e-02 -1.3837075719303e+00
5.0677963874999e-02 -1.0479401503392e+00
5.0687963874999e-02 -6.2826408759856e-01
5.0697963874999e-02 -6.4043758154495e-01
5.0707963874999e-02 -2.5454353178574e-02
5.0717963874999e-02 5.9249434629454e-01
5.0727963874999e-02 9.8901489992940e-01
5.0737963874999e-02 1.1625180849745e+00
5.0747963874999e-02 1.5191951134830e+00
5.0757963874999e-02 2.1217257090626e+00
5.0767963874999e-02 1.9933724054994e+00
5.0777963874999e-02 1.7622263323087e+00
5.0787963874999e-02 1.3939600775506e+00
5.0797963874999e-02 1.5931964713344e+00
5.0807963874999e-02 1.4972402761514e+00
5.0817963874999e-02 1.4148855559888e+00
5.0827963874999e-02 1.2829686838604e+00
5.0837963874999e-02 1.4199611508541e+00
5.0847963874999e-02 1.3917443318777e+00
5.0857963874999e-02 1.2069872554871e+00
5.0867963874999e-02 2.0054210809673e+00
5.0877963874999e-02 1.9103770638980e+00
5.0887963874999e-02 1.9769694571523e+00
5.0897963874999e-02 2.2394456942463e+00
5.0907963874999e-02 2.7561080834934e+00
5.0917963874999e-02 4.4099345270045e+00
5.0927963874999e-02 5.3974539655178e+00
5.0937963874999e-02 6.0996050402288e+00
5.0947963874999e-02 6.3946114320870e+00
5.0957963874999e-02 8.0013744567738e+00
5.0967963874999e-02 6.0705289104399e+00
5.0977963874999e-02 7.5479756960045e+00
5.0987963874999e-02 6.2595609353547e+00
5.0997963874999e-02 7.3580784531935e+00
5.1007963874999e-02 6.3556361315707e+00
5.1017963874999e-02 7.8467642594790e+00
5.1027963874999e-02 7.4248920520652e+00
5.1037963874999e-02 9.0470314218896e+00
5.1047963874999e-02 8.9220582874525e+00
5.1057963874999e-02 9.2720981250770e+00
5.1067963874999e-02 9.3414325104445e+00
5.1077963874999e-02 9.5073904875103e+00
5.1087963874999e-02 1.0395876670848e+01
5.1097963874999e-02 1.0441761383696e+01
5.1107963874999e-02 1.0758315308266e+01
5.1117963874999e-02 1.1087530744241e+01
5.1127963874999e-02 1.1226044007668e+01
5.1137963874999e-02 1.1393766664209e+01
5.1147963874999e-02 1.1501192991320e+01
5.1157963874999e-02 1.1352092864853e+01
5.1167963874999e-02 1.1164771252699e+01
5.1177963874999e-02 1.0720958875240e+01
5.1187963874999e-02 1.0335105724816e+01
5.1197963874999e-02 9.8108265062201e+00
5.1207963874999e-02 9.3879653818830e+00
5.1217963874999e-02 8.8284537622898e+00
5.1227963874999e-02 8.3943325532334e+00
5.1237963874999e-02 7.9277206050207e+00
5.1247963874999e-02 7.2520655144275e+00
5.1257963874999e-02 6.7214119956339e+00
5.1267963874999e-02 5.9857763965500e+00
5.1277963874999e-02 5.7285257801747e+00
5.1287963874999e-02 4.6502069274598e+00
5.1297963874999e-02 3.2626682072835e+00
5.1307963874999e-02 2.4208214294873e+00
5.1317963874999e-02 1.5218128938634e+00
5.1327963874999e-02 6.7108044118556e-01
5.1337963874999e-02 -3.4982756732966e-01
5.1347963874999e-02 -9.3280292128941e-01
5.1357963874999e-02 -2.0340213837757e+00
5.1367963874999e-02 -3.6071743847422e+00
5.1377963874999e-02 -4.4450275422880e+00
5.1387963874999e-02 -5.4580873817489e+00
5.1397963874999e-02 -5.9278203328687e+00
5.1407963874999e-02 -6.1468670890680e+00
5.1417963874999e-02 -6.3068163391902e+00
5.1427963874999e-02 -7.1917906091063e+00
5.1437963874999e-02 -7.6622854293444e+00
5.1447963874999e-02 -8.4582115567122e+00
5.1457963874999e-02 -9.2194257919749e+00
5.1467963874999e-02 -9.4011185970037e+00
5.1477963874999e-02 -9.9856913633443e+00
5.1487963874999e-02 -1.0424964206786e+01
5.1497963874999e-02 -1.1367689654628e+01
5.1507963874999e-02 -1.1857504447325e+01
5.1517963874999e-02 -1.2665883289443e+01
5.1527963874999e-02 -1.3368763591179e+01
5.1537963874999e-02 -1.4211862535405e+01
5.1547963874999e-02 -1.3800272557611e+01
5.1557963874999e-02 -1.3584738671127e+01
5.1567963874999e-02 -1.4012356475186e+01
5.1577963874999e-02 -1.3930490683387e+01
5.1587963874999e-02 -1.3592290367645e+01
5.1597963874999e-02 -1.3905664622820e+01
5.1607963874999e-02 -1.3159291595511e+01
5.1617963874999e-02 -1.1979172126583e+01
5.1627963874999e-02 -1.1035413309011e+01
5.1637963874999e-02 -1.0286037529361e+01
5.1647963874999e-02 -9.3919725951667e+00
5.1657963874999e-02 -8.4756093435915e+00
5.1667963874999e-02 -7.3562961067799e+00
5.1677963874999e-02 -6.4111842897786e+00
5.1687963874999e-02 -6.0565432653164e+00
5.1697963874999e-02 -5.0193838873978e+00
5.1707963874999e-02 -4.5073521705769e+00
5.1717963874999e-02 -3.9277679619696e+00
5.1727963874999e-02 -3.9488788663382e+00
5.1737963874999e-02 -3.3149141480392e+00
5.1747963874999e-02 -2.6441768294055e+00
5.1757963874999e-02 -2.2995365880428e+00
5.1767963874999e-02 -1.7728310041642e+00
5.1777963874999e-02 -1.0939076144666e+00
5.1787963874999e-02 -8.2944912636087e-01
5.1797963874999e-02 3.9007761769871e-03
5.1807963874999e-02 7.5254838771972e-01
5.1817963874999e-02 1.3792346009078e+00
5.1827963874999e-02 1.8766558015962e+00
5.1837963874999e-02 2.4514991175103e+00
5.1847963874999e-02 3.2651747657056e+00
5.1857963874999e-02 3.9961570766353e+00
5.1867963874999e-02 4.9010131550204e+00
5.1877963874999e-02 5.4785246531790e+00
5.1887963874999e-02 5.9142128647986e+00
5.1897963874999e-02 6.0478336084803e+00
5.1907963874999e-02 6.5201471051234e+00
5.1917963874999e-02 6.6194490232383e+00
5.1927963874999e-02 6.5406849465684e+00
5.1937963874999e-02 7.2799844829567e+00
5.1947963874999e-02 7.8195905729837e+00
5.1957963874999e-02 8.1224926278943e+00
5.1967963874999e-02 8.1572712203493e+00
5.1977963874999e-02 8.2259289500987e+00
5.1987963874999e-02 8.9378093388841e+00
5.1997963874999e-02 9.1459477427416e+00
5.2007963874999e-02 1.0379127672379e+01
5.2017963874999e-02 1.1492636596277e+01
5.2027963874999e-02 1.2939162817844e+01
5.2037963874999e-02 1.3751190354582e+01
5.2047963874999e-02 1.4692385713152e+01
5.2057963874999e-02 1.5361323100552e+01
5.2067963874999e-02 1.6100985619539e+01
5.2077963874999e-02 1.6088293096277e+01
5.2087963874999e-02 1.5890135188821e+01
5.2097963874999e-02 1.5643418535615e+01
5.2107963874999e-02 1.4451833728274e+01
5.2117963874999e-02 1.3708052680546e+01
5.2127963874999e-02 1.3511479924610e+01
5.2137963874999e-02 1.2420355392016e+01
5.2147963874999e-02 1.1270162073377e+01
5.2157963874999e-02 1.0557346631977e+01
5.2167963874999e-02 9.6910570068758e+00
5.2177963874999e-02 8.9946481023032e+00
5.2187963874999e-02 7.7314388931828e+00
5.2197963874999e-02 7.1252816650297e+00
5.2207963874999e-02 6.6892398061796e+00
5.2217963874999e-02 5.5753162526414e+00
5.2227963874999e-02 4.7923969363174e+00
5.2237963874999e-02 4.0834553442278e+00
5.2247963874999e-02 2.6808660967497e+00
5.2257963874999e-02 1.6013761089474e+00
5.2267963874999e-02 1.2318547770722e+00
5.2277963874999e-02 5.3032032664682e-01
5.2287963874999e-02 3.5724796919203e-01
5.2297963874999e-02 -3.1061587698250e-01
5.2307963874999e-02 -7.8122942393274e-01
5.2317963874999e-02 -1.3953137402319e+00
5.2327963874999e-02 -2.4307833509209e+00
5.2337963874999e-02 -3.6994584010655e+00
5.2347963874999e-02 -4.3004673145964e+00
5.2357963874999e-02 -5.3220981182238e+00
5.2367963874999e-02 -6.3583349170604e+00
5.2377963874999e-02 -6.2789559936297e+00
5.2387963874999e-02 -7.2117947607731e+00
5.2397963874999e-02 -7.8278537308187e+00
5.2407963874999e-02 -8.6312401008430e+00
5.2417963874999e-02 -8.8469720213937e+00
5.2427963874999e-02 -8.9719233000005e+00
5.2437963874999e-02 -9.6784522865755e+00
5.2447963874999e-02 -1.0394788107322e+01
5.2457963874999e-02 -1.1204822261573e+01
5.2467963874999e-02 -1.1534317412542e+01
5.2477963874999e-02 -1.1078495015952e+01
5.2487963874999e-02 -1.1487909001672e+01
5.2497963874999e-02 -1.1899455295437e+01
5.2507963874999e-02 -1.1818841290050e+01
5.2517963874999e-02 -1.2546493454134e+01
5.2527963874999e-02 -1.2995266867578e+01
5.2537963874999e-02 -1.3801530724143e+01
5.2547963874999e-02 -1.3163357781121e+01
5.2557963874999e-02 -1.3739609067845e+01
5.2567963874999e-02 -1.3689069102839e+01
5.2577963874999e-02 -1.3481720890918e+01
5.2587963874999e-02 -1.4208235433242e+01
5.2597963874999e-02 -1.4006214669474e+01
5.2607963874999e-02 -1.3206430259204e+01
5.2617963874999e-02 -1.2813473721169e+01
5.2627963874999e-02 -1.3182294062221e+01
5.2637963874999e-02 -1.2722115593611e+01
5.2647963874999e-02 -1.2649765928869e+01
5.2657963874999e-02 -1.1897129739651e+01
5.2667963874999e-02 -1.1493987078064e+01
5.2677963874999e-02 -9.7212327723374e+00
5.2687963874999e-02 -8.0730114527758e+00
5.2697963874999e-02 -7.2513116030862e+00
5.2707963874999e-02 -6.9238220960974e+00
5.2717963874999e-02 -5.9830071898192e+00
5.2727963874999e-02 -5.2705313542791e+00
5.2737963874999e-02 -4.1154042426421e+00
5.2747963874999e-02 -2.8961906508977e+00
5.2757963874999e-02 -2.2850248523726e+00
5.2767963874999e-02 -6.9047699088179e-01
5.2777963874999e-02 3.0676806194440e-01
5.2787963874999e-02 1.9929978368568e-01
5.2797963874999e-02 9.4371700256504e-01
5.2807963874999e-02 2.3224642497715e+00
5.2817963874999e-02 2.8314054847460e+00
5.2827963874999e-02 3.4336150751697e+00
5.2837963874999e-02 3.9600979725594e+00
5.2847963874999e-02 4.4622107926025e+00
5.2857963874999e-02 4.6559027905825e+00
5.2867963874999e-02 5.3372575846137e+00
5.2877963874999e-02 5.8060259931468e+00
5.2887963874999e-02 6.2852246634372e+00
5.2897963874999e-02 6.4956349090984e+00
5.2907963874999e-02 7.0636719157655e+00
5.2917963874999e-02 7.6055088927373e+00
5.2927963874999e-02 8.2099233411906e+00
5.2937963874999e-02 9.2586471117951e+00
5.2947963874999e-02 1.0176308887381e+01
5.2957963874999e-02 1.1408154950239e+01
5.2967963874999e-02 1.3020181918296e+01
5.2977963874999e-02 1.4105603591387e+01
5.2987963874999e-02 1.4711228036490e+01
5.2997963874999e-02 1.5770253784164e+01
5.3007963874999e-02 1.6819875132701e+01
5.3017963874999e-02 1.7411003255303e+01
5.3027963874999e-02 1.7227788779017e+01
5.3037963874999e-02 1.7372624757486e+01
5.3047963874999e-02 1.7390843153035e+01
5.3057963874999e-02 1.6287698776866e+01
5.3067963874999e-02 1.6109514601140e+01
5.3077963874999e-02 1.4966575994010e+01
5.3087963874999e-02 1.3615773156103e+01
5.3097963874999e-02 1.2551186897861e+01
5.3107963874999e-02 1.1754795853737e+01
5.3117963874999e-02 1.0638837054437e+01
5.3127963874999e-02 9.5907305994404e+00
5.3137963874999e-02 1.0138702760556e+01
5.3147963874999e-02 9.8875568103115e+00
5.3157963874999e-02 9.1133862480824e+00
5.3167963874999e-02 6.0670253570754e+00
5.3177963874999e-02 6.7984919680138e+00
5.3187963874999e-02 9.7892294123550e+00
5.3197963874999e-02 7.4042513730664e+00
5.3207963874999e-02 4.0392641473263e+00
5.3217963874999e-02 8.9987227115439e+00
5.3227963874999e-02 4.6343233851124e+00
5.3237963874999e-02 1.3483131460280e+00
5.3247963874999e-02 4.6274383694802e+00
5.3257963874999e-02 4.1962550691468e+00
5.3267963874999e-02 9.5159951449595e-01
5.3277963874999e-02 2.1609711056478e+00
5.3287963874999e-02 1.0984028831055e+00
5.3297963874999e-02 -3.0263720788365e+00
5.3307963874999e-02 4.6888577778856e-01
5.3317963874999e-02 -2.8168927602975e+00
5.3327963874999e-02 -2.3915000832781e+00
5.3337963874999e-02 -1.8774928431623e+00
5.3347963874999e-02 -8.4796220931355e-01
5.3357963874999e-02 -4.8073138195601e+00
5.3367963874999e-02 -5.3525042876731e+00
5.3377963874999e-02 -5.5702087702296e+00
5.3387963874999e-02 -6.7846870340222e+00
5.3397963874999e-02 -6.6230712973524e+00
5.3407963874999e-02 -6.8493042494925e+00
5.3417963874999e-02 -6.7977759898611e+00
5.3427963874999e-02 -7.2803141510785e+00
5.3437963874999e-02 -6.6924898746704e+00
5.3447963874999e-02 -6.2097042208796e+00
5.3457963874999e-02 -5.8269134823299e+00
5.3467963874999e-02 -5.3639142836932e+00
5.3477963874999e-02 -5.6842524713729e+00
5.3487963874999e-02 -5.9587896966715e+00
5.3497963874999e-02 -6.5416614344682e+00
5.3507963874999e-02 -7.9250843687150e+00
5.3517963874999e-02 -8.6097580602933e+00
5.3527963874999e-02 -9.3728137235465e+00
5.3537963874999e-02 -1.0836350572792e+01
5.3547963874999e-02 -1.2251780750336e+01
5.3557963874999e-02 -1.3851272833657e+01
5.3567963874999e-02 -1.4955738685313e+01
5.3577963874999e-02 -1.5776214414201e+01
5.3587963874999e-02 -1.6953025150964e+01
5.3597963874999e-02 -1.6819328783223e+01
5.3607963874999e-02 -1.6952197166861e+01
5.3617963874999e-02 -1.7522139672273e+01
5.3627963874999e-02 -1.7399608760018e+01
5.3637963874999e-02 -1.6549250862328e+01
5.3647963874999e-02 -1.5417554480807e+01
5.3657963874999e-02 -1.4961150114999e+01
5.3667963874999e-02 -1.3549443460122e+01
5.3677963874999e-02 -1.2201309314968e+01
5.3687963874999e-02 -1.1071204264036e+01
5.3697963874999e-02 -9.5566924722877e+00
5.3707963874999e-02 -8.1824998541467e+00
5.3717963874999e-02 -6.8557383891678e+00
5.3727963874999e-02 -5.7205266191383e+00
5.3737963874999e-02 -4.3891562518820e+00
5.3747963874999e-02 -2.9935413845877e+00
5.3757963874999e-02 -1.8488533495167e+00
5.3767963874999e-02 -5.6950345726287e-01
5.3777963874999e-02 -7.2001979984736e-01
5.3787963874999e-02 -2.2751072367110e-01
5.3797963874999e-02 5.6513894247539e-01
5.3807963874999e-02 8.6346203067122e-01
5.3817963874999e-02 1.2334404849794e+00
5.3827963874999e-02 1.6252034981918e+00
5.3837963874999e-02 1.4374681450017e+00
5.3847963874999e-02 1.4756204238487e+00
5.3857963874999e-02 1.0936460546022e+00
5.3867963874999e-02 1.4842495866747e+00
5.3877963874999e-02 1.9427748469188e+00
5.3887963874999e-02 1.8574484264530e+00
5.3897963874999e-02 2.3338677891807e+00
5.3907963874999e-02 2.7388249381777e+00
5.3917963874999e-02 3.1516644883335e+00
5.3927963874999e-02 3.6735275218255e+00
5.3937963874999e-02 3.8250579953475e+00
5.3947963874999e-02 4.4462017365987e+00
5.3957963874999e-02 4.7570466775541e+00
5.3967963874999e-02 4.8960126056155e+00
5.3977963874999e-02 5.6709986927770e+00
5.3987963874999e-02 6.6713658820780e+00
5.3997963874999e-02 7.9265574533789e+00
5.4007963874999e-02 8.8546719858416e+00
5.4017963874999e-02 9.4001257210833e+00
5.4027963874999e-02 1.0775519736952e+01
5.4037963874999e-02 1.1785997881112e+01
5.4047963874999e-02 1.2718603766285e+01
5.4057963874999e-02 1.3345994196159e+01
5.4067963874999e-02 1.3634002971282e+01
5.4077963874999e-02 1.3226069056472e+01
5.4087963874999e-02 1.3180514874675e+01
5.4097963874999e-02 1.2804567146310e+01
5.4107963874999e-02 1.2886971461427e+01
5.4117963874999e-02 1.2381827981583e+01
5.4127963874999e-02 1.2075918504610e+01
5.4137963874999e-02 1.2551557785674e+01
5.4147963874999e-02 1.2613325902419e+01
5.4157963874999e-02 1.2464934990212e+01
5.4167963874999e-02 1.2542842369542e+01
5.4177963874999e-02 1.2511448599974e+01
5.4187963874999e-02 1.1989780961719e+01
5.4197963874999e-02 1.1579264006454e+01
5.4207963874999e-02 1.1691817243996e+01
5.4217963874999e-02 1.0827137359227e+01
5.4227963874999e-02 1.0162546313652e+01
5.4237963874999e-02 1.0189818385927e+01
5.4247963874999e-02 9.9212652473144e+00
5.4257963874999e-02 8.9348063259927e+00
5.4267963874999e-02 7.9621073771936e+00
5.4277963874999e-02 7.4878945074445e+00
5.4287963874999e-02 6.6507097344613e+00
5.4297963874999e-02 6.6315291505695e+00
5.4307963874999e-02 6.5579748177717e+00
5.4317963874999e-02 5.6554174914674e+00
5.4327963874999e-02 5.4163312987800e+00
5.4337963874999e-02 4.9091457813105e+00
5.4347963874999e-02 4.5365336711032e+00
5.4357963874999e-02 3.7135670985273e+00
5.4367963874999e-02 3.2068574895104e+00
5.4377963874999e-02 2.5943988739437e+00
5.4387963874999e-02 1.5037147037491e+00
5.4397963874999e-02 1.1175900459712e+00
5.4407963874999e-02 -2.2662822406983e-01
5.4417963874999e-02 -6.4426085618852e-01
5.4427963874999e-02 -7.8494437996820e-01
5.4437963874999e-02 -1.6249681844307e+00
5.4447963874999e-02 -1.9184181160406e+00
5.4457963874999e-02 -1.8581832856717e+00
5.4467963874999e-02 -2.4977675055446e+00
5.4477963874999e-02 -3.0498849474951e+00
5.4487963874999e-02 -3.4564981975978e+00
5.4497963874999e-02 -3.7995697487296e+00
5.4507963874999e-02 -4.1782552644998e+00
5.4517963874999e-02 -4.8334701784226e+00
5.4527963874999e-02 -5.3675993317976e+00
5.4537963874999e-02 -5.5890813370223e+00
5.4547963874999e-02 -5.2333525809282e+00
5.4557963874999e-02 -5.3581657065734e+00
5.4567963874999e-02 -5.4413349002235e+00
5.4577963874999e-02 -5.0135327251447e+00
5.4587963874999e-02 -5.3734755719251e+00
5.4597963874999e-02 -5.3128866504735e+00
5.4607963874999e-02 -5.9204398242838e+00
5.4617963874999e-02 -6.1085521717824e+00
5.4627963874999e-02 -6.4199553976349e+00
5.4637963874999e-02 -7.2375757690725e+00
5.4647963874999e-02 -7.8023828071409e+00
5.4657963874999e-02 -8.6350482399659e+00
5.4667963874999e-02 -9.9885114550592e+00
5.4677963874999e-02 -1.1826068684538e+01
5.4687963874999e-02 -1.2522034321142e+01
5.4697963874999e-02 -1.3869312040572e+01
5.4707963874999e-02 -1.4755224587853e+01
5.4717963874999e-02 -1.5312476618871e+01
5.4727963874999e-02 -1.5445028734255e+01
5.4737963874999e-02 -1.6142239492205e+01
5.4747963874999e-02 -1.6723842633515e+01
5.4757963874999e-02 -1.6733679922159e+01
5.4767963874999e-02 -1.6342158467243e+01
5.4777963874999e-02 -1.5870376049802e+01
5.4787963874999e-02 -1.5821136037291e+01
5.4797963874999e-02 -1.5013820021944e+01
5.4807963874999e-02 -1.4401736332544e+01
5.4817963874999e-02 -1.2878971420599e+01
5.4827963874999e-02 -1.1278759057507e+01
5.4837963874999e-02 -9.8049395214377e+00
5.4847963874999e-02 -8.4995809771590e+00
5.4857963874999e-02 -7.1170966017530e+00
5.4867963874999e-02 -5.6782326465118e+00
5.4877963874999e-02 -3.6085057154985e+00
5.4887963874999e-02 -2.5499142848613e+00
5.4897963874999e-02 -1.8500125417124e+00
5.4907963874999e-02 -8.5579839286916e-01
5.4917963874999e-02 -7.1478764027703e-03
5.4927963874999e-02 1.2258229214918e+00
5.4937963874999e-02 2.3797580930010e+00
5.4947963874999e-02 3.0495935778199e+00
5.4957963874999e-02 2.9776630217393e+00
5.4967963874999e-02 3.2559968364145e+00
5.4977963874999e-02 4.0452449018659e+00
5.4987963874999e-02 4.5559360061132e+00
5.4997963874999e-02 5.2915257867122e+00
5.5007963874999e-02 5.3655577229549e+00
5.5017963874999e-02 5.5652506909421e+00
5.5027963874999e-02 6.5106072740425e+00
5.5037963874999e-02 6.8334299299076e+00
5.5047963874999e-02 7.0110255169210e+00
5.5057963874999e-02 7.3287344015604e+00
5.5067963874999e-02 7.5376604517843e+00
5.5077963874999e-02 7.5232756557967e+00
5.5087963874999e-02 7.9337619238326e+00
5.5097963874999e-02 7.7045229239382e+00
5.5107963874999e-02 7.3680035987044e+00
5.5117963874999e-02 7.2644226605065e+00
5.5127963874999e-02 7.6595891886236e+00
5.5137963874999e-02 7.6186466138059e+00
5.5147963874999e-02 8.1490606774451e+00
5.5157963874999e-02 8.6180044769324e+00
5.5167963874999e-02 9.2350958653782e+00
5.5177963874999e-02 9.9685296419246e+00
5.5187963874999e-02 1.0791106051354e+01
5.5197963874999e-02 1.1381910893676e+01
5.5207963874999e-02 1.2132487828914e+01
5.5217963874999e-02 1.3001746976187e+01
5.5227963874999e-02 1.2814348572618e+01
5.5237963874999e-02 1.2616563790415e+01
5.5247963874999e-02 1.2934678998750e+01
5.5257963874999e-02 1.2782382737379e+01
5.5267963874999e-02 1.2897050868775e+01
5.5277963874999e-02 1.2397527641026e+01
5.5287963874999e-02 1.2341756280112e+01
5.5297963874999e-02 1.2751137924656e+01
5.5307963874999e-02 1.1488316444952e+01
5.5317963874999e-02 1.0751761758370e+01
5.5327963874999e-02 1.0695564965288e+01
5.5337963874999e-02 1.0061076099942e+01
5.5347963874999e-02 9.3690193038317e+00
5.5357963874999e-02 8.3738980969611e+00
5.5367963874999e-02 8.1696608077022e+00
5.5377963874999e-02 7.2948642635057e+00
5.5387963874999e-02 6.4834940409874e+00
5.5397963874999e-02 5.5597193957363e+00
5.5407963874999e-02 4.8875468152152e+00
5.5417963874999e-02 4.2257959367628e+00
5.5427963874999e-02 3.4376124496345e+00
5.5437963874999e-02 3.0198928599317e+00
5.5447963874999e-02 2.7821973489889e+00
5.5457963874999e-02 2.3770665291874e+00
5.5467963874999e-02 1.4728952521292e+00
5.5477963874999e-02 1.2138772925134e+00
5.5487963874999e-02 9.7470411410773e-01
5.5497963874999e-02 3.8419670739419e-01
5.5507963874999e-02 -8.2628679771275e-01
5.5517963874999e-02 -1.4380206586371e+00
5.5527963874999e-02 -2.8665058700706e+00
5.5537963874999e-02 -3.8163302214373e+00
5.5547963874999e-02 -3.5016285234136e+00
5.5557963874999e-02 -4.1190295068171e+00
5.5567963874999e-02 -4.8322956753809e+00
5.5577963874999e-02 -4.7660989250477e+00
5.5587963874999e-02 -5.4938683389303e+00
5.5597963874999e-02 -5.8535416580629e+00
5.5607963874999e-02 -6.4011994270958e+00
5.5617963874999e-02 -6.9571429433425e+00
5.5627963874999e-02 -7.2447477104790e+00
5.5637963874999e-02 -7.7782107601084e+00
5.5647963874999e-02 -7.9051092032217e+00
5.5657963874999e-02 -7.6639616680641e+00
5.5667963874999e-02 -7.3614277134479e+00
5.5677963874999e-02 -7.6706616524709e+00
5.5687963874999e-02 -7.8312794810036e+00
5.5697963874999e-02 -7.5248772707856e+00
5.5707963874999e-02 -7.1320202020869e+00
5.5717963874999e-02 -8.0743695164559e+00
5.5727963874999e-02 -7.8184104593200e+00
5.5737963874999e-02 -7.7153574653834e+00
5.5747963874999e-02 -8.0385223535849e+00
5.5757963874999e-02 -9.4660016029675e+00
5.5767963874999e-02 -1.0166765148555e+01
5.5777963874999e-02 -1.1237880705057e+01
5.5787963874999e-02 -1.3434929623268e+01
5.5797963874999e-02 -1.4029482305817e+01
5.5807963874999e-02 -1.4863782614366e+01
5.5817963874999e-02 -1.5057830214684e+01
5.5827963874999e-02 -1.5521383715382e+01
5.5837963874999e-02 -1.5400575446230e+01
5.5847963874999e-02 -1.5246150884417e+01
5.5857963874999e-02 -1.5478696714009e+01
5.5867963874999e-02 -1.5797103221493e+01
5.5877963874999e-02 -1.4479415546684e+01
5.5887963874999e-02 -1.4496215508604e+01
5.5897963874999e-02 -1.4272147065883e+01
5.5907963874999e-02 -1.3002042456073e+01
5.5917963874999e-02 -1.2512311407531e+01
5.5927963874999e-02 -1.2023260116217e+01
5.5937963874999e-02 -1.0424674367849e+01
5.5947963874999e-02 -9.3419450351428e+00
5.5957963874999e-02 -7.6174694954172e+00
5.5967963874999e-02 -7.4435468055757e+00
5.5977963874999e-02 -7.2696057554942e+00
5.5987963874999e-02 -6.4443566389363e+00
5.5997963874999e-02 -5.2575358226292e+00
5.6007963874999e-02 -4.7069479178712e+00
5.6017963874999e-02 -4.1672670895862e+00
5.6027963874999e-02 -3.7752331873701e+00
5.6037963874999e-02 -3.7951835997150e+00
5.6047963874999e-02 -2.7798882647954e+00
5.6057963874999e-02 -2.5242761001247e+00
5.6067963874999e-02 -2.6952466206863e+00
5.6077963874999e-02 -2.3172460489314e+00
5.6087963874999e-02 -2.2567302511355e+00
5.6097963874999e-02 -1.9982195470747e+00
5.6107963874999e-02 -1.8085817635720e+00
5.6117963874999e-02 -1.5573962108750e+00
5.6127963874999e-02 -1.5407878830181e+00
5.6137963874999e-02 -8.8528282819034e-01
5.6147963874999e-02 -3.1068429321966e-01
5.6157963874999e-02 6.1680320321501e-02
5.6167963874999e-02 1.6160947975487e-01
5.6177963874999e-02 4.8459321853317e-01
5.6187963874999e-02 8.5701155487803e-01
5.6197963874999e-02 1.1364737919017e+00
5.6207963874999e-02 1.4762544267350e+00
5.6217963874999e-02 2.1210212383445e+00
5.6227963874999e-02 2.5857753298948e+00
5.6237963874999e-02 3.0184410606390e+00
5.6247963874999e-02 3.4117504072268e+00
5.6257963874999e-02 4.1171313588203e+00
5.6267963874999e-02 4.7179582242514e+00
5.6277963874999e-02 4.8737243871361e+00
5.6287963874999e-02 5.0968324670630e+00
5.6297963874999e-02 6.2626658691964e+00
5.6307963874999e-02 6.8812743344093e+00
5.6317963874999e-02 7.0498787249959e+00
5.6327963874999e-02 6.7577136125497e+00
5.6337963874999e-02 6.8905071975177e+00
5.6347963874999e-02 6.4507730465558e+00
5.6357963874999e-02 6.1365585146097e+00
5.6367963874999e-02 6.1264122447424e+00
5.6377963874999e-02 5.7244282522881e+00
5.6387963874999e-02 6.2135629736824e+00
5.6397963874999e-02 6.2421289467923e+00
5.6407963874999e-02 6.0859917161729e+00
5.6417963874999e-02 6.6763449064021e+00
5.6427963874999e-02 7.4148744237768e+00
5.6437963874999e-02 8.1750399075188e+00
5.6447963874999e-02 8.9486108362657e+00
5.6457963874999e-02 9.9076261079127e+00
5.6467963874999e-02 1.1559954593247e+01
5.6477963874999e-02 1.3030078946740e+01
5.6487963874999e-02 1.4458764823560e+01
5.6497963874999e-02 1.5584944273280e+01
5.6507963874999e-02 1.6370332944678e+01
5.6517963874999e-02 1.7338828981434e+01
5.6527963874999e-02 1.7486548073531e+01
5.6537963874999e-02 1.6849931711320e+01
5.6547963874999e-02 1.6346805860697e+01
5.6557963874999e-02 1.6539214948509e+01
5.6567963874999e-02 1.6389596238559e+01
5.6577963874999e-02 1.5748360057591e+01
5.6587963874999e-02 1.5587049862262e+01
5.6597963874999e-02 1.5514760605565e+01
5.6607963874999e-02 1.4821830335947e+01
5.6617963874999e-02 1.3286328631552e+01
5.6627963874999e-02 1.2214019839097e+01
5.6637963874999e-02 1.1194866972136e+01
5.6647963874999e-02 1.0061606861738e+01
5.6657963874999e-02 9.4132546970141e+00
5.6667963874999e-02 8.6056529485316e+00
5.6677963874999e-02 7.3908834409871e+00
5.6687963874999e-02 6.3685665220505e+00
5.6697963874999e-02 6.0679872212011e+00
5.6707963874999e-02 5.6753373855640e+00
5.6717963874999e-02 4.7493991322624e+00
5.6727963874999e-02 3.7167133980190e+00
5.6737963874999e-02 2.8514304917436e+00
5.6747963874999e-02 2.1031715065255e+00
5.6757963874999e-02 1.1789187867809e+00
5.6767963874999e-02 7.4247686071802e-01
5.6777963874999e-02 -4.9934825209613e-02
5.6787963874999e-02 -1.5774567411325e+00
5.6797963874999e-02 -2.7335402913656e+00
5.6807963874999e-02 -2.5741422127286e+00
5.6817963874999e-02 -3.5266965913284e+00
5.6827963874999e-02 -4.1769622484814e+00
5.6837963874999e-02 -4.3847630869501e+00
5.6847963874999e-02 -5.0481039093674e+00
5.6857963874999e-02 -6.0287990477578e+00
5.6867963874999e-02 -6.5954784267241e+00
5.6877963874999e-02 -7.4737210337511e+00
5.6887963874999e-02 -8.3504397545195e+00
5.6897963874999e-02 -8.8913665392278e+00
5.6907963874999e-02 -1.0292453730628e+01
5.6917963874999e-02 -1.0612490102130e+01
5.6927963874999e-02 -1.1556779919572e+01
5.6937963874999e-02 -1.1938018474236e+01
5.6947963874999e-02 -1.2767046620882e+01
5.6957963874999e-02 -1.2944510571729e+01
5.6967963874999e-02 -1.3143453717493e+01
5.6977963874999e-02 -1.3288773525985e+01
5.6987963874999e-02 -1.3150892076161e+01
5.6997963874999e-02 -1.3072394757867e+01
5.7007963874999e-02 -1.2851679473071e+01
5.7017963874999e-02 -1.3595465367210e+01
5.7027963874999e-02 -1.3497246445983e+01
5.7037963874999e-02 -1.2344134078249e+01
5.7047963874999e-02 -1.2545200021933e+01
5.7057963874999e-02 -1.2685572851267e+01
5.7067963874999e-02 -1.3981228055251e+01
5.7077963874999e-02 -1.4110570766196e+01
5.7087963874999e-02 -1.3544002880179e+01
5.7097963874999e-02 -1.5109936861172e+01
5.7107963874999e-02 -1.5236416580398e+01
5.7117963874999e-02 -1.5610670250240e+01
5.7127963874999e-02 -1.5743172635753e+01
5.7137963874999e-02 -1.5297431288804e+01
5.7147963874999e-02 -1.3676041380296e+01
5.7157963874999e-02 -1.3067492637959e+01
5.7167963874999e-02 -1.2709053122121e+01
5.7177963874999e-02 -1.1315972354378e+01
5.7187963874999e-02 -1.0003460908309e+01
5.7197963874999e-02 -8.6935295737772e+00
5.7207963874999e-02 -8.1051834608761e+00
5.7217963874999e-02 -6.7979670422753e+00
5.7227963874999e-02 -4.8672764111680e+00
5.7237963874999e-02 -3.6940605026509e+00
5.7247963874999e-02 -2.5486044639279e+00
5.7257963874999e-02 -1.9863454789266e+00
5.7267963874999e-02 -1.3559348306252e+00
5.7277963874999e-02 -5.8651752053865e-01
5.7287963874999e-02 2.3091866801581e-01
5.7297963874999e-02 4.1523174609197e-01
5.7307963874999e-02 1.5152865003169e+00
5.7317963874999e-02 2.6059742852088e+00
5.7327963874999e-02 3.6803089381987e+00
5.7337963874999e-02 4.3657599126657e+00
5.7347963874999e-02 4.6042209450974e+00
5.7357963874999e-02 5.3371026112935e+00
5.7367963874999e-02 5.6844088746908e+00
5.7377963874999e-02 6.4240668260291e+00
5.7387963874999e-02 6.6958521352738e+00
5.7397963874999e-02 6.9802256937153e+00
5.7407963874999e-02 7.4001955976179e+00
5.7417963874999e-02 8.1023747344235e+00
5.7427963874999e-02 8.7921302401754e+00
5.7437963874999e-02 9.2209331759924e+00
5.7447963874999e-02 9.8551103926413e+00
5.7457963874999e-02 1.0555028805669e+01
5.7467963874999e-02 1.1397525674337e+01
5.7477963874999e-02 1.2405432406431e+01
5.7487963874999e-02 1.4311531875623e+01
5.7497963874999e-02 1.5548407118435e+01
5.7507963874999e-02 1.6664746721665e+01
5.7517963874999e-02 1.7633768675856e+01
5.7527963874999e-02 1.9164444665495e+01
5.7537963874999e-02 1.9218382175202e+01
5.7547963874999e-02 1.9734752728615e+01
5.7557963874999e-02 1.9298917388290e+01
5.7567963874999e-02 1.8734894587924e+01
5.7577963874999e-02 1.7144291592117e+01
5.7587963874999e-02 1.5986937091957e+01
5.7597963874999e-02 1.5487911389950e+01
5.7607963874999e-02 1.3750980819405e+01
5.7617963874999e-02 1.1556779967500e+01
5.7627963874999e-02 1.2161277863435e+01
5.7637963874999e-02 1.1368171266545e+01
5.7647963874999e-02 9.8248631073677e+00
5.7657963874999e-02 1.1930100325336e+01
5.7667963874999e-02 9.7934859276199e+00
5.7677963874999e-02 8.7881940867489e+00
5.7687963874999e-02 8.3819124192320e+00
5.7697963874999e-02 6.5377414251892e+00
5.7707963874999e-02 3.2714133824013e+00
5.7717963874999e-02 4.3720700676418e+00
5.7727963874999e-02 2.0678804770547e+00
5.7737963874999e-02 1.9986278274925e+00
5.7747963874999e-02 3.6051233600592e+00
5.7757963874999e-02 1.4918297620449e+00
5.7767963874999e-02 4.9770861828918e-01
5.7777963874999e-02 -1.0367789632449e+00
5.7787963874999e-02 -3.5869648111064e+00
5.7797963874999e-02 -4.7695466609475e+00
5.7807963874999e-02 -4.8012133115894e+00
5.7817963874999e-02 -5.5403933118508e+00
5.7827963874999e-02 -5.9599893014456e+00
5.7837963874999e-02 -6.8815176351910e+00
5.7847963874999e-02 -7.3411581406945e+00
5.7857963874999e-02 -8.7501374803121e+00
5.7867963874999e-02 -9.6169850681363e+00
5.7877963874999e-02 -1.0465854081767e+01
5.7887963874999e-02 -1.1119895537150e+01
5.7897963874999e-02 -1.1595443989187e+01
5.7907963874999e-02 -1.2003137074725e+01
5.7917963874999e-02 -1.2908190443355e+01
5.7927963874999e-02 -1.3526810503883e+01
5.7937963874999e-02 -1.3783620557551e+01
5.7947963874999e-02 -1.3563692465999e+01
5.7957963874999e-02 -1.3532433269035e+01
5.7967963874999e-02 -1.3550643219433e+01
5.7977963874999e-02 -1.3988643915944e+01
5.7987963874999e-02 -1.4088592513038e+01
5.7997963874999e-02 -1.4329476448597e+01
5.8007963874999e-02 -1.4977760192282e+01
5.8017963874999e-02 -1.5223977255349e+01
5.8027963874999e-02 -1.4784949924371e+01
5.8037963874999e-02 -1.5312780279329e+01
5.8047963874999e-02 -1.5671275188205e+01
5.8057963874999e-02 -1.5493685999887e+01
5.8067963874999e-02 -1.5554946239832e+01
5.8077963874999e-02 -1.5629873040273e+01
5.8087963874999e-02 -1.4681291435525e+01
5.8097963874999e-02 -1.4021897172154e+01
5.8107963874999e-02 -1.3362007841724e+01
5.8117963874999e-02 -1.2011427382653e+01
5.8127963874999e-02 -1.1351674018707e+01
5.8137963874999e-02 -9.9494008543785e+00
5.8147963874999e-02 -8.5134456361883e+00
5.8157963874999e-02 -7.3603508632786e+00
5.8167963874999e-02 -6.3343792495990e+00
5.8177963874999e-02 -5.7610060061626e+00
5.8187963874999e-02 -4.4878372624103e+00
5.8197963874999e-02 -3.4650174895029e+00
5.8207963874999e-02 -1.9251913486632e+00
5.8217963874999e-02 -5.5191342682888e-01
5.8227963874999e-02 7.7540761560265e-01
5.8237963874999e-02 1.1537450493409e+00
5.8247963874999e-02 2.2889437215675e+00
5.8257963874999e-02 2.8616726940622e+00
5.8267963874999e-02 3.6908809958288e+00
5.8277963874999e-02 4.5684183589249e+00
5.8287963874999e-02 5.4791695053134e+00
5.8297963874999e-02 6.2742361399019e+00
5.8307963874999e-02 7.0780828509265e+00
5.8317963874999e-02 7.6067385169516e+00
5.8327963874999e-02 8.2544020995927e+00
5.8337963874999e-02 8.5730421372718e+00
5.8347963874999e-02 9.5459080853868e+00
5.8357963874999e-02 1.0465742383235e+01
5.8367963874999e-02 1.1277547709946e+01
5.8377963874999e-02 1.2536848625514e+01
5.8387963874999e-02 1.3851171989632e+01
5.8397963874999e-02 1.4689628242264e+01
5.8407963874999e-02 1.5857254920535e+01
5.8417963874999e-02 1.6992599832972e+01
5.8427963874999e-02 1.7307243305880e+01
5.8437963874999e-02 1.7288868930441e+01
5.8447963874999e-02 1.8103887695672e+01
5.8457963874999e-02 1.8426946052820e+01
5.8467963874999e-02 1.7830525318770e+01
5.8477963874999e-02 1.6977499069319e+01
5.8487963874999e-02 1.6358371511178e+01
5.8497963874999e-02 1.5800489574574e+01
5.8507963874999e-02 1.4571320633354e+01
5.8517963874999e-02 1.3797608969469e+01
5.8527963874999e-02 1.3936633169289e+01
5.8537963874999e-02 1.2501925502760e+01
5.8547963874999e-02 1.1971419021221e+01
5.8557963874999e-02 1.0948035904479e+01
5.8567963874999e-02 9.7557398705754e+00
5.8577963874999e-02 8.8069115338000e+00
5.8587963874999e-02 7.8805784886292e+00
5.8597963874999e-02 6.9015589321765e+00
5.8607963874999e-02 5.8145203839940e+00
5.8617963874999e-02 4.7350664968132e+00
5.8627963874999e-02 2.6307959729382e+00
5.8637963874999e-02 1.4152358542078e+00
5.8647963874999e-02 8.9704387775921e-01
5.8657963874999e-02 2.2619292638815e-01
5.8667963874999e-02 -6.9079859458481e-01
5.8677963874999e-02 -1.6590743506242e+00
5.8687963874999e-02 -2.9583501004128e+00
5.8697963874999e-02 -4.0163884887767e+00
5.8707963874999e-02 -4.3042196703673e+00
5.8717963874999e-02 -4.8510424615828e+00
5.8727963874999e-02 -5.0906754598872e+00
5.8737963874999e-02 -5.2044563938467e+00
5.8747963874999e-02 -5.5853222443449e+00
5.8757963874999e-02 -5.9821641281294e+00
5.8767963874999e-02 -6.4030295231742e+00
5.8777963874999e-02 -6.9929170457885e+00
5.8787963874999e-02 -7.6130166821674e+00
5.8797963874999e-02 -8.2024132389529e+00
5.8807963874999e-02 -8.7086451087763e+00
5.8817963874999e-02 -8.9318885701905e+00
5.8827963874999e-02 -9.0055260209900e+00
5.8837963874999e-02 -9.8009380287418e+00
5.8847963874999e-02 -9.9764730304658e+00
5.8857963874999e-02 -9.4229810660430e+00
5.8867963874999e-02 -9.5377863921558e+00
5.8877963874999e-02 -9.6341272796579e+00
5.8887963874999e-02 -9.6478591423674e+00
5.8897963874999e-02 -9.7871415323528e+00
5.8907963874999e-02 -1.0096632393335e+01
5.8917963874999e-02 -1.1711760445063e+01
5.8927963874999e-02 -1.2103497309537e+01
5.8937963874999e-02 -1.2405991044320e+01
5.8947963874999e-02 -1.3618121291063e+01
5.8957963874999e-02 -1.4977283288197e+01
5.8967963874999e-02 -1.5799073322726e+01
5.8977963874999e-02 -1.5091199412597e+01
5.8987963874999e-02 -1.5811504949587e+01
5.8997963874999e-02 -1.5222673278451e+01
5.9007963874999e-02 -1.5034726817189e+01
5.9017963874999e-02 -1.5873480159984e+01
5.9027963874999e-02 -1.4634616167625e+01
5.9037963874999e-02 -1.3382689821196e+01
5.9047963874999e-02 -1.2132345722684e+01
5.9057963874999e-02 -1.0771237495157e+01
5.9067963874999e-02 -9.1899247932718e+00
5.9077963874999e-02 -7.2868752666111e+00
5.9087963874999e-02 -6.0004733196448e+00
5.9097963874999e-02 -4.5817233994181e+00
5.9107963874999e-02 -3.1020048003372e+00
5.9117963874999e-02 -2.1269658571795e+00
5.9127963874999e-02 -1.1615629264719e+00
5.9137963874999e-02 -3.3422590982564e-01
5.9147963874999e-02 3.7806494965733e-01
5.9157963874999e-02 1.5153658670711e+00
5.9167963874999e-02 2.6470631550903e+00
5.9177963874999e-02 3.1117851779382e+00
5.9187963874999e-02 3.1819161666255e+00
5.9197963874999e-02 4.0139808428385e+00
5.9207963874999e-02 4.9777638080611e+00
5.9217963874999e-02 5.1520834359527e+00
5.9227963874999e-02 5.7411151094985e+00
5.9237963874999e-02 6.3155399148972e+00
5.9247963874999e-02 6.6418276783067e+00
5.9257963874999e-02 7.1059394102534e+00
5.9267963874999e-02 7.7045877374976e+00
5.9277963874999e-02 8.3370811920099e+00
5.9287963874999e-02 8.5845063770536e+00
5.9297963874999e-02 8.7774274488642e+00
5.9307963874999e-02 9.3192824111281e+00
5.9317963874999e-02 9.4290281434359e+00
5.9327963874999e-02 9.5068760616563e+00
5.9337963874999e-02 1.0277460656558e+01
5.9347963874999e-02 1.1157417526348e+01
5.9357963874999e-02 1.1035524573441e+01
5.9367963874999e-02 1.1381544827551e+01
5.9377963874999e-02 1.1861580493074e+01
5.9387963874999e-02 1.1786262447856e+01
5.9397963874999e-02 1.1905758076460e+01
5.9407963874999e-02 1.2502964055527e+01
5.9417963874999e-02 1.3201798206357e+01
5.9427963874999e-02 1.3096540356844e+01
5.9437963874999e-02 1.3758809018921e+01
5.9447963874999e-02 1.3894986046153e+01
5.9457963874999e-02 1.4252985354219e+01
5.9467963874999e-02 1.4340339749397e+01
5.9477963874999e-02 1.4074529985845e+01
5.9487963874999e-02 1.3833287978846e+01
5.9497963874999e-02 1.3859031587056e+01
5.9507963874999e-02 1.2966183470665e+01
5.9517963874999e-02 1.1354210722103e+01
5.9527963874999e-02 1.0684692711985e+01
5.9537963874999e-02 9.7340066191116e+00
5.9547963874999e-02 9.8962816385634e+00
5.9557963874999e-02 8.6339580583348e+00
5.9567963874999e-02 8.5415406966414e+00
5.9577963874999e-02 7.5829513673032e+00
5.9587963874999e-02 6.8202730300861e+00
5.9597963874999e-02 5.9284356646624e+00
5.9607963874999e-02 5.8952383459960e+00
5.9617963874999e-02 5.0305566647204e+00
5.9627963874999e-02 4.6780760933032e+00
5.9637963874999e-02 4.1367590543885e+00
5.9647963874999e-02 3.4950288413651e+00
5.9657963874999e-02 3.2934174029494e+00
5.9667963874999e-02 2.6716507993961e+00
5.9677963874999e-02 2.5084081731327e+00
5.9687963874999e-02 2.3757327620681e+00
5.9697963874999e-02 2.2049255843383e+00
5.9707963874999e-02 2.1858175972086e+00
5.9717963874999e-02 2.0175909827760e+00
5.9727963874999e-02 1.6605131275975e+00
5.9737963874999e-02 1.6034539876474e+00
5.9747963874999e-02 1.4744396649011e+00
5.9757963874999e-02 1.5002905496091e+00
5.9767963874999e-02 1.2870854518602e+00
5.9777963874999e-02 1.2567464563946e+00
5.9787963874999e-02 7.8061023831144e-01
5.9797963874999e-02 9.8006476867968e-01
5.9807963874999e-02 1.1851968545345e+00
5.9817963874999e-02 1.1640651035894e+00
5.9827963874999e-02 1.3904575942960e+00
5.9837963874999e-02 1.6870652650264e+00
5.9847963874999e-02 2.1956214795309e+00
5.9857963874999e-02 1.9940022773678e+00
5.9867963874999e-02 1.4100104243445e+00
5.9877963874999e-02 1.4563610640626e+00
5.9887963874999e-02 2.7029749024529e+00
5.9897963874999e-02 3.0665033620052e+00
5.9907963874999e-02 4.1844005512117e+00
5.9917963874999e-02 4.8255673246972e+00
5.9927963874999e-02 3.5699788651463e+00
5.9937963874999e-02 1.0309588323133e+00
5.9947963874999e-02 -4.4036421092027e-01
5.9957963874999e-02 -2.3133230404079e+00
5.9967963874999e-02 -3.6104486389882e+00
5.9977963874999e-02 -4.4301985912972e+00
5.9987963874999e-02 -5.4507290088586e+00
5.9997963874999e-02 -6.1448604165815e+00
6.0007963874999e-02 -7.1107792157236e+00
6.0017963874999e-02 -8.5276939050180e+00
6.0027963874999e-02 -9.4072171311238e+00
6.0037963874999e-02 -9.3915150232859e+00
6.0047963874999e-02 -1.0464198906549e+01
6.0057963874999e-02 -1.1804630009646e+01
6.0067963874999e-02 -1.2182444857371e+01
6.0077963874999e-02 -1.2741035165653e+01
6.0087963874999e-02 -1.3237613593033e+01
6.0097963874999e-02 -1.3472359661728e+01
6.0107963874999e-02 -1.3292210457808e+01
6.0117963874999e-02 -1.3203358240498e+01
6.0127963874999e-02 -1.1949778598191e+01
6.0137963874999e-02 -1.0387391844551e+01
6.0147963874999e-02 -1.0235780401727e+01
6.0157963874999e-02 -8.8871541560692e+00
6.0167963874999e-02 -7.3303727169371e+00
6.0177963874999e-02 -5.9903047450963e+00
6.0187963874999e-02 -4.5424812685708e+00
6.0197963874999e-02 -3.9922733376680e+00
6.0207963874999e-02 -3.7063793404353e+00
6.0217963874999e-02 -3.8178959541317e+00
6.0227963874999e-02 -4.4293676348681e+00
6.0237963874999e-02 -5.0477993942122e+00
6.0247963874999e-02 -6.1125718079410e+00
6.0257963874999e-02 -7.5783696886833e+00
6.0267963874999e-02 -9.4595979294628e+00
6.0277963874999e-02 -1.2131388269646e+01
6.0287963874999e-02 -1.2692101495650e+01
6.0297963874999e-02 -1.3243475295792e+01
6.0307963874999e-02 -1.4136561377239e+01
6.0317963874999e-02 -1.4719810246671e+01
6.0327963874999e-02 -1.3696651582176e+01
6.0337963874999e-02 -1.4244433725719e+01
6.0347963874999e-02 -1.4693804599829e+01
6.0357963874999e-02 -1.6141898148751e+01
6.0367963874999e-02 -1.4814001943231e+01
6.0377963874999e-02 -1.5912106921514e+01
6.0387963874999e-02 -1.7102118171448e+01
6.0397963874999e-02 -1.3848003435029e+01
6.0407963874999e-02 -9.6535226949924e+00
6.0417963874999e-02 -1.0791070619319e+01
6.0427963874999e-02 -7.9835142531885e+00
6.0437963874999e-02 -6.9413644808297e+00
6.0447963874999e-02 -8.2757775261460e+00
6.0457963874999e-02 -7.5766953199356e+00
6.0467963874999e-02 -5.9732347717045e+00
6.0477963874999e-02 -5.1919432996983e+00
6.0487963874999e-02 -4.4450695695906e+00
6.0497963874999e-02 -2.8961939508875e+00
6.0507963874999e-02 -2.3136083105050e+00
6.0517963874999e-02 -1.8248473889651e+00
6.0527963874999e-02 -1.4302838783707e+00
6.0537963874999e-02 -7.7831552869268e-01
6.0547963874999e-02 1.7063769250062e-01
6.0557963874999e-02 5.4556090078672e-01
6.0567963874999e-02 8.5715986128740e-01
6.0577963874999e-02 1.4891952512721e+00
6.0587963874999e-02 1.7956425309099e+00
6.0597963874999e-02 1.8378949859964e+00
6.0607963874999e-02 2.7401521548676e+00
6.0617963874999e-02 3.2362689832103e+00
6.0627963874999e-02 3.3257177570394e+00
6.0637963874999e-02 3.3517404616989e+00
6.0647963874999e-02 3.8984485998852e+00
6.0657963874999e-02 4.6295754259290e+00
6.0667963874999e-02 5.3893819641856e+00
6.0677963874999e-02 5.8991560681288e+00
6.0687963874999e-02 6.8409882711702e+00
6.0697963874999e-02 7.3604593508060e+00
6.0707963874999e-02 8.1586761474703e+00
6.0717963874999e-02 9.1218223514522e+00
6.0727963874999e-02 9.8556034646249e+00
6.0737963874999e-02 1.0743650597964e+01
6.0747963874999e-02 1.1314963233213e+01
6.0757963874999e-02 1.2540832442672e+01
6.0767963874999e-02 1.3193113377381e+01
6.0777963874999e-02 1.3779572793303e+01
6.0787963874999e-02 1.4831210066156e+01
6.0797963874999e-02 1.5240287730199e+01
6.0807963874999e-02 1.5430406335707e+01
6.0817963874999e-02 1.5719753999275e+01
6.0827963874999e-02 1.6533261488329e+01
6.0837963874999e-02 1.5824828884640e+01
6.0847963874999e-02 1.5670931711807e+01
6.0857963874999e-02 1.5383075252714e+01
6.0867963874999e-02 1.4567680404341e+01
6.0877963874999e-02 1.4770370430993e+01
6.0887963874999e-02 1.3313757612537e+01
6.0897963874999e-02 1.3067544791843e+01
6.0907963874999e-02 1.2006670001986e+01
6.0917963874999e-02 1.1512191316630e+01
6.0927963874999e-02 9.7095414326293e+00
6.0937963874999e-02 8.7877833944992e+00
6.0947963874999e-02 7.8049684729273e+00
6.0957963874999e-02 6.8507620852288e+00
6.0967963874999e-02 5.5291869537093e+00
6.0977963874999e-02 5.3303322766131e+00
6.0987963874999e-02 3.2917108418972e+00
6.0997963874999e-02 3.8167658800244e+00
6.1007963874999e-02 3.0805060201690e+00
6.1017963874999e-02 2.0937344956495e+00
6.1027963874999e-02 1.2076319253061e+00
6.1037963874999e-02 1.6231869208356e-01
6.1047963874999e-02 3.7099941737560e-01
6.1057963874999e-02 3.5723313871692e-01
6.1067963874999e-02 -4.9300031707307e-02
6.1077963874999e-02 -7.9758816541384e-01
6.1087963874999e-02 -8.9698023581885e-01
6.1097963874999e-02 -1.1254275272894e+00
6.1107963874999e-02 -9.8496678625627e-01
6.1117963874999e-02 -4.1490309122911e-01
6.1127963874999e-02 4.7917303781648e-02
6.1137963874999e-02 2.6027118320512e-01
6.1147963874999e-02 7.7588406333981e-01
6.1157963874999e-02 9.8776423562232e-01
6.1167963874999e-02 1.2075828904368e+00
6.1177963874999e-02 1.3144885104382e+00
6.1187963874999e-02 1.5432053809143e+00
6.1197963874999e-02 1.2827619255896e+00
6.1207963874999e-02 1.1008638748431e+00
6.1217963874999e-02 9.0304689106307e-01
6.1227963874999e-02 2.8463703730961e-01
6.1237963874999e-02 -3.1741101137472e-01
6.1247963874999e-02 -6.4208528395965e-01
6.1257963874999e-02 -1.1461724839921e+00
6.1267963874999e-02 -1.6409223423784e+00
6.1277963874999e-02 -2.1161704837117e+00
6.1287963874999e-02 -2.3140416891021e+00
6.1297963874999e-02 -2.7391983027585e+00
6.1307963874999e-02 -2.9884595552429e+00
6.1317963874999e-02 -3.2499334815726e+00
6.1327963874999e-02 -3.5337617405116e+00
6.1337963874999e-02 -3.4183437032200e+00
6.1347963874999e-02 -3.3284480719555e+00
6.1357963874999e-02 -3.5762281867388e+00
6.1367963874999e-02 -3.5158839015683e+00
6.1377963874999e-02 -3.1353524737925e+00
6.1387963874999e-02 -3.2573794671874e+00
6.1397963874999e-02 -3.4807143427206e+00
6.1407963874999e-02 -3.8337363206597e+00
6.1417963874999e-02 -4.3000861253305e+00
6.1427963874999e-02 -4.6021111154575e+00
6.1437963874999e-02 -5.0872469823622e+00
6.1447963874999e-02 -5.2332427960842e+00
6.1457963874999e-02 -5.4293855457618e+00
6.1467963874999e-02 -6.2569211972123e+00
6.1477963874999e-02 -6.3238854620883e+00
6.1487963874999e-02 -6.2984848067837e+00
6.1497963874999e-02 -6.4569962601545e+00
6.1507963874999e-02 -6.2412131944957e+00
6.1517963874999e-02 -5.8670535678141e+00
6.1527963874999e-02 -5.8528533222094e+00
6.1537963874999e-02 -6.0304558358882e+00
6.1547963874999e-02 -5.7180604045323e+00
6.1557963874999e-02 -5.5279687827901e+00
6.1567963874999e-02 -6.2145586631636e+00
6.1577963874999e-02 -6.3102192238044e+00
6.1587963874999e-02 -6.6900101177717e+00
6.1597963874999e-02 -7.4012245348052e+00
6.1607963874999e-02 -7.9391126228865e+00
6.1617963874999e-02 -8.5725104223401e+00
6.1627963874999e-02 -8.7726748223483e+00
6.1637963874999e-02 -9.0974804204311e+00
6.1647963874999e-02 -9.7300070311547e+00
6.1657963874999e-02 -1.0265761122480e+01
6.1667963874999e-02 -1.0539921952333e+01
6.1677963874999e-02 -1.0356979204492e+01
6.1687963874999e-02 -1.0234882719527e+01
6.1697963874999e-02 -1.0706017205716e+01
6.1707963874999e-02 -1.1268891891096e+01
6.1717963874999e-02 -1.1804371005474e+01
6.1727963874999e-02 -1.1989219142290e+01
6.1737963874999e-02 -1.1494327633242e+01
6.1747963874999e-02 -1.1880484153077e+01
6.1757963874999e-02 -1.1638823334696e+01
6.1767963874999e-02 -1.1303511639861e+01
6.1777963874999e-02 -1.0868094729709e+01
6.1787963874999e-02 -1.0277897758982e+01
6.1797963874999e-02 -9.2032695238029e+00
6.1807963874999e-02 -8.9354797759927e+00
6.1817963874999e-02 -8.3122851438039e+00
6.1827963874999e-02 -7.9285857636768e+00
6.1837963874999e-02 -7.2822730504561e+00
6.1847963874999e-02 -6.3688007729106e+00
6.1857963874999e-02 -5.6435133492778e+00
6.1867963874999e-02 -5.0608985396129e+00
6.1877963874999e-02 -4.6462629166456e+00
6.1887963874999e-02 -3.7176627741733e+00
6.1897963874999e-02 -2.8765617755702e+00
6.1907963874999e-02 -2.5053855084555e+00
6.1917963874999e-02 -1.5952105364207e+00
6.1927963874999e-02 -5.0808327227590e-01
6.1937963874999e-02 2.3474830912453e-01
6.1947963874999e-02 1.2583913020451e+00
6.1957963874999e-02 2.1585936110279e+00
6.1967963874999e-02 2.7603267589190e+00
6.1977963874999e-02 3.6066763156160e+00
6.1987963874999e-02 4.3568260627299e+00
6.1997963874999e-02 4.6719768739598e+00